-1	-30	0	0.2	30	30	-19.6	0	-14.9
0	0	-14.86	0	0.08311386	0.1	153.6505	153.6357	0.1	89.74577	89.77428	0.1	-8.977325	-8.939273	0.1	-0.896103	0.4438462	-0.8959888	0.4440767	0.1	0.00443715	0.9999902	0.003939575	0.9999923	0.1	0.9877502	-0.1560436	0.9878536	-0.1553875	0.1	33.47864	33.45564	0.1	44.86045	44.7841	0.1	30.37215	30.39341	0.1
1	4.08407E-06	-14.76	0	-0.02831964	0.1	153.8062	153.798	0.1	89.74735	89.83678	0.1	-9.161393	-9.141512	0.1	-0.897306	0.4414089	-0.897243	0.4415371	0.1	0.004409493	0.9999903	0.002848578	0.9999959	0.1	0.9872438	-0.159216	0.987299	-0.1588734	0.1	33.43438	33.52862	0.1	44.76044	44.72223	0.1	30.38791	30.30375	0.1
2	1.003215E-05	-14.65999	0	0.08341245	0.1	153.9601	153.8394	0.1	89.74673	89.85608	0.1	-9.347503	-9.374493	0.1	-0.8984886	0.4389969	-0.8975621	0.4408879	0.1	0.004420341	0.9999902	0.002511813	0.9999968	0.1	0.9867214	-0.162422	0.9866447	-0.1628867	0.1	33.39036	33.19992	0.1	44.66044	44.44642	0.1	30.404	30.38497	0.1
3	1.587551E-05	-14.55999	0	0.06450196	0.1	154.1147	154.0603	0.1	89.74635	89.63605	0.1	-9.533185	-9.51556	0.1	-0.8996696	0.4365713	-0.8992552	0.4374244	0.1	0.004427017	0.9999902	0.00635198	0.9999799	0.1	0.9861898	-0.1656188	0.9862407	-0.1653154	0.1	33.34658	33.38901	0.1	44.56044	44.56185	0.1	30.4204	30.44917	0.1
4	2.293362E-05	-14.43999	0	-0.0284629	0.1	154.3002	154.2556	0.1	89.74535	89.69167	0.1	-9.756227	-9.709452	0.1	-0.9010782	0.4336565	-0.9007404	0.4343579	0.1	0.004444303	0.9999901	0.005381276	0.9999855	0.1	0.9855376	-0.1694566	0.9856756	-0.168652	0.1	33.29436	33.36853	0.1	44.44044	44.42558	0.1	30.4405	30.27806	0.1
5	2.886076E-05	-14.33999	0	-0.002908562	0.1	154.4558	154.4131	0.1	89.74514	89.88025	0.1	-9.941289	-10.10158	0.1	-0.9022527	0.4312076	-0.9019312	0.4318797	0.1	0.004448117	0.9999901	0.002090051	0.9999978	0.1	0.9849852	-0.172639	0.9844983	-0.1753938	0.1	33.25112	33.27959	0.1	44.34044	44.32923	0.1	30.45761	30.50987	0.1
6	3.5123E-05	-14.23998	0	0.1847353	0.1	154.6114	154.5497	0.1	89.74451	89.74269	0.1	-10.12652	-10.25443	0.1	-0.9034207	0.4287552	-0.9029583	0.4297283	0.1	0.004459084	0.99999	0.004490794	0.9999899	0.1	0.9844219	-0.1758224	0.9840269	-0.1780197	0.1	33.20812	33.37798	0.1	44.24043	44.27969	0.1	30.47503	30.43315	0.1
7	4.13643E-05	-14.13998	0	0.1186535	0.1	154.7676	154.6747	0.1	89.74405	89.8144	0.1	-10.31135	-10.3485	0.1	-0.9045863	0.4262906	-0.9038939	0.4277566	0.1	0.004467071	0.99999	0.003239344	0.9999948	0.1	0.9838496	-0.1789972	0.9837334	-0.179635	0.1	33.16537	33.10024	0.1	44.14044	44.13287	0.1	30.49277	30.39773	0.1
8	4.798259E-05	-14.03998	0	0.02718216	0.1	154.9245	154.8604	0.1	89.74389	89.83253	0.1	-10.49571	-10.58094	0.1	-0.9057502	0.423812	-0.9052753	0.4248254	0.1	0.004469932	0.99999	0.002922964	0.9999957	0.1	0.9832686	-0.1821619	0.9829965	-0.1836243	0.1	33.12286	33.07637	0.1	44.04043	44.07549	0.1	30.51083	30.37615	0.1
9	5.48941E-05	-13.93998	0	0.03756435	0.1	155.0814	154.9278	0.1	89.7433	89.71458	0.1	-10.68025	-10.65489	0.1	-0.9069072	0.4213305	-0.9057747	0.4237598	0.1	0.004480184	0.99999	0.004981334	0.9999876	0.1	0.9826767	-0.1853279	0.9827586	-0.184893	0.1	33.0806	33.24605	0.1	43.94043	43.81258	0.1	30.52921	30.44771	0.1
10	6.182655E-05	-13.83998	0	0.01736641	0.1	155.2385	155.2749	0.1	89.74254	89.74871	0.1	-10.86477	-10.98042	0.1	-0.9080589	0.4188426	-0.9083253	0.4182644	0.1	0.004493535	0.9999899	0.004385771	0.9999904	0.1	0.9820748	-0.1884916	0.9816923	-0.1904736	0.1	33.03859	33.16301	0.1	43.84043	43.82409	0.1	30.5479	30.61955	0.1
11	6.873805E-05	-13.73997	0	0.08119525	0.1	155.3965	155.2453	0.1	89.74231	89.65865	0.1	-11.04849	-11.06825	0.1	-0.9092107	0.4163363	-0.9081086	0.4187347	0.1	0.004497469	0.9999899	0.005957524	0.9999822	0.1	0.9814653	-0.1916397	0.9813992	-0.1919782	0.1	32.99683	32.96856	0.1	43.74043	43.86195	0.1	30.56691	30.48446	0.1
12	7.627789E-05	-13.63997	0	-0.01006461	0.1	155.5548	155.3648	0.1	89.74196	89.78146	0.1	-11.2321	-11.24604	0.1	-0.9103578	0.4138221	-0.90898	0.4168398	0.1	0.004503668	0.9999899	0.003814287	0.9999927	0.1	0.9808462	-0.194784	0.9807987	-0.1950226	0.1	32.95532	32.89844	0.1	43.64043	43.65795	0.1	30.58623	30.53893	0.1
13	8.411092E-05	-13.53997	0	-0.132328	0.1	155.7137	155.6938	0.1	89.74173	89.83667	0.1	-11.41535	-11.51265	0.1	-0.9115014	0.4112969	-0.9113587	0.4116131	0.1	0.004507602	0.9999899	0.002850604	0.9999959	0.1	0.9802182	-0.19792	0.9798806	-0.1995843	0.1	32.91407	32.86056	0.1	43.54043	43.42249	0.1	30.60587	30.81736	0.1
14	9.257228E-05	-13.43997	0	-0.01479383	0.1	155.8727	155.7409	0.1	89.74131	89.75429	0.1	-11.59857	-11.49488	0.1	-0.9126396	0.4087651	-0.911697	0.4108631	0.1	0.004514873	0.9999898	0.004288378	0.9999908	0.1	0.9795803	-0.2010534	0.9799425	-0.1992804	0.1	32.87306	32.97333	0.1	43.44043	43.2775	0.1	30.62581	30.59649	0.1
15	0.000103526	-13.31996	0	0.03101403	0.1	156.0644	156.1273	0.1	89.74114	89.78841	0.1	-11.81778	-11.89098	0.1	-0.9140024	0.4057089	-0.9144467	0.4047063	0.1	0.004517854	0.9999898	0.003692813	0.9999932	0.1	0.9788039	-0.2047999	0.9785414	-0.2060501	0.1	32.82419	32.68529	0.1	43.32042	43.1768	0.1	30.65017	30.75142	0.1
16	0.0001131602	-13.21996	0	-0.0232816	0.1	156.2242	156.3147	0.1	89.7406	89.74438	0.1	-12.00057	-12.08135	0.1	-0.9151302	0.4031584	-0.9157657	0.4017129	0.1	0.004527271	0.9999897	0.00446123	0.99999	0.1	0.9781455	-0.2079214	0.9778514	-0.2093003	0.1	32.78375	32.82934	0.1	43.22042	43.2604	0.1	30.6708	30.73378	0.1
17	0.0001232097	-13.11996	0	-0.02463869	0.1	156.3846	156.2619	0.1	89.74025	89.81905	0.1	-12.18292	-12.14971	0.1	-0.9162553	0.4005949	-0.9153952	0.4025563	0.1	0.00453347	0.9999897	0.003158163	0.999995	0.1	0.9774789	-0.2110334	0.977601	-0.2104668	0.1	32.74356	32.75371	0.1	43.12042	43.20277	0.1	30.69175	30.55376	0.1
18	0.0001337113	-13.01996	0	0.06496394	0.1	156.5455	156.5337	0.1	89.74001	89.78918	0.1	-12.36491	-12.2506	0.1	-0.9173765	0.3980206	-0.9172947	0.3982092	0.1	0.004537642	0.9999897	0.003679343	0.9999932	0.1	0.9768036	-0.2141372	0.9772289	-0.212188	0.1	32.70363	32.74054	0.1	43.02042	43.02032	0.1	30.71301	30.75615	0.1
19	0.0001445943	-12.91995	0	0.1936859	0.1	156.7065	156.7719	0.1	89.73945	89.72845	0.1	-12.54696	-12.51139	0.1	-0.9184912	0.3954414	-0.9189418	0.3943931	0.1	0.004547417	0.9999897	0.004739461	0.9999888	0.1	0.9761183	-0.2172398	0.976253	-0.2166336	0.1	32.66396	32.77203	0.1	42.92042	42.76491	0.1	30.73458	30.76054	0.1
20	0.0001556966	-12.81995	0	-2.506197E-06	0.1	156.8681	156.8985	0.1	89.73909	89.78293	0.1	-12.72855	-12.52162	0.1	-0.9196027	0.3928497	-0.9198111	0.3923614	0.1	0.004553735	0.9999896	0.003788538	0.9999928	0.1	0.9754249	-0.2203322	0.9762143	-0.2168079	0.1	32.62454	32.44866	0.1	42.82042	42.90648	0.1	30.75646	30.89838	0.1
21	0.0001670279	-12.71995	0	0.1260312	0.1	157.0297	157.017	0.1	89.73843	89.68461	0.1	-12.9102	-12.79039	0.1	-0.9207072	0.3902542	-0.9206204	0.3904588	0.1	0.004565299	0.9999896	0.005504536	0.9999849	0.1	0.9747214	-0.2234237	0.9751865	-0.2213849	0.1	32.58538	32.72744	0.1	42.72042	42.76818	0.1	30.77865	30.67851	0.1
22	0.0001784163	-12.61995	0	-0.1560567	0.1	157.1922	157.2656	0.1	89.7382	89.72664	0.1	-13.09112	-12.74736	0.1	-0.9218102	0.3876415	-0.9223062	0.3864599	0.1	0.004569232	0.9999896	0.004770932	0.9999886	0.1	0.9740111	-0.2265004	0.9753525	-0.2206525	0.1	32.54649	32.4538	0.1	42.62042	42.56487	0.1	30.80114	30.75047	0.1
23	0.000190234	-12.51995	0	0.1498924	0.1	157.3547	157.4671	0.1	89.73763	89.72368	0.1	-13.27215	-13.29826	0.1	-0.922906	0.3850253	-0.92366	0.383213	0.1	0.004579127	0.9999895	0.004822669	0.9999884	0.1	0.9732906	-0.2295767	0.9731858	-0.2300202	0.1	32.50785	32.57735	0.1	42.52041	42.5661	0.1	30.82395	30.99106	0.1
24	0.0002020707	-12.41994	0	0.04106686	0.1	157.5177	157.4565	0.1	89.73712	89.8948	0.1	-13.45282	-13.39688	0.1	-0.9239975	0.3823987	-0.9235886	0.3833849	0.1	0.004588068	0.9999894	0.001836017	0.9999983	0.1	0.9725618	-0.2326445	0.9727885	-0.231695	0.1	32.46948	32.47603	0.1	42.42041	42.36801	0.1	30.84706	30.83504	0.1
25	0.0002144128	-12.31994	0	0.1509092	0.1	157.681	157.574	0.1	89.73664	89.81595	0.1	-13.63319	-13.55941	0.1	-0.9250842	0.3797621	-0.9243728	0.3814904	0.1	0.004596412	0.9999894	0.003212284	0.9999948	0.1	0.9718246	-0.235705	0.9721273	-0.2344535	0.1	32.43137	32.46532	0.1	42.32041	42.37898	0.1	30.87048	30.70978	0.1
26	0.0002295552	-12.19994	0	-0.06040334	0.1	157.8779	157.9592	0.1	89.73631	89.51678	0.1	-13.84903	-13.75269	0.1	-0.9263831	0.3765823	-0.9269171	0.3752663	0.1	0.004602253	0.9999894	0.008433556	0.9999644	0.1	0.9709298	-0.2393644	0.9713309	-0.2377315	0.1	32.38599	32.27072	0.1	42.20041	42.31215	0.1	30.89898	30.82692	0.1
27	0.000242565	-12.09994	0	-0.02802522	0.1	158.0418	158.0527	0.1	89.73551	89.77453	0.1	-14.02909	-13.97075	0.1	-0.9274568	0.3739304	-0.9275281	0.3737535	0.1	0.004616081	0.9999893	0.003935164	0.9999923	0.1	0.9701728	-0.2424145	0.9704191	-0.2414265	0.1	32.34846	32.20472	0.1	42.10041	42.08607	0.1	30.92307	30.84744	0.1
28	0.0002555365	-11.99993	0	0.03864301	0.1	158.2065	158.3379	0.1	89.73513	89.79352	0.1	-14.20848	-14.08831	0.1	-0.9285278	0.371263	-0.9293772	0.3691315	0.1	0.004622757	0.9999893	0.003603765	0.9999935	0.1	0.969409	-0.2454508	0.9699217	-0.2434172	0.1	32.3112	32.30825	0.1	42.00041	41.99599	0.1	30.94747	30.98308	0.1
29	0.0002687751	-11.89993	0	-0.07706999	0.1	158.3714	158.381	0.1	89.73455	89.71101	0.1	-14.38776	-14.28243	0.1	-0.9295925	0.3685887	-0.9296543	0.3684329	0.1	0.00463289	0.9999893	0.005043799	0.9999873	0.1	0.9686363	-0.248483	0.9690914	-0.2467019	0.1	32.27421	32.24412	0.1	41.90041	42.09978	0.1	30.97216	30.93639	0.1
30	0.0002823379	-11.79993	0	0.08706514	0.1	158.5368	158.5711	0.1	89.73416	89.81799	0.1	-14.56655	-14.39436	0.1	-0.9306532	0.3659026	-0.9308716	0.3653465	0.1	0.004639684	0.9999892	0.003176521	0.9999949	0.1	0.9678562	-0.2515044	0.9686077	-0.2485945	0.1	32.23748	32.37046	0.1	41.8004	41.78186	0.1	30.99716	30.88972	0.1
31	0.0002961392	-11.69993	0	-0.1029316	0.1	158.7025	158.9146	0.1	89.73358	89.83226	0.1	-14.74526	-14.63594	0.1	-0.9317072	0.3632103	-0.933045	0.3597596	0.1	0.004649817	0.9999892	0.002927613	0.9999957	0.1	0.967067	-0.2545219	0.9675509	-0.2526763	0.1	32.20103	32.16529	0.1	41.70041	41.62137	0.1	31.02247	31.0491	0.1
32	0.0003102838	-11.59992	0	0.08589815	0.1	158.8687	158.9265	0.1	89.73318	89.76136	0.1	-14.92349	-14.85501	0.1	-0.9327568	0.3605062	-0.9331201	0.3595647	0.1	0.004656731	0.9999892	0.004164997	0.9999913	0.1	0.9662706	-0.2575291	0.9665776	-0.2563739	0.1	32.16484	32.09037	0.1	41.6004	41.53587	0.1	31.04807	30.85172	0.1
33	0.0003244665	-11.49992	0	-0.02276473	0.1	159.035	159.0746	0.1	89.73248	89.84177	0.1	-15.1017	-15.06182	0.1	-0.9337993	0.3577972	-0.9340463	0.3571519	0.1	0.00466901	0.9999891	0.002761555	0.9999962	0.1	0.9654649	-0.2605332	0.965646	-0.2598611	0.1	32.12892	32.10456	0.1	41.5004	41.41676	0.1	31.07397	31.06989	0.1
34	0.0003388686	-11.39992	0	0.05493009	0.1	159.2021	159.1188	0.1	89.73219	89.7471	0.1	-15.27923	-15.35512	0.1	-0.9348387	0.3550728	-0.9343213	0.356432	0.1	0.004674016	0.9999891	0.004413904	0.9999903	0.1	0.964653	-0.2635234	0.9643031	-0.2648009	0.1	32.09328	32.04432	0.1	41.4004	41.40916	0.1	31.10018	31.16745	0.1
35	0.0003538047	-11.29992	0	-0.1279286	0.1	159.3692	159.3554	0.1	89.7316	89.54932	0.1	-15.45674	-15.56571	0.1	-0.9358703	0.3523448	-0.9357854	0.3525701	0.1	0.004684387	0.999989	0.007865662	0.9999691	0.1	0.963832	-0.2665107	0.9633234	-0.2683433	0.1	32.05791	32.03727	0.1	41.3004	41.26714	0.1	31.12668	31.02501	0.1
36	0.0003687503	-11.19991	0	0.1292396	0.1	159.5368	159.4518	0.1	89.73109	89.83923	0.1	-15.63388	-15.49338	0.1	-0.936897	0.3496055	-0.9363769	0.350996	0.1	0.004693328	0.999989	0.002805901	0.9999961	0.1	0.9630034	-0.2694892	0.9636613	-0.267127	0.1	32.02281	31.91208	0.1	41.2004	41.18069	0.1	31.15348	31.15697	0.1
37	0.0003842396	-11.09991	0	0.08803841	0.1	159.705	159.8599	0.1	89.73081	89.71015	0.1	-15.81045	-15.73107	0.1	-0.9379192	0.3468538	-0.9388534	0.3443172	0.1	0.004698096	0.999989	0.0050587	0.9999872	0.1	0.9621683	-0.2724557	0.9625449	-0.2711225	0.1	31.98798	32.00223	0.1	41.1004	41.14635	0.1	31.18058	31.32386	0.1
38	0.0004031872	-10.97991	0	-0.01883086	0.1	159.9068	159.8697	0.1	89.72997	89.65331	0.1	-16.02245	-16.15102	0.1	-0.9391351	0.3435479	-0.9389122	0.3441569	0.1	0.004712759	0.9999889	0.006050864	0.9999817	0.1	0.9611536	-0.276014	0.9605318	-0.2781701	0.1	31.94656	31.86315	0.1	40.9804	41.24541	0.1	31.21349	31.15496	0.1
39	0.000419077	-10.87991	0	-0.1962005	0.1	160.0756	160.0805	0.1	89.72945	89.7769	0.1	-16.19859	-16.24343	0.1	-0.9401429	0.3407805	-0.9401724	0.3406989	0.1	0.004721938	0.9999889	0.003893799	0.9999924	0.1	0.9603006	-0.2789674	0.9600819	-0.279719	0.1	31.91234	32.15504	0.1	40.88039	40.75332	0.1	31.24124	31.20161	0.1
40	0.0004353005	-10.77991	0	-0.1015424	0.1	160.2448	160.2601	0.1	89.72906	89.67519	0.1	-16.37429	-16.28395	0.1	-0.9411454	0.3380018	-0.9412356	0.3377508	0.1	0.004728733	0.9999888	0.005668805	0.9999839	0.1	0.9594406	-0.2819109	0.9598839	-0.2803978	0.1	31.8784	31.60741	0.1	40.7804	40.72676	0.1	31.26928	31.23649	0.1
41	0.0004517721	-10.6799	0	-0.1643389	0.1	160.4142	160.1823	0.1	89.72845	89.79958	0.1	-16.54988	-16.65583	0.1	-0.9421406	0.335218	-0.9407763	0.3390278	0.1	0.004739461	0.9999888	0.003497907	0.9999939	0.1	0.9585721	-0.28485	0.9580438	-0.286622	0.1	31.84474	31.9099	0.1	40.68039	40.54457	0.1	31.29762	31.4393	0.1
42	0.0004685392	-10.5799	0	-0.06381909	0.1	160.5841	160.5849	0.1	89.72803	89.73624	0.1	-16.72496	-16.65449	0.1	-0.9431307	0.3324222	-0.9431351	0.3324096	0.1	0.004746733	0.9999887	0.004603445	0.9999894	0.1	0.9576972	-0.2877778	0.9580504	-0.2865996	0.1	31.81136	31.92124	0.1	40.58039	40.42009	0.1	31.32625	31.38936	0.1
43	0.0004856784	-10.4799	0	0.08784749	0.1	160.7543	160.8274	0.1	89.7274	89.66932	0.1	-16.89991	-17.03281	0.1	-0.9441136	0.3296203	-0.9445336	0.3284147	0.1	0.0047577	0.9999887	0.005771442	0.9999834	0.1	0.9568141	-0.2907006	0.9561372	-0.2929193	0.1	31.77825	31.67546	0.1	40.48039	40.29317	0.1	31.35518	31.3392	0.1
44	0.0005030273	-10.3799	0	0.06316414	0.1	160.9249	161.0795	0.1	89.72698	89.81456	0.1	-17.07435	-17.11449	0.1	-0.945091	0.3268072	-0.9459697	0.3242551	0.1	0.004764972	0.9999887	0.003236483	0.9999948	0.1	0.9559246	-0.2936124	0.9557186	-0.2942821	0.1	31.74543	31.75066	0.1	40.38039	40.33408	0.1	31.38439	31.33039	0.1
45	0.0005206338	-10.27989	0	0.05976954	0.1	161.0957	161.0991	0.1	89.72635	89.72559	0.1	-17.24865	-17.32092	0.1	-0.9460612	0.3239881	-0.9460804	0.3239319	0.1	0.004776058	0.9999886	0.00478941	0.9999886	0.1	0.9550269	-0.2965191	0.9546522	-0.2977234	0.1	31.71289	31.66985	0.1	40.28038	40.35511	0.1	31.4139	31.35507	0.1
46	0.0005383737	-10.17989	0	0.0340683	0.1	161.2671	161.1552	0.1	89.72592	89.88121	0.1	-17.42243	-17.2078	0.1	-0.9470258	0.3211574	-0.9463968	0.3230063	0.1	0.004783449	0.9999886	0.002073243	0.9999979	0.1	0.9541232	-0.2994143	0.9552381	-0.295838	0.1	31.68063	31.64991	0.1	40.18039	40.06808	0.1	31.4437	31.59538	0.1
47	0.0005563711	-10.07989	0	0.05094159	0.1	161.4384	161.4413	0.1	89.72518	89.65144	0.1	-17.59619	-17.55131	0.1	-0.9479823	0.3183233	-0.9479984	0.3182751	0.1	0.004796443	0.9999885	0.006083407	0.9999815	0.1	0.9532108	-0.3023065	0.9534473	-0.3015597	0.1	31.64866	31.53342	0.1	40.08038	39.95578	0.1	31.47378	31.41332	0.1
48	0.0005744258	-9.979887	0	0.01639578	0.1	161.6105	161.6451	0.1	89.72474	89.61248	0.1	-17.76929	-17.95115	0.1	-0.9489339	0.3154749	-0.9491241	0.3149022	0.1	0.004804191	0.9999884	0.006763363	0.9999771	0.1	0.9522931	-0.305185	0.9513196	-0.308206	0.1	31.61697	31.60669	0.1	39.98038	40.03404	0.1	31.50416	31.59127	0.1
49	0.0005926235	-9.879885	0	0.09101307	0.1	161.7824	161.697	0.1	89.72386	89.72037	0.1	-17.94251	-17.94044	0.1	-0.9498763	0.312626	-0.9494089	0.3140424	0.1	0.00481945	0.9999884	0.004880485	0.9999881	0.1	0.9513661	-0.3080625	0.9513772	-0.3080282	0.1	31.58556	31.54813	0.1	39.88038	39.81684	0.1	31.53482	31.361	0.1
50	0.0006146515	-9.759882	0	-0.07496879	0.1	161.9899	162.0826	0.1	89.72346	89.61773	0.1	-18.14926	-18.21959	0.1	-0.9510019	0.3091848	-0.9515008	0.3076462	0.1	0.004826364	0.9999884	0.006671812	0.9999778	0.1	0.9502483	-0.3114935	0.9498652	-0.3126597	0.1	31.54825	31.34065	0.1	39.76038	39.82603	0.1	31.572	31.51855	0.1
51	0.0006334786	-9.65988	0	0.09211113	0.1	162.1628	162.1521	0.1	89.72282	89.64552	0.1	-18.32147	-18.20962	0.1	-0.9519309	0.3063127	-0.9518736	0.3064909	0.1	0.00483757	0.9999883	0.00618676	0.9999809	0.1	0.9493077	-0.3143483	0.9499196	-0.3124945	0.1	31.51748	31.59944	0.1	39.66038	39.69704	0.1	31.60329	31.44912	0.1
52	0.0006532593	-9.559877	0	0.09868684	0.1	162.3396	162.3375	0.1	89.72567	89.86148	0.1	-18.48988	-18.58318	0.1	-0.9528715	0.3033742	-0.9528605	0.3034087	0.1	0.00478786	0.9999886	0.002417518	0.9999971	0.1	0.9483797	-0.3171372	0.947862	-0.3186811	0.1	31.48699	31.34095	0.1	39.56038	39.5593	0.1	31.63487	31.53337	0.1
53	0.0006917512	-9.459875	0.03956468	0.003383978	0.1	162.5391	162.5837	0.1	89.75092	89.67021	0.1	-18.63556	-18.55854	0.1	-0.953922	0.3000546	-0.9541553	0.2993119	0.1	0.004347148	0.9999905	0.005755826	0.9999834	0.1	0.9475703	-0.3195475	0.9479989	-0.3182735	0.1	31.45681	31.35029	0.1	39.46038	39.46228	0.1	31.66671	31.66499	0.1
54	0.0008039907	-9.359874	0.1101434	0.07825851	0.1	162.7842	162.6746	0.1	89.8215	90.03716	0.1	-18.73571	-18.74205	0.1	-0.9551967	0.2959717	-0.9546289	0.2977979	0.1	0.003115486	0.9999952	-0.0006485422	0.9999998	0.1	0.9470103	-0.3212033	0.9469747	-0.3213081	0.1	31.42699	31.45447	0.1	39.36038	39.39168	0.1	31.69877	31.74282	0.1
55	0.001083743	-9.259876	0.2462884	0.1899947	0.1	163.0935	163.1553	0.1	89.95615	89.7889	0.1	-18.77176	-18.82979	0.1	-0.9567808	0.2908101	-0.9570939	0.2897779	0.1	0.0007651607	0.9999997	0.003684349	0.9999932	0.1	0.946808	-0.3217991	0.9464815	-0.3227579	0.1	31.39762	31.38448	0.1	39.26038	39.20133	0.1	31.73095	31.78214	0.1
56	0.001638942	-9.159879	0.4334104	0.3033978	0.1	163.4556	163.4875	0.1	90.14346	90.18874	0.1	-18.7554	-18.89784	0.1	-0.9585993	0.2847584	-0.9587578	0.2842242	0.1	-0.002503794	0.9999968	-0.003294148	0.9999946	0.1	0.9468998	-0.3215288	0.9460976	-0.3238817	0.1	31.3688	31.4286	0.1	39.16038	39.03545	0.1	31.76315	31.84237	0.1
57	0.002545589	-9.059882	0.652221	0.7537405	0.1	163.8496	163.7216	0.1	90.36269	90.2272	0.1	-18.70747	-18.76351	0.1	-0.9605348	0.2781597	-0.9599112	0.2803041	0.1	-0.006330253	0.99998	-0.003965531	0.9999921	0.1	0.9471685	-0.3207365	0.9468543	-0.3216627	0.1	31.34062	31.3741	0.1	39.06038	39.26242	0.1	31.7953	31.85894	0.1
58	0.003842226	-8.95989	0.8746923	0.926918	0.1	164.2478	164.341	0.1	90.58624	90.59509	0.1	-18.65568	-18.63362	0.1	-0.9624449	0.2714772	-0.9628852	0.2699112	0.1	-0.01023172	0.9999477	-0.01038609	0.9999461	0.1	0.947458	-0.3198801	0.9475811	-0.3195154	0.1	31.3131	31.46887	0.1	38.96038	38.96931	0.1	31.82737	31.65877	0.1
59	0.005507484	-8.859904	1.066795	1.123374	0.1	164.6161	164.5063	0.1	90.78	90.86919	0.1	-18.63411	-18.91682	0.1	-0.9641702	0.2652843	-0.96366	0.2671318	0.1	-0.0136132	0.9999073	-0.01516968	0.999885	0.1	0.9475784	-0.3195235	0.9459902	-0.3241952	0.1	31.28623	31.2169	0.1	38.86039	38.89462	0.1	31.85937	31.88246	0.1
60	0.007484438	-8.759924	1.225092	1.129841	0.1	164.9513	164.929	0.1	90.94053	90.94207	0.1	-18.64606	-18.46133	0.1	-0.9657055	0.25964	-0.9656045	0.2600151	0.1	-0.01641466	0.9998653	-0.01644148	0.9998648	0.1	0.9475117	-0.3197212	0.9485376	-0.3166645	0.1	31.25996	31.26184	0.1	38.7604	38.64069	0.1	31.89135	31.98318	0.1
61	0.009714593	-8.659948	1.351471	1.336205	0.1	165.2549	165.212	0.1	91.06949	90.83406	0.1	-18.68979	-18.62415	0.1	-0.9670675	0.25452	-0.966877	0.2552427	0.1	-0.01866511	0.9998258	-0.01455665	0.999894	0.1	0.9472674	-0.3204442	0.9476339	-0.3193587	0.1	31.23424	31.14793	0.1	38.66042	38.596	0.1	31.92338	31.89755	0.1
62	0.01215739	-8.559978	1.475782	1.514284	0.1	165.5567	165.6853	0.1	91.19666	91.13805	0.1	-18.7354	-18.72029	0.1	-0.9683951	0.2494214	-0.9689524	0.2472475	0.1	-0.02088423	0.9997819	-0.01986139	0.9998028	0.1	0.947012	-0.3211982	0.9470966	-0.3209484	0.1	31.20902	31.20589	0.1	38.56044	38.75103	0.1	31.95548	31.98914	0.1
63	0.01540267	-8.440022	1.664834	1.664172	0.1	165.9594	166.0822	0.1	91.38972	91.46767	0.1	-18.74992	-19.01269	0.1	-0.9701242	0.2426089	-0.9706419	0.2405294	0.1	-0.02425294	0.9997059	-0.02561282	0.9996719	0.1	0.9469306	-0.3214381	0.9454464	-0.3257775	0.1	31.17945	31.10152	0.1	38.44046	38.27578	0.1	31.99408	32.03778	0.1
64	0.01844981	-8.340069	1.881384	1.830938	0.1	166.3545	166.3094	0.1	91.61012	91.76249	0.1	-18.70284	-18.57364	0.1	-0.9717739	0.2359143	-0.9715882	0.2366779	0.1	-0.02809827	0.9996052	-0.03075643	0.9995269	0.1	0.9471944	-0.3206599	0.9479151	-0.3185232	0.1	31.15548	31.0297	0.1	38.3405	38.23169	0.1	32.02623	32.11906	0.1
65	0.02192383	-8.240129	2.170154	2.30846	0.1	166.8221	166.8416	0.1	91.90334	91.9915	0.1	-18.58352	-18.56098	0.1	-0.973667	0.2279751	-0.9737445	0.2276439	0.1	-0.03321351	0.9994483	-0.03475126	0.999396	0.1	0.9478601	-0.3186867	0.9479854	-0.3183138	0.1	31.13223	31.07889	0.1	38.24054	38.2856	0.1	32.05825	32.07663	0.1
66	0.02595426	-8.140211	2.534432	2.467515	0.1	167.3659	167.2017	0.1	92.27303	92.34042	0.1	-18.38856	-18.50258	0.1	-0.9757866	0.2187247	-0.975156	0.2215192	0.1	-0.03966142	0.9992132	-0.04083682	0.9991658	0.1	0.948939	-0.3154595	0.9483094	-0.3173474	0.1	31.10982	31.02381	0.1	38.14061	38.10968	0.1	32.09003	32.10264	0.1
67	0.03067114	-8.040322	2.972165	2.943393	0.1	167.9835	167.8228	0.1	92.71712	92.798	0.1	-18.1203	-18.07988	0.1	-0.9780878	0.2081929	-0.9774998	0.2109365	0.1	-0.04740504	0.9988757	-0.04881484	0.9988078	0.1	0.9504056	-0.3110132	0.9506248	-0.3103426	0.1	31.08839	31.10872	0.1	38.0407	38.05834	0.1	32.12144	32.09272	0.1
68	0.03620273	-7.940476	3.484195	3.550571	0.1	168.6761	168.638	0.1	93.23685	93.18784	0.1	-17.77781	-17.82119	0.1	-0.9805327	0.1963559	-0.9804021	0.1970067	0.1	-0.05646364	0.9984047	-0.05560954	0.9984526	0.1	0.9522477	-0.3053265	0.9520163	-0.3060474	0.1	31.06807	31.11359	0.1	37.94083	37.92737	0.1	32.15235	32.23833	0.1
69	0.04267826	-7.840686	4.0703	4.045424	0.1	169.4432	169.5172	0.1	93.83208	93.83946	0.1	-17.36149	-17.27993	0.1	-0.9830738	0.1832102	-0.9833094	0.1819411	0.1	-0.06683268	0.9977642	-0.06696114	0.9977556	0.1	0.9544411	-0.2983993	0.9548649	-0.2970404	0.1	31.04898	31.13131	0.1	37.84101	37.69036	0.1	32.18264	32.09948	0.1
70	0.05022541	-7.740972	4.730275	4.838637	0.1	170.2849	170.1777	0.1	94.5029	94.71489	0.1	-16.8715	-16.73282	0.1	-0.9856591	0.168749	-0.9853414	0.1705937	0.1	-0.07850956	0.9969134	-0.08219749	0.9966161	0.1	0.9569581	-0.2902263	0.9576578	-0.2879091	0.1	31.03125	30.98206	0.1	37.74127	37.7721	0.1	32.2122	32.15477	0.1
71	0.05897168	-7.641356	5.463537	5.318775	0.1	171.2004	171.1221	0.1	95.24887	95.34302	0.1	-16.30855	-16.18658	0.1	-0.9882295	0.152979	-0.9880193	0.15433	0.1	-0.09148204	0.9958068	-0.0931182	0.9956551	0.1	0.9597634	-0.2808099	0.960359	-0.2787662	0.1	31.01503	31.02538	0.1	37.64162	37.51778	0.1	32.24088	32.1148	0.1
72	0.06904291	-7.541865	6.270198	6.250001	0.1	172.1898	172.1425	0.1	96.07035	96.10699	0.1	-15.67256	-15.74044	0.1	-0.9907238	0.1358909	-0.9906111	0.1367098	0.1	-0.1057496	0.9943928	-0.1063855	0.994325	0.1	0.9628212	-0.2701393	0.9625005	-0.2712799	0.1	31.00044	31.062	0.1	37.5421	37.46197	0.1	32.26857	32.3689	0.1
73	0.08056535	-7.442533	7.150858	7.150318	0.1	173.2539	173.1205	0.1	96.96811	97.09151	0.1	-14.96301	-14.84164	0.1	-0.9930764	0.1174701	-0.9928002	0.1197818	0.1	-0.121317	0.9926138	-0.1234544	0.9923502	0.1	0.9660927	-0.2581955	0.9666375	-0.2561483	0.1	30.9876	31.0694	0.1	37.44272	37.45644	0.1	32.29515	32.32569	0.1
74	0.09375057	-7.342745	8.101884	8.012165	0.1	174.3899	174.2914	0.1	97.93887	97.76633	0.1	-14.18468	-14.13663	0.1	-0.9952102	0.09775846	-0.9950407	0.09946932	0.1	-0.1381164	0.990416	-0.1351333	0.9908274	0.1	0.9695109	-0.2450481	0.9697161	-0.244235	0.1	30.9766	30.97724	0.1	37.3429	37.44283	0.1	32.32064	32.42942	0.1
75	0.1095691	-7.237162	9.156095	9.225869	0.1	175.6408	175.7283	0.1	99.01697	98.96298	0.1	-13.31414	-13.34322	0.1	-0.9971071	0.07600924	-0.9972221	0.07448579	0.1	-0.156727	0.9876419	-0.1557964	0.9877892	0.1	0.9731221	-0.2302899	0.9730051	-0.2307837	0.1	30.96712	30.95275	0.1	37.23727	37.26524	0.1	32.34621	32.33726	0.1
76	0.1344737	-7.092542	10.63256	10.65221	0.1	177.3883	177.3202	0.1	100.5314	100.52	0.1	-12.091	-11.9503	0.1	-0.9989613	0.04556738	-0.9989064	0.04675486	0.1	-0.1827737	0.983155	-0.1825795	0.9831911	0.1	0.9778162	-0.2094649	0.9783276	-0.2070632	0.1	30.95789	30.90582	0.1	37.0926	36.9959	0.1	32.37879	32.52965	0.1
77	0.1628688	-6.949269	12.06808	12.15393	0.1	179.0939	179.0941	0.1	102.0105	102.2187	0.1	-10.90849	-10.86099	0.1	-0.9998749	0.0158138	-0.999875	0.01581046	0.1	-0.2080911	0.9781095	-0.2116434	0.977347	0.1	0.9819307	-0.189241	0.9820873	-0.1884268	0.1	30.95304	31.08455	0.1	36.94929	36.71884	0.1	32.40826	32.47584	0.1
78	0.2005628	-6.782328	13.69655	13.77807	0.1	-178.9607	-178.8137	0.1	103.6974	103.6909	0.1	-9.57756	-9.623437	0.1	-0.9998355	-0.01813804	-0.9997857	-0.02070318	0.1	-0.2367945	0.9715598	-0.2366845	0.9715866	0.1	0.9860613	-0.1663826	0.9859278	-0.1671721	0.1	30.95277	31.03887	0.1	36.78233	36.69891	0.1	32.43916	32.57066	0.1
79	0.2494312	-6.592317	15.50091	15.59446	0.1	-176.7935	-176.7979	0.1	105.5783	105.6001	0.1	-8.115201	-8.17866	0.1	-0.9984344	-0.0559347	-0.9984387	-0.05585781	0.1	-0.2685553	0.9632643	-0.2689223	0.9631619	0.1	0.9899862	-0.1411639	0.9898293	-0.1422603	0.1	30.95944	30.96291	0.1	36.59235	36.61617	0.1	32.46992	32.57765	0.1
80	0.3114707	-6.38004	17.46301	17.62361	0.1	-174.4232	-174.5187	0.1	107.6386	107.7327	0.1	-6.53987	-6.53339	0.1	-0.9952669	-0.09717902	-0.9954274	-0.09552094	0.1	-0.3030115	0.9529869	-0.3045774	0.9524876	0.1	0.9934928	-0.1138946	0.9935057	-0.1137822	0.1	30.97564	30.91405	0.1	36.38021	36.29917	0.1	32.49886	32.41265	0.1
81	0.3887936	-6.146391	19.56791	19.58389	0.1	-171.8664	-171.9319	0.1	109.8672	109.9792	0.1	-4.86635	-4.856399	0.1	-0.9899409	-0.1414816	-0.9901019	-0.14035	0.1	-0.3398406	0.940483	-0.3416788	0.9398168	0.1	0.9963953	-0.08483175	0.99641	-0.0846587	0.1	31.00414	30.98226	0.1	36.14688	36.11541	0.1	32.52419	32.555	0.1
82	0.4834021	-5.892887	21.79506	21.8927	0.1	-169.1461	-169.2671	0.1	112.2475	112.3554	0.1	-3.11439	-3.294748	0.1	-0.9821105	-0.1883054	-0.9825062	-0.1862301	0.1	-0.3786077	0.9255573	-0.3803509	0.9248423	0.1	0.9985231	-0.0543296	0.9983471	-0.05747251	0.1	31.04777	31.0863	0.1	35.894	35.87872	0.1	32.54404	32.66676	0.1
83	0.5952774	-5.625696	24.08813	23.96259	0.1	-166.3307	-166.3324	0.1	114.7238	114.6089	0.1	-1.330457	-1.507214	0.1	-0.971676	-0.2363172	-0.971683	-0.2362882	0.1	-0.4182449	0.9083343	-0.4164215	0.9091717	0.1	0.9997304	-0.02321877	0.999654	-0.02630281	0.1	31.10819	31.13423	0.1	35.62789	35.69172	0.1	32.5564	32.46046	0.1
84	0.7227054	-5.352567	26.37673	26.39052	0.1	-163.5063	-163.4805	0.1	117.2238	117.3916	0.1	0.4270431	0.4072975	0.1	-0.9588507	-0.2839106	-0.9587229	-0.284342	0.1	-0.4574676	0.8892263	-0.4600704	0.8878825	0.1	0.9999722	0.007453239	0.9999747	0.007108622	0.1	31.18549	31.2092	0.1	35.35643	35.26667	0.1	32.55993	32.73601	0.1
85	0.8627618	-5.080898	28.59715	28.48573	0.1	-160.7515	-160.7488	0.1	119.6795	119.6368	0.1	2.109978	2.005167	0.1	-0.9440979	-0.3296651	-0.944082	-0.3297108	0.1	-0.4951475	0.8688089	-0.4945	0.8691776	0.1	0.999322	0.03681774	0.9993877	0.03498961	0.1	31.2782	31.22769	0.1	35.08716	35.13463	0.1	32.55431	32.65733	0.1
86	1.013153	-4.814578	30.71715	30.61626	0.1	-158.1072	-158.2162	0.1	122.0552	121.9606	0.1	3.692153	3.615674	0.1	-0.927883	-0.3728714	-0.9285911	-0.3711045	0.1	-0.5307354	0.8475376	-0.5293353	0.8484127	0.1	0.9979244	0.06439564	0.9980095	0.06306354	0.1	31.38464	31.32235	0.1	34.82407	34.91518	0.1	32.53991	32.41426	0.1
87	1.173107	-4.553886	32.73495	32.71243	0.1	-155.5762	-155.3421	0.1	124.3481	124.1918	0.1	5.172749	5.091694	0.1	-0.9105123	-0.413482	-0.9088147	-0.4171999	0.1	-0.5642196	0.8256248	-0.5619658	0.8271605	0.1	0.9959274	0.0901589	0.9960539	0.08874991	0.1	31.50397	31.43732	0.1	34.56758	34.68893	0.1	32.51731	32.42187	0.1
88	1.341963	-4.298869	34.65239	34.64162	0.1	-153.1576	-153.1573	0.1	126.5593	126.599	0.1	6.553679	6.600828	0.1	-0.8922518	-0.4515381	-0.8922495	-0.4515427	0.1	-0.5956547	0.8032406	-0.5962115	0.8028274	0.1	0.9934654	0.114134	0.9933711	0.1149515	0.1	31.63541	31.7024	0.1	34.31787	34.23598	0.1	32.48704	32.52099	0.1
89	1.555441	-4.000323	36.81848	36.785	0.1	-150.4064	-150.397	0.1	129.1014	129.0685	0.1	8.077058	8.112953	0.1	-0.8695505	-0.493844	-0.8694693	-0.4939871	0.1	-0.6306947	0.7760311	-0.6302491	0.776393	0.1	0.99008	0.1405048	0.9899918	0.1411251	0.1	31.80799	31.77485	0.1	34.02733	34.15041	0.1	32.44138	32.30103	0.1
90	1.74165	-3.757683	38.51054	38.57974	0.1	-148.2409	-148.3289	0.1	131.1253	131.1457	0.1	9.234504	9.260604	0.1	-0.8502687	-0.5263488	-0.8510756	-0.5250431	0.1	-0.6577083	0.7532727	-0.657976	0.7530388	0.1	0.9870398	0.1604756	0.9869666	0.1609252	0.1	31.9633	31.75527	0.1	33.79287	33.62405	0.1	32.39619	32.40787	0.1
91	1.934778	-3.520512	40.11492	40.04251	0.1	-146.176	-146.1492	0.1	133.0775	133.1361	0.1	10.30511	10.19268	0.1	-0.8307513	-0.5566437	-0.8304912	-0.5570317	0.1	-0.6829871	0.7304305	-0.6837333	0.729732	0.1	0.9838691	0.17889	0.9842182	0.1769589	0.1	32.12824	32.25394	0.1	33.56537	33.62669	0.1	32.34512	32.38713	0.1
92	2.134405	-3.288784	41.67284	41.54671	0.1	-144.1707	-144.1435	0.1	134.9985	135.0126	0.1	11.33011	11.38883	0.1	-0.810765	-0.5853717	-0.8104865	-0.5857573	0.1	-0.7070888	0.7071248	-0.7072627	0.7069508	0.1	0.9805115	0.1964615	0.9803097	0.1974662	0.1	32.30226	32.3618	0.1	33.34494	33.46424	0.1	32.2885	32.2048	0.1
93	2.340111	-3.062433	43.12302	43.0499	0.1	-142.2865	-142.3889	0.1	136.8266	136.7594	0.1	12.24823	12.37866	0.1	-0.791079	-0.611714	-0.7921717	-0.6102983	0.1	-0.729286	0.684209	-0.7284829	0.685064	0.1	0.9772376	0.2121476	0.9767522	0.2143716	0.1	32.48479	32.39649	0.1	33.13163	33.10297	0.1	32.22671	32.21625	0.1
94	2.551232	-2.841123	44.39906	44.3124	0.1	-140.5892	-140.7314	0.1	138.4941	138.5999	0.1	12.99285	12.90362	0.1	-0.7726136	-0.6348765	-0.7741868	-0.6329572	0.1	-0.7488877	0.6626969	-0.7501103	0.6613128	0.1	0.9743981	0.2248294	0.9747471	0.2233117	0.1	32.67498	32.81086	0.1	32.92518	32.97259	0.1	32.16045	32.19874	0.1
95	2.766901	-2.624238	45.45414	45.55584	0.1	-139.1248	-139.1528	0.1	139.9529	140.1089	0.1	13.51679	13.4486	0.1	-0.7561369	-0.6544135	-0.7564569	-0.6540435	0.1	-0.7655162	0.6434166	-0.7672646	0.6413307	0.1	0.9723015	0.2337303	0.9725789	0.232573	0.1	32.87181	32.79038	0.1	32.72506	32.74772	0.1	32.09078	32.04171	0.1
96	2.986214	-2.411038	46.31083	46.31393	0.1	-137.8696	-137.9987	0.1	141.2242	141.1287	0.1	13.84209	13.84522	0.1	-0.7416203	-0.6708199	-0.7431291	-0.669148	0.1	-0.7796024	0.6262748	-0.7785578	0.627573	0.1	0.9709588	0.2392469	0.9709457	0.2392999	0.1	33.07421	33.16288	0.1	32.53057	32.51162	0.1	32.01883	31.98388	0.1
97	3.208481	-2.200918	47.03718	47.19744	0.1	-136.7546	-136.8445	0.1	142.3748	142.4921	0.1	14.03649	14.12238	0.1	-0.7284259	-0.6851246	-0.7295007	-0.6839801	0.1	-0.7920208	0.6104941	-0.7932693	0.608871	0.1	0.9701415	0.2425398	0.9697768	0.2439938	0.1	33.28133	33.43	0.1	32.34115	32.32804	0.1	31.94548	32.09732	0.1
98	3.433284	-1.993512	47.70135	47.86694	0.1	-135.711	-135.7403	0.1	143.4721	143.7548	0.1	14.16783	14.30489	0.1	-0.7158263	-0.6982784	-0.7161841	-0.6979114	0.1	-0.8035672	0.5952139	-0.8064943	0.5912419	0.1	0.9695829	0.2447631	0.9689946	0.2470818	0.1	33.49266	33.6124	0.1	32.15648	32.0125	0.1	31.87128	32.00465	0.1
99	3.660399	-1.78864	48.29635	48.27231	0.1	-134.7454	-134.937	0.1	144.5089	144.5605	0.1	14.229	14.43266	0.1	-0.7039575	-0.7102421	-0.7063285	-0.7078842	0.1	-0.8142059	0.5805762	-0.8147288	0.5798422	0.1	0.9693211	0.245798	0.9684412	0.2492421	0.1	33.70789	33.70351	0.1	31.97643	32.0356	0.1	31.79653	31.67905	0.1
100	3.935504	-1.545669	48.87428	48.85233	0.1	-133.7336	-133.7568	0.1	145.6276	145.6208	0.1	14.16476	14.23144	0.1	-0.6913061	-0.722562	-0.6915991	-0.7222816	0.1	-0.8253853	0.5645699	-0.8253189	0.5646669	0.1	0.969596	0.2447112	0.9693106	0.2458393	0.1	33.97069	33.96717	0.1	31.76607	31.71609	0.1	31.70673	31.61478	0.1
101	4.166448	-1.345122	49.24205	49.22811	0.1	-133.0125	-132.8911	0.1	146.454	146.4388	0.1	13.99569	14.00084	0.1	-0.6821581	-0.7312047	-0.6806072	-0.7326485	0.1	-0.8334424	0.5526063	-0.8332955	0.5528279	0.1	0.9703139	0.241849	0.9702922	0.2419362	0.1	34.19291	34.06884	0.1	31.59509	31.59198	0.1	31.63247	31.80549	0.1
102	4.398531	-1.145895	49.50723	49.53508	0.1	-132.4007	-132.4718	0.1	147.1845	147.247	0.1	13.72231	13.93684	0.1	-0.6743118	-0.7384467	-0.6752275	-0.7376095	0.1	-0.8404202	0.5419352	-0.8410104	0.541019	0.1	0.9714568	0.2372164	0.9705618	0.2408522	0.1	34.41761	34.41962	0.1	31.42761	31.4163	0.1	31.5593	31.6379	0.1
103	4.631397	-0.9475829	49.67315	49.89299	0.1	-131.8942	-131.7632	0.1	147.822	147.8935	0.1	13.34773	13.38988	0.1	-0.6677573	-0.7443791	-0.6660539	-0.7459036	0.1	-0.8463973	0.5325519	-0.847062	0.5314941	0.1	0.9729869	0.2308604	0.9728168	0.2315761	0.1	34.64436	34.78615	0.1	31.26324	31.20375	0.1	31.48775	31.34698	0.1
104	4.864695	-0.749778	49.73612	49.68963	0.1	-131.4959	-131.6063	0.1	148.362	148.4342	0.1	12.86804	12.96211	0.1	-0.662566	-0.7490035	-0.6640087	-0.7477248	0.1	-0.8513797	0.52455	-0.8520401	0.5234765	0.1	0.9748856	0.2227063	0.9745186	0.2243067	0.1	34.87276	34.93126	0.1	31.10158	31.12387	0.1	31.41838	31.37171	0.1
105	5.098096	-0.5520959	49.73721	49.71111	0.1	-131.164	-131.19	0.1	148.8453	148.9228	0.1	12.32419	12.32614	0.1	-0.6582164	-0.7528288	-0.6585588	-0.7525293	0.1	-0.8557739	0.51735	-0.8564723	0.516193	0.1	0.9769555	0.213443	0.9769483	0.213476	0.1	35.10244	35.07126	0.1	30.94223	31.05712	0.1	31.35167	31.36456	0.1
106	5.331499	-0.3544151	49.73708	49.76372	0.1	-130.8377	-130.8852	0.1	149.3324	149.4631	0.1	11.77684	11.60648	0.1	-0.6539181	-0.7565653	-0.6545451	-0.7560229	0.1	-0.8601407	0.5100568	-0.8613019	0.5080935	0.1	0.97895	0.2041004	0.9795525	0.2011887	0.1	35.33327	35.46057	0.1	30.78511	30.77369	0.1	31.28782	31.33315	0.1
107	5.564902	-0.1567356	49.73779	49.59831	0.1	-130.5147	-130.5478	0.1	149.8252	149.7398	0.1	11.22814	11.11319	0.1	-0.6496432	-0.7602392	-0.6500825	-0.7598636	0.1	-0.8644961	0.5026396	-0.8637461	0.5039272	0.1	0.9808596	0.1947161	0.9812483	0.1927479	0.1	35.56525	35.46079	0.1	30.63023	30.62036	0.1	31.22682	31.17776	0.1
108	5.798307	0.04094331	49.73723	49.55759	0.1	-130.1972	-130.0784	0.1	150.3218	150.1955	0.1	10.67608	10.77222	0.1	-0.645421	-0.7638271	-0.6438348	-0.7651645	0.1	-0.8688197	0.4951286	-0.8677266	0.4970418	0.1	0.9826902	0.1852564	0.982378	0.186905	0.1	35.79833	35.93626	0.1	30.47763	30.43317	0.1	31.16871	31.09154	0.1
109	6.031713	0.2386211	49.73835	49.71918	0.1	-129.8822	-129.8461	0.1	150.825	150.9104	0.1	10.1237	10.12232	0.1	-0.6412114	-0.7673643	-0.6407277	-0.7677682	0.1	-0.8731346	0.4874793	-0.8738604	0.4861769	0.1	0.9844306	0.175774	0.9844348	0.1757502	0.1	36.0325	35.95842	0.1	30.32736	30.38214	0.1	31.1135	31.13029	0.1
110	6.26512	0.4362963	49.73852	49.71354	0.1	-129.5722	-129.6181	0.1	151.3321	151.3762	0.1	9.568422	9.663236	0.1	-0.6370502	-0.7708223	-0.6376679	-0.7703114	0.1	-0.8774154	0.4797313	-0.8777843	0.4790561	0.1	0.9860878	0.1662253	0.9858114	0.1678569	0.1	36.26775	36.20642	0.1	30.17943	30.12292	0.1	31.06119	30.86801	0.1
111	6.498527	0.6339718	49.73891	49.68648	0.1	-129.266	-129.2058	0.1	151.8445	151.8195	0.1	9.011556	8.956126	0.1	-0.6329212	-0.7742162	-0.6321079	-0.7748803	0.1	-0.8816704	0.4718659	-0.8814639	0.4722514	0.1	0.9876568	0.1566337	0.9878078	0.1556781	0.1	36.50403	36.60788	0.1	30.0339	30.10195	0.1	31.01182	30.99104	0.1
112	6.731924	0.831659	49.71871	49.76255	0.1	-128.9843	-129.0825	0.1	152.3412	152.1732	0.1	8.432401	8.563396	0.1	-0.6291068	-0.7773188	-0.6304393	-0.7762385	0.1	-0.8857278	0.4642049	-0.8843629	0.4667999	0.1	0.9891896	0.1466424	0.9888517	0.1489037	0.1	36.74134	36.75481	0.1	29.89077	29.85943	0.1	30.9654	30.83116	0.1
113	7.011727	1.069206	49.56326	49.64522	0.1	-128.782	-128.7703	0.1	152.8122	152.7531	0.1	7.60393	7.498689	0.1	-0.6263592	-0.7795346	-0.6261993	-0.779663	0.1	-0.8895137	0.4569085	-0.8890421	0.4578255	0.1	0.9912065	0.1323244	0.9914479	0.1305035	0.1	37.02717	37.13196	0.1	29.72189	29.69968	0.1	30.91402	30.64795	0.1
114	7.244153	1.268034	49.25972	49.17643	0.1	-128.7903	-128.9344	0.1	153.0351	153.1334	0.1	6.73764	6.719615	0.1	-0.6264721	-0.7794438	-0.6284303	-0.7778659	0.1	-0.8912846	0.4534443	-0.8920615	0.4519141	0.1	0.9930938	0.1173232	0.9931306	0.1170107	0.1	37.26573	37.19976	0.1	29.58287	29.7388	0.1	30.87561	30.94845	0.1
115	7.47532	1.468323	48.82442	48.85923	0.1	-128.9318	-128.8946	0.1	153.1295	152.9621	0.1	5.737844	5.89565	0.1	-0.6283951	-0.7778943	-0.6278901	-0.778302	0.1	-0.8920304	0.4519754	-0.8907058	0.4545802	0.1	0.9949898	0.09997696	0.9947106	0.102717	0.1	37.50407	37.49605	0.1	29.44464	29.34904	0.1	30.8421	31.0237	0.1
116	7.704851	1.670486	48.32623	48.29795	0.1	-129.137	-129.2699	0.1	153.1638	153.1841	0.1	4.673531	4.655077	0.1	-0.6311765	-0.7756392	-0.632974	-0.774173	0.1	-0.8923008	0.4514413	-0.8924608	0.4511249	0.1	0.9966751	0.08147809	0.9967013	0.08115707	0.1	37.74184	37.79342	0.1	29.30672	29.5144	0.1	30.81408	30.91892	0.1
117	7.932654	1.874593	47.88177	47.77718	0.1	-129.289	-129.4243	0.1	153.2546	153.468	0.1	3.661693	3.675632	0.1	-0.6332328	-0.7739614	-0.6350587	-0.7724639	0.1	-0.8930148	0.4500272	-0.8946853	0.4466969	0.1	0.9979585	0.0638651	0.997943	0.06410788	0.1	37.97895	37.74906	0.1	29.16903	29.11894	0.1	30.79165	30.99271	0.1
118	8.159013	2.080303	47.53844	47.4216	0.1	-129.3411	-129.466	0.1	153.4496	153.3325	0.1	2.75001	2.914454	0.1	-0.6339355	-0.7733859	-0.6356201	-0.772002	0.1	-0.8945415	0.4469849	-0.8936263	0.4488117	0.1	0.9988484	0.0479783	0.9987066	0.05084489	0.1	38.21568	38.07411	0.1	29.03197	28.87048	0.1	30.77441	30.85627	0.1
119	8.384283	2.287203	47.29805	47.37875	0.1	-129.2919	-129.2611	0.1	153.7512	153.7538	0.1	1.940376	1.951992	0.1	-0.6332715	-0.7739297	-0.6328549	-0.7742704	0.1	-0.8968824	0.4422692	-0.8969018	0.4422296	0.1	0.9994266	0.03385948	0.9994197	0.0340621	0.1	38.45237	38.45454	0.1	28.89605	29.08439	0.1	30.76181	30.73687	0.1
120	8.608835	2.494884	47.16097	47.0086	0.1	-129.1418	-129.1012	0.1	154.1604	154.1043	0.1	1.234004	1.400445	0.1	-0.6312413	-0.7755865	-0.6306925	-0.7760329	0.1	-0.9000174	0.4358539	-0.8995906	0.4367343	0.1	0.9997681	0.02153577	0.9997013	0.02443995	0.1	38.68936	38.60252	0.1	28.76178	28.7954	0.1	30.75331	30.66976	0.1
121	8.833035	2.702943	47.12463	47.27863	0.1	-128.8938	-128.9664	0.1	154.6749	154.5997	0.1	0.6274496	0.645543	0.1	-0.6278784	-0.7783114	-0.628864	-0.7775153	0.1	-0.9038949	0.4277546	-0.903333	0.42894	0.1	0.99994	0.01095084	0.9999365	0.01126661	0.1	38.92699	39.082	0.1	28.62968	28.49932	0.1	30.74836	30.83083	0.1
122	9.057182	2.911061	47.1142	47.22635	0.1	-128.6232	-128.6185	0.1	155.2202	155.2994	0.1	0.04845664	0.1128578	0.1	-0.6241967	-0.7812672	-0.6241321	-0.7813188	0.1	-0.9079254	0.4191318	-0.9085037	0.4178767	0.1	0.9999996	0.0008457279	0.999998	0.00196974	0.1	39.16552	39.24395	0.1	28.50018	28.41991	0.1	30.74654	30.97718	0.1
123	9.281197	3.119321	47.02428	47.03415	0.1	-128.4354	-128.3471	0.1	155.691	155.5081	0.1	-0.612617	-0.5307906	0.1	-0.6216316	-0.7833097	-0.6204239	-0.7842667	0.1	-0.9113384	0.4116578	-0.9100199	0.4145647	0.1	0.9999428	-0.01069198	0.9999571	-0.009263911	0.1	39.40485	39.43391	0.1	28.37321	28.31532	0.1	30.74795	30.69026	0.1
124	9.504687	3.328142	46.78698	46.87402	0.1	-128.3974	-128.4495	0.1	156.0187	156.0722	0.1	-1.419686	-1.624777	0.1	-0.6211125	-0.7837214	-0.6218247	-0.7831565	0.1	-0.9136784	0.4064379	-0.9140576	0.4055845	0.1	0.999693	-0.02477567	0.999598	-0.02835391	0.1	39.64463	39.67836	0.1	28.24828	28.159	0.1	30.75317	30.82633	0.1
125	9.771276	3.580427	46.2245	46.25663	0.1	-128.6313	-128.536	0.1	156.1389	156.0204	0.1	-2.665429	-2.809698	0.1	-0.6243063	-0.7811797	-0.6230059	-0.7822171	0.1	-0.9145289	0.4045205	-0.9136902	0.4064113	0.1	0.9989181	-0.04650374	0.9987978	-0.04901883	0.1	39.93212	39.86698	0.1	28.09988	28.26624	0.1	30.76578	30.69484	0.1
126	9.991134	3.793067	45.50801	45.3554	0.1	-129.0738	-128.9293	0.1	155.9941	155.9579	0.1	-3.950519	-3.775837	0.1	-0.6303213	-0.7763344	-0.6283613	-0.7779216	0.1	-0.9135038	0.4068302	-0.9132464	0.4074077	0.1	0.9976239	-0.06889495	0.9978293	-0.0658531	0.1	40.17061	40.20797	0.1	27.97623	28.06456	0.1	30.78296	30.82104	0.1
127	10.20798	4.008781	44.56585	44.52115	0.1	-129.7405	-129.7241	0.1	155.6252	155.5759	0.1	-5.459949	-5.409235	0.1	-0.6393116	-0.7689477	-0.6390909	-0.7691312	0.1	-0.9108651	0.4127042	-0.9105098	0.4134874	0.1	0.995463	-0.09514992	0.9955468	-0.09426878	0.1	40.40732	40.51089	0.1	27.85145	27.7805	0.1	30.80745	30.71567	0.1
128	10.4209	4.228355	43.41387	43.53798	0.1	-130.6142	-130.7928	0.1	155.0469	155.0569	0.1	-7.177147	-7.16796	0.1	-0.6509629	-0.7591096	-0.6533256	-0.757077	0.1	-0.9066535	0.4218762	-0.9067272	0.4217177	0.1	0.9921646	-0.1249375	0.9921846	-0.1247784	0.1	40.64146	40.40921	0.1	27.72444	27.79134	0.1	30.84042	30.71636	0.1
129	10.62912	4.452403	42.11234	42.06181	0.1	-131.6338	-131.5605	0.1	154.3188	154.4826	0.1	-9.041028	-8.995051	0.1	-0.664367	-0.7474065	-0.6634111	-0.7482551	0.1	-0.901219	0.4333639	-0.9024545	0.4307852	0.1	0.9875761	-0.1571417	0.9877018	-0.1563492	0.1	40.87235	41.04677	0.1	27.59432	27.55169	0.1	30.88283	30.83456	0.1
130	10.83204	4.681253	40.731	40.70735	0.1	-132.7288	-132.6915	0.1	153.5099	153.5227	0.1	-10.98095	-11.06429	0.1	-0.6785291	-0.7345735	-0.6780509	-0.735015	0.1	-0.8950115	0.446043	-0.8951111	0.4458431	0.1	0.9816906	-0.1904825	0.9814125	-0.1919103	0.1	41.09951	40.97404	0.1	27.4605	27.55263	0.1	30.93525	31.16289	0.1
131	11.02947	4.915058	39.36975	39.40192	0.1	-133.7991	-133.7811	0.1	152.7202	152.708	0.1	-12.89642	-12.75895	0.1	-0.6921325	-0.7217704	-0.6919057	-0.7219878	0.1	-0.8887789	0.4583362	-0.8886814	0.4585252	0.1	0.9747751	-0.2231892	0.9753078	-0.2208498	0.1	41.32282	41.38628	0.1	27.32273	27.39663	0.1	30.99789	30.99072	0.1
132	11.22387	5.156404	38.0899	38.08188	0.1	-134.7804	-134.7481	0.1	152.0182	151.9776	0.1	-14.73213	-14.82251	0.1	-0.7043914	-0.7098118	-0.7039915	-0.7102084	0.1	-0.883097	0.4691905	-0.8827636	0.4698174	0.1	0.9671253	-0.2543003	0.966723	-0.2558256	0.1	41.54511	41.38184	0.1	27.17959	27.20236	0.1	31.07125	31.19774	0.1
133	11.41977	5.410861	36.86886	36.86176	0.1	-135.6885	-135.7273	0.1	151.3956	151.3908	0.1	-16.52298	-16.53027	0.1	-0.7155523	-0.6985591	-0.7160258	-0.6980738	0.1	-0.8779461	0.4787596	-0.8779064	0.4788322	0.1	0.9587057	-0.2844	0.9586695	-0.2845218	0.1	41.7717	41.75151	0.1	27.02793	26.91097	0.1	31.15715	31.18886	0.1
134	11.62136	5.684404	35.6894	35.89143	0.1	-136.5336	-136.5703	0.1	150.8495	150.8368	0.1	-18.29807	-18.24549	0.1	-0.725778	-0.687929	-0.7262181	-0.6874644	0.1	-0.8733431	0.4871056	-0.8732355	0.4872984	0.1	0.9494361	-0.3139604	0.9497238	-0.3130891	0.1	42.00774	41.94498	0.1	26.86439	26.87316	0.1	31.25821	31.21044	0.1
135	11.83119	5.981614	34.54531	34.47218	0.1	-137.3169	-137.2734	0.1	150.3845	150.5486	0.1	-20.0712	-20.02169	0.1	-0.7351146	-0.6779429	-0.7345998	-0.6785006	0.1	-0.869361	0.4941776	-0.8707736	0.4916843	0.1	0.9392669	-0.3431877	0.939563	-0.3423759	0.1	42.25669	42.2597	0.1	26.68647	26.62197	0.1	31.37714	31.34479	0.1
136	12.09014	6.365623	33.2564	33.04358	0.1	-138.1435	-138.109	0.1	149.9628	150.2833	0.1	-22.14753	-22.14398	0.1	-0.7448183	-0.6672673	-0.7444161	-0.6677161	0.1	-0.8657004	0.5005626	-0.8684872	0.4957116	0.1	0.9262162	-0.3769927	0.9262396	-0.3769354	0.1	42.56878	42.46885	0.1	26.45674	26.47073	0.1	31.54325	31.57395	0.1
137	12.30684	6.701119	32.28586	32.21585	0.1	-138.7136	-138.6335	0.1	149.7437	149.7517	0.1	-23.78481	-23.86137	0.1	-0.7514213	-0.6598228	-0.7504971	-0.6608738	0.1	-0.86378	0.5038691	-0.8638507	0.5037481	0.1	0.9150666	-0.4033028	0.9145269	-0.4045251	0.1	42.83426	42.8003	0.1	26.25668	26.17891	0.1	31.69853	31.68622	0.1
138	12.52038	7.043719	31.43569	31.48449	0.1	-139.1584	-138.8938	0.1	149.6576	149.68	0.1	-25.29741	-25.38268	0.1	-0.7565203	-0.6539703	-0.7534919	-0.6574572	0.1	-0.8630223	0.5051658	-0.8632198	0.5048283	0.1	0.9041018	-0.4273171	0.9034649	-0.428662	0.1	43.09984	43.16407	0.1	26.05346	25.98822	0.1	31.86573	32.0529	0.1
139	12.72925	7.389438	30.72101	30.71434	0.1	-139.4675	-139.4951	0.1	149.7133	149.6539	0.1	-26.6635	-26.58041	0.1	-0.7600377	-0.649879	-0.7603505	-0.6495129	0.1	-0.8635126	0.5043273	-0.8629891	0.5052226	0.1	0.8936574	-0.4487498	0.8943073	-0.4474533	0.1	43.36349	43.51045	0.1	25.84994	25.91484	0.1	32.04229	32.2289	0.1
140	12.93413	7.737539	30.14375	30.11477	0.1	-139.6401	-139.7652	0.1	149.9133	149.9931	0.1	-27.88116	-27.92225	0.1	-0.7619922	-0.6475862	-0.7634041	-0.6459212	0.1	-0.865268	0.5013096	-0.8659649	0.5001047	0.1	0.8839195	-0.4676392	0.8835838	-0.4682731	0.1	43.62578	43.74574	0.1	25.64713	25.60032	0.1	32.22709	32.30257	0.1
141	13.13582	8.087496	29.70292	29.81755	0.1	-139.678	-139.8102	0.1	150.258	150.3274	0.1	-28.9519	-28.98604	0.1	-0.7624202	-0.6470823	-0.7639107	-0.645322	0.1	-0.8682678	0.4960957	-0.8688683	0.4950433	0.1	0.8750263	-0.4840753	0.8747377	-0.4845966	0.1	43.88743	43.83325	0.1	25.44589	25.59578	0.1	32.4191	32.43747	0.1
142	13.33514	8.438808	29.39562	29.26758	0.1	-139.5849	-139.4258	0.1	150.7455	150.7576	0.1	-29.87926	-29.91431	0.1	-0.7613672	-0.6483209	-0.7595643	-0.6504323	0.1	-0.872458	0.4886892	-0.8725605	0.4885061	0.1	0.8670771	-0.498174	0.8667722	-0.4987043	0.1	44.14916	44.16361	0.1	25.24712	25.36713	0.1	32.61736	32.80067	0.1
143	13.53291	8.790998	29.22408	29.38343	0.1	-139.3592	-139.2639	0.1	151.3793	151.3197	0.1	-30.66173	-30.68085	0.1	-0.7588078	-0.6513147	-0.7577236	-0.6525756	0.1	-0.8778104	0.4790082	-0.8773109	0.4799225	0.1	0.8601931	-0.5099685	0.8600229	-0.5102555	0.1	44.41167	44.41294	0.1	25.05172	25.00174	0.1	32.82093	32.85443	0.1
144	13.72997	9.14359	29.18552	29.29356	0.1	-139.0045	-138.7872	0.1	152.1578	152.1933	0.1	-31.30286	-31.16367	0.1	-0.7547616	-0.6559992	-0.7522675	-0.6588578	0.1	-0.8842373	0.467038	-0.8845265	0.46649	0.1	0.8544328	-0.5195618	0.8556926	-0.5174845	0.1	44.67567	44.59798	0.1	24.86061	24.87363	0.1	33.0289	33.05142	0.1
145	13.92694	9.496228	29.18654	29.2783	0.1	-138.6149	-138.5267	0.1	152.9882	153.1938	0.1	-31.89675	-31.83927	0.1	-0.7502825	-0.6611174	-0.7492642	-0.6622711	0.1	-0.890913	0.4541741	-0.8925373	0.4509736	0.1	0.8490017	-0.5283902	0.8495313	-0.5275382	0.1	44.94167	45.19801	0.1	24.67455	24.79235	0.1	33.24055	33.33376	0.1
146	14.12391	9.848866	29.18629	29.42864	0.1	-138.231	-138.3303	0.1	153.8298	153.8066	0.1	-32.48429	-32.49818	0.1	-0.7458368	-0.6661288	-0.7469894	-0.6648359	0.1	-0.8974876	0.4410397	-0.8973092	0.4414025	0.1	0.8435388	-0.5370683	0.8434085	-0.5372728	0.1	45.20973	45.23884	0.1	24.49374	24.49875	0.1	33.45573	33.42469	0.1
147	14.32088	10.2015	29.18749	29.19958	0.1	-137.8503	-137.8066	0.1	154.6851	154.7357	0.1	-33.06283	-33.04273	0.1	-0.7413941	-0.6710699	-0.7408819	-0.6716353	0.1	-0.9039715	0.4275928	-0.9043489	0.4267941	0.1	0.8380728	-0.5455583	0.8382641	-0.5452644	0.1	45.47979	45.48402	0.1	24.3183	24.4949	0.1	33.67439	33.78728	0.1
148	14.55726	10.62466	29.18774	29.16664	0.1	-137.4006	-137.5985	0.1	155.7264	155.7977	0.1	-33.74832	-33.57835	0.1	-0.7361038	-0.6768687	-0.7384374	-0.674322	0.1	-0.9115931	0.4110937	-0.9121036	0.4099597	0.1	0.8314859	-0.5555459	0.8331303	-0.5530768	0.1	45.80647	45.80606	0.1	24.11503	24.14106	0.1	33.94125	33.91614	0.1
149	14.75424	10.97729	29.18897	29.25056	0.1	-137.0296	-137.0492	0.1	156.6085	156.6365	0.1	-34.3103	-34.24196	0.1	-0.7317063	-0.68162	-0.7319387	-0.6813705	0.1	-0.9178136	0.3970116	-0.9180074	0.3965632	0.1	0.825997	-0.5636746	0.8266687	-0.5626889	0.1	46.08083	46.16177	0.1	23.95181	23.96055	0.1	34.1673	34.23817	0.1
150	14.95123	11.32992	29.18995	29.07063	0.1	-136.6634	-136.713	0.1	157.5022	157.6543	0.1	-34.86507	-34.89901	0.1	-0.7273341	-0.6862835	-0.7279278	-0.6856537	0.1	-0.9238945	0.3826474	-0.9249068	0.3801939	0.1	0.8205005	-0.5716459	0.8201617	-0.5721318	0.1	46.3571	46.39598	0.1	23.79434	23.7651	0.1	34.39659	34.30093	0.1
151	15.14823	11.68254	29.19023	29.04566	0.1	-136.3021	-136.1663	0.1	158.4069	158.4604	0.1	-35.41317	-35.43987	0.1	-0.7229931	-0.6908553	-0.7213528	-0.6925678	0.1	-0.9298208	0.3680125	-0.930164	0.3671444	0.1	0.8149946	-0.5794686	0.8147245	-0.5798483	0.1	46.63523	46.72679	0.1	23.64273	23.61072	0.1	34.62907	34.57781	0.1
152	15.34523	12.03516	29.19269	29.20259	0.1	-135.943	-135.8208	0.1	159.3252	159.3247	0.1	-35.95171	-36.01501	0.1	-0.7186489	-0.6953731	-0.717164	-0.6969045	0.1	-0.9355994	0.3530634	-0.9355963	0.3530714	0.1	0.8095121	-0.5871032	0.8088629	-0.5879973	0.1	46.91519	46.99456	0.1	23.49709	23.51028	0.1	34.86468	34.76213	0.1
153	15.54224	12.38778	29.19293	29.24747	0.1	-135.5904	-135.6741	0.1	160.2525	160.1797	0.1	-36.48517	-36.52812	0.1	-0.7143556	-0.6997828	-0.7153766	-0.6987391	0.1	-0.9411908	0.3378755	-0.9407605	0.3390718	0.1	0.8040107	-0.5946147	0.8035648	-0.5952173	0.1	47.19696	47.36215	0.1	23.35754	23.25872	0.1	35.10335	35.12751	0.1
154	15.73926	12.74039	29.19392	29.20083	0.1	-135.2412	-135.234	0.1	161.1914	161.1741	0.1	-37.01064	-37.15628	0.1	-0.7100776	-0.7041234	-0.7099888	-0.704213	0.1	-0.946601	0.3224073	-0.9465035	0.3226937	0.1	0.7985238	-0.6019633	0.796991	-0.6039912	0.1	47.4805	47.73337	0.1	23.22418	23.23632	0.1	35.34501	35.47579	0.1
155	15.93627	13.09301	29.19367	29.37521	0.1	-134.8974	-134.9114	0.1	162.1397	162.3489	0.1	-37.53014	-37.49627	0.1	-0.7058399	-0.7083714	-0.7060123	-0.7081996	0.1	-0.9518071	0.3066972	-0.9529208	0.3032193	0.1	0.7930329	-0.6091787	0.793393	-0.6087098	0.1	47.76576	47.62426	0.1	23.09712	22.94231	0.1	35.58962	35.64837	0.1
156	16.13331	13.44561	29.21525	29.3938	0.1	-134.5359	-134.6476	0.1	163.12	163.0927	0.1	-38.02072	-37.97047	0.1	-0.7013566	-0.7128106	-0.7027439	-0.7114429	0.1	-0.9569152	0.2903675	-0.9567767	0.2908235	0.1	0.7877881	-0.6159464	0.7883279	-0.6152554	0.1	48.05275	47.92978	0.1	22.97647	22.88253	0.1	35.83709	35.85099	0.1
157	16.33071	13.79801	29.34489	29.30357	0.1	-134.0708	-133.9575	0.1	164.2186	164.3286	0.1	-38.39657	-38.383	0.1	-0.6955464	-0.7184811	-0.6941251	-0.7198544	0.1	-0.9623062	0.2719684	-0.9628267	0.2701199	0.1	0.7837306	-0.6211009	0.7838777	-0.6209153	0.1	48.34169	48.30307	0.1	22.86273	22.86971	0.1	36.08707	36.01929	0.1
158	16.52933	14.14972	29.66072	29.62672	0.1	-133.4246	-133.2944	0.1	165.5136	165.5951	0.1	-38.58064	-38.64368	0.1	-0.6873994	-0.7262796	-0.6857468	-0.7278402	0.1	-0.9682069	0.2501507	-0.968562	0.2487723	0.1	0.7817312	-0.6236155	0.7810446	-0.6244752	0.1	48.63325	48.72686	0.1	22.75694	22.939	0.1	36.33872	36.30436	0.1
159	16.73033	14.50007	30.14085	30.31374	0.1	-132.6204	-132.5788	0.1	166.9834	167.0659	0.1	-38.59619	-38.54703	0.1	-0.6771386	-0.7358555	-0.6766039	-0.7363473	0.1	-0.9743047	0.2252338	-0.9746282	0.2238303	0.1	0.7815619	-0.6238277	0.7820969	-0.6231568	0.1	48.92826	49.01985	0.1	22.66053	22.85101	0.1	36.59097	36.40548	0.1
160	16.93448	14.8486	30.69049	30.59388	0.1	-131.7538	-131.8737	0.1	168.5328	168.4118	0.1	-38.53898	-38.49922	0.1	-0.665931	-0.7460133	-0.6674905	-0.7446184	0.1	-0.9800386	0.1988072	-0.9796165	0.2008767	0.1	0.7821844	-0.623047	0.7826167	-0.6225039	0.1	49.22729	49.24903	0.1	22.57449	22.51535	0.1	36.8431	36.80145	0.1
161	17.14183	15.19523	31.15579	31.16588	0.1	-130.9785	-131.0954	0.1	170.0069	169.9944	0.1	-38.56301	-38.47218	0.1	-0.6557761	-0.7549555	-0.6573145	-0.7536163	0.1	-0.9848288	0.173529	-0.9847907	0.1737446	0.1	0.7819231	-0.6233749	0.7829103	-0.6221346	0.1	49.53027	49.66843	0.1	22.49904	22.53539	0.1	37.09502	36.87535	0.1
162	17.39386	15.60926	31.53893	31.40091	0.1	-130.2317	-130.2682	0.1	171.6106	171.6316	0.1	-38.76194	-38.75069	0.1	-0.6458799	-0.763439	-0.6463659	-0.7630275	0.1	-0.9892995	0.1458992	-0.9893526	0.1455381	0.1	0.779754	-0.6260859	0.7798769	-0.6259329	0.1	49.89817	49.88718	0.1	22.42147	22.48163	0.1	37.39795	37.47992	0.1
163	17.60564	15.95321	31.73526	31.5085	0.1	-129.7381	-129.7104	0.1	172.8308	172.8401	0.1	-39.04544	-39.10338	0.1	-0.6392797	-0.7689742	-0.6389073	-0.7692837	0.1	-0.992182	0.1247991	-0.9922022	0.1246387	0.1	0.7766466	-0.6299366	0.7760092	-0.6307216	0.1	50.20758	50.0387	0.1	22.36668	22.41347	0.1	37.65171	37.70269	0.1
164	17.81862	16.29641	31.97519	31.98644	0.1	-129.2059	-129.1987	0.1	174.0997	174.1189	0.1	-39.28027	-39.22472	0.1	-0.632109	-0.7748795	-0.6320117	-0.7749588	0.1	-0.9947023	0.1027972	-0.9947367	0.102464	0.1	0.7740583	-0.6331144	0.7746717	-0.6323636	0.1	50.51925	50.60722	0.1	22.32049	22.31651	0.1	37.90697	37.83315	0.1
165	18.03335	16.63853	32.36058	32.26801	0.1	-128.5336	-128.691	0.1	175.5186	175.5719	0.1	-39.36522	-39.49988	0.1	-0.6229731	-0.7822433	-0.6251203	-0.7805284	0.1	-0.9969428	0.07813507	-0.9970151	0.07720733	0.1	0.7731187	-0.6342614	0.7716259	-0.6360766	0.1	50.83349	50.77206	0.1	22.28357	22.31622	0.1	38.16322	38.19117	0.1
166	18.25089	16.97886	32.9827	32.99047	0.1	-127.631	-127.4017	0.1	177.1777	177.1143	0.1	-39.21031	-39.11309	0.1	-0.6105736	-0.7919595	-0.6073996	-0.7943965	0.1	-0.998787	0.04923847	-0.9987319	0.05034407	0.1	0.7748308	-0.6321687	0.7759023	-0.6308531	0.1	51.15105	50.95718	0.1	22.25724	22.28015	0.1	38.41946	38.47334	0.1
167	18.4728	17.31636	33.8969	34.0308	0.1	-126.4444	-126.4655	0.1	179.1314	179.1741	0.1	-38.76203	-38.77553	0.1	-0.5940424	-0.8044338	-0.5943391	-0.8042146	0.1	-0.9998851	0.01515965	-0.9998961	0.01441468	0.1	0.779753	-0.6260872	0.7796054	-0.6262709	0.1	51.47299	51.3946	0.1	22.24342	22.45932	0.1	38.67421	38.74409	0.1
168	18.70075	17.64981	35.10651	35.05829	0.1	-124.9723	-125.0109	0.1	-178.6185	-178.5939	0.1	-38.01899	-38.04274	0.1	-0.5731803	-0.8194293	-0.5737321	-0.819043	0.1	-0.9997093	-0.0241098	-0.9996989	-0.02453764	0.1	0.7878066	-0.6159227	0.7875512	-0.6162491	0.1	51.80037	51.89512	0.1	22.24421	22.38794	0.1	38.92585	39.11051	0.1
169	18.93632	17.97791	36.57857	36.50169	0.1	-123.2494	-123.447	0.1	-176.1075	-176.2207	0.1	-37.01595	-37.04755	0.1	-0.5482852	-0.8362914	-0.5511647	-0.8343965	0.1	-0.9976932	-0.06788433	-0.9978253	-0.06591369	0.1	0.7984679	-0.6020373	0.7981358	-0.6024776	0.1	52.13414	51.97497	0.1	22.26163	22.23387	0.1	39.17275	39.13408	0.1
170	19.18067	18.29952	38.22392	38.05012	0.1	-121.3665	-121.2964	0.1	-173.4275	-173.3725	0.1	-35.84341	-35.78745	0.1	-0.5205101	-0.8538555	-0.519465	-0.8544917	0.1	-0.9934279	-0.1144596	-0.9933176	-0.1154131	0.1	0.8106204	-0.585572	0.811192	-0.5847799	0.1	52.47486	52.3517	0.1	22.29724	22.30053	0.1	39.4136	39.52364	0.1
171	19.43437	18.6138	39.9531	40.03962	0.1	-119.4138	-119.4439	0.1	-170.6712	-170.7587	0.1	-34.59146	-34.59322	0.1	-0.4911129	-0.871096	-0.4915718	-0.870837	0.1	-0.9867744	-0.1620995	-0.9870209	-0.1605919	0.1	0.823221	-0.567721	0.8232035	-0.5677464	0.1	52.82263	52.81831	0.1	22.35188	22.46202	0.1	39.64753	39.70081	0.1
172	19.69737	18.92034	41.6127	41.49128	0.1	-117.5449	-117.3789	0.1	-167.9953	-168.0435	0.1	-33.4135	-33.45892	0.1	-0.4624439	-0.8866485	-0.4598733	-0.8879846	0.1	-0.9781306	-0.2079918	-0.9783052	-0.2071688	0.1	0.8347182	-0.5506774	0.8342813	-0.551339	0.1	53.17714	53.07692	0.1	22.42557	22.40909	0.1	39.87432	40.0372	0.1
173	19.96886	19.2194	43.13783	43.29204	0.1	-115.8241	-115.7134	0.1	-165.4673	-165.3685	0.1	-32.37358	-32.48719	0.1	-0.435609	-0.900136	-0.4338695	-0.9009758	0.1	-0.9680045	-0.2509329	-0.9675703	-0.2526019	0.1	0.8445749	-0.5354373	0.8435115	-0.537111	0.1	53.53757	53.63691	0.1	22.51731	22.47481	0.1	40.09451	40.01034	0.1
174	20.24794	19.51139	44.52745	44.60579	0.1	-114.2512	-114.2719	0.1	-163.0901	-163.0747	0.1	-31.47187	-31.31158	0.1	-0.4107387	-0.9117531	-0.4110681	-0.9116046	0.1	-0.9567633	-0.2908678	-0.9566854	-0.291124	0.1	0.8528966	-0.5220799	0.8543538	-0.5196919	0.1	53.90315	53.72873	0.1	22.62588	22.54765	0.1	40.30886	40.28511	0.1
175	20.53374	19.7968	45.78452	45.58174	0.1	-112.8225	-112.9002	0.1	-160.8624	-160.808	0.1	-30.70459	-30.7071	0.1	-0.3878779	-0.9217108	-0.3891276	-0.9211839	0.1	-0.9447339	-0.3278381	-0.9444224	-0.3287345	0.1	0.8598114	-0.5106118	0.859789	-0.5106495	0.1	54.27313	54.15848	0.1	22.75008	22.68872	0.1	40.51812	40.54714	0.1
176	20.8845	20.13131	47.12644	47.1192	0.1	-111.2885	-111.2527	0.1	-158.3796	-158.3385	0.1	-29.9519	-29.84069	0.1	-0.3630635	-0.9317644	-0.3624814	-0.931991	0.1	-0.9296457	-0.3684549	-0.9293807	-0.3691226	0.1	0.8664448	-0.4992728	0.8674123	-0.4975901	0.1	54.72205	54.65031	0.1	22.91811	22.86526	0.1	40.76358	40.74164	0.1
177	21.18242	20.40405	48.09802	48.14633	0.1	-110.1671	-110.0801	0.1	-156.4782	-156.6129	0.1	-29.47177	-29.42527	0.1	-0.3447596	-0.938691	-0.3433333	-0.9392136	0.1	-0.9169081	-0.3990984	-0.9178438	-0.3969418	0.1	0.8705982	-0.4919947	0.8709972	-0.491288	0.1	55.0996	55.0867	0.1	23.07259	23.02556	0.1	40.9643	41.02556	0.1
178	21.48468	20.67199	48.93513	49.20474	0.1	-109.1886	-109.089	0.1	-154.7303	-154.8882	0.1	-29.12581	-28.99305	0.1	-0.3286782	-0.944442	-0.3270359	-0.9450119	0.1	-0.9043087	-0.426879	-0.9054811	-0.4243866	0.1	0.873553	-0.486729	0.8746785	-0.4847035	0.1	55.47976	55.4271	0.1	23.23896	23.27155	0.1	41.16241	41.26645	0.1
179	21.79056	20.93578	49.63525	49.59531	0.1	-108.3543	-108.3774	0.1	-153.1385	-153.0705	0.1	-28.91587	-28.85328	0.1	-0.3148914	-0.9491277	-0.3152755	-0.9490002	0.1	-0.8921016	-0.4518348	-0.8915645	-0.4528937	0.1	0.8753306	-0.4835249	0.8758584	-0.4825683	0.1	55.86205	55.72971	0.1	23.41607	23.26256	0.1	41.35873	41.27404	0.1
180	22.0994	21.1961	50.20089	50.12003	0.1	-107.6607	-107.6163	0.1	-151.7	-151.75	0.1	-28.83884	-28.97268	0.1	-0.3033791	-0.95287	-0.3026405	-0.9531048	0.1	-0.8804772	-0.4740883	-0.8808905	-0.4733201	0.1	0.8759798	-0.4823477	0.8748507	-0.4843926	0.1	56.24609	56.12491	0.1	23.6028	23.80391	0.1	41.55408	41.53707	0.1
181	22.41055	21.45366	50.63106	50.64821	0.1	-107.1078	-107.1736	0.1	-150.415	-150.5007	0.1	-28.89512	-28.78662	0.1	-0.2941699	-0.9557531	-0.2952679	-0.9554145	0.1	-0.8696244	-0.4937138	-0.8703621	-0.4924122	0.1	0.8755057	-0.4832078	0.8764191	-0.481549	0.1	56.63149	56.57415	0.1	23.79808	23.66978	0.1	41.74929	41.66464	0.1
182	22.72339	21.70916	50.9282	50.82455	0.1	-106.6921	-106.601	0.1	-149.2804	-149.4309	0.1	-29.08163	-29.26505	0.1	-0.2872285	-0.9578621	-0.2857058	-0.9583174	0.1	-0.8596777	-0.5108369	-0.8610161	-0.5085776	0.1	0.8739281	-0.4860552	0.8723676	-0.4888504	0.1	57.01793	57.16246	0.1	24.00086	23.87057	0.1	41.94516	41.99886	0.1
183	23.03732	21.96334	51.1003	51.21904	0.1	-106.4047	-106.4023	0.1	-148.2872	-148.2452	0.1	-29.38982	-29.27145	0.1	-0.2824204	-0.9592907	-0.2823803	-0.9593025	0.1	-0.8506933	-0.5256622	-0.8503082	-0.526285	0.1	0.871301	-0.490749	0.872313	-0.4889479	0.1	57.40509	57.60127	0.1	24.21014	24.2096	0.1	42.1425	42.24215	0.1
184	23.35189	22.2167	51.21516	51.0961	0.1	-106.1771	-105.9892	0.1	-147.3667	-147.3694	0.1	-29.75144	-29.66111	0.1	-0.2786076	-0.960405	-0.2754566	-0.9613135	0.1	-0.8421389	-0.5392607	-0.842165	-0.53922	0.1	0.8681864	-0.4962383	0.8689677	-0.4948689	0.1	57.79279	57.76891	0.1	24.42519	24.41874	0.1	42.34186	42.22807	0.1
185	23.66679	22.46966	51.20567	51.23307	0.1	-106.0758	-105.9668	0.1	-146.5854	-146.6832	0.1	-30.23326	-30.31702	0.1	-0.2769094	-0.960896	-0.2750797	-0.9614214	0.1	-0.8347078	-0.5506932	-0.8356462	-0.549268	0.1	0.8639827	-0.5035216	0.8632456	-0.5047842	0.1	58.18084	58.18998	0.1	24.64541	24.61735	0.1	42.54369	42.46698	0.1
186	23.98129	22.72313	50.96965	51.01933	0.1	-106.202	-106.174	0.1	-146.044	-146.0698	0.1	-30.93667	-30.97195	0.1	-0.2790241	-0.9602841	-0.2785561	-0.96042	0.1	-0.8294669	-0.5585558	-0.8297182	-0.5581825	0.1	0.8577361	-0.5140902	0.8574193	-0.5146185	0.1	58.56893	58.63524	0.1	24.86971	24.82186	0.1	42.74894	42.80381	0.1
187	24.35657	23.02988	50.35048	50.2457	0.1	-106.688	-106.604	0.1	-145.7444	-145.7456	0.1	-32.10843	-32.13203	0.1	-0.2871607	-0.9578824	-0.2857548	-0.9583027	0.1	-0.8265352	-0.562885	-0.8265464	-0.5628687	0.1	0.8470437	-0.5315232	0.8468247	-0.5318721	0.1	59.03399	59.05162	0.1	25.14204	25.23413	0.1	43.0018	43.0657	0.1
188	24.66634	23.28909	49.64743	49.66013	0.1	-107.2775	-107.1335	0.1	-145.6911	-145.7568	0.1	-33.26369	-33.46835	0.1	-0.2969995	-0.9548776	-0.2945986	-0.9556211	0.1	-0.8260105	-0.5636547	-0.8266568	-0.5627065	0.1	0.8361551	-0.548493	0.8341906	-0.5514763	0.1	59.42046	59.23787	0.1	25.37002	25.32032	0.1	43.21946	43.10283	0.1
189	24.97275	23.55227	48.87775	48.85675	0.1	-107.9302	-107.7769	0.1	-145.7112	-145.7233	0.1	-34.47723	-34.51468	0.1	-0.3078589	-0.951432	-0.3053112	-0.9522526	0.1	-0.8262087	-0.5633642	-0.826327	-0.5631906	0.1	0.8243513	-0.5660787	0.823981	-0.5666174	0.1	59.80562	59.84864	0.1	25.59809	25.44089	0.1	43.44412	43.41692	0.1
190	25.2757	23.81942	48.1953	48.34747	0.1	-108.4925	-108.3656	0.1	-145.6508	-145.6378	0.1	-35.59499	-35.57186	0.1	-0.3171808	-0.9483651	-0.315079	-0.9490654	0.1	-0.825614	-0.5642353	-0.8254858	-0.5644229	0.1	0.8131516	-0.5820519	0.8133866	-0.5817235	0.1	60.18943	60.36912	0.1	25.82616	25.62487	0.1	43.67568	43.54456	0.1
191	25.57571	24.08987	47.64783	47.82556	0.1	-108.9174	-108.9898	0.1	-145.4629	-145.4308	0.1	-36.56978	-36.76956	0.1	-0.3242039	-0.9459872	-0.3254003	-0.9455764	0.1	-0.8237593	-0.5669397	-0.8234411	-0.5674017	0.1	0.8031318	-0.5958014	0.8010495	-0.5985981	0.1	60.57212	60.45911	0.1	26.05487	25.93771	0.1	43.91331	43.95	0.1
192	25.87337	24.36291	47.23105	46.96702	0.1	-109.2099	-109.2739	0.1	-145.1528	-145.1309	0.1	-37.40653	-37.44386	0.1	-0.3290302	-0.9443194	-0.3300847	-0.9439513	0.1	-0.8206794	-0.571389	-0.8204605	-0.5717032	0.1	0.7943453	-0.6074665	0.7939494	-0.6079839	0.1	60.95396	60.93235	0.1	26.28495	26.2454	0.1	44.15616	44.1363	0.1
193	26.1693	24.63783	46.9497	47.06781	0.1	-109.3664	-109.3677	0.1	-144.7168	-144.64	0.1	-38.10121	-38.02232	0.1	-0.3316073	-0.9434175	-0.33163	-0.9434095	0.1	-0.8163075	-0.5776176	-0.8155322	-0.5787117	0.1	0.786922	-0.6170526	0.7877709	-0.6159684	0.1	61.33525	61.25539	0.1	26.51711	26.55511	0.1	44.40337	44.52588	0.1
194	26.4641	24.91394	46.76487	46.77757	0.1	-109.4264	-109.4319	0.1	-144.1948	-144.1579	0.1	-38.69345	-38.71074	0.1	-0.3325953	-0.9430696	-0.3326869	-0.9430373	0.1	-0.811011	-0.5850309	-0.8106332	-0.5855542	0.1	0.7805018	-0.6251535	0.7803132	-0.625389	0.1	61.71628	61.59399	0.1	26.75203	26.73078	0.1	44.65416	44.61918	0.1
195	26.75795	25.19108	46.5206	46.40684	0.1	-109.5462	-109.4149	0.1	-143.7429	-143.6018	0.1	-39.33945	-39.43398	0.1	-0.3345661	-0.9423723	-0.3324059	-0.9431364	0.1	-0.8063712	-0.5914097	-0.8049122	-0.5933939	0.1	0.7734039	-0.6339136	0.772357	-0.6351887	0.1	62.09714	62.07763	0.1	26.98982	27.03884	0.1	44.90826	44.89077	0.1
196	27.05034	25.46976	46.11898	46.10175	0.1	-109.823	-109.7612	0.1	-143.4579	-143.6705	0.1	-40.13654	-40.12651	0.1	-0.3391148	-0.940745	-0.3381014	-0.9411097	0.1	-0.8034195	-0.5954134	-0.8056229	-0.5924286	0.1	0.7645104	-0.6446114	0.7646232	-0.6444775	0.1	62.47759	62.44927	0.1	27.22983	27.18839	0.1	45.16618	45.14099	0.1
197	27.34032	25.75093	45.47293	45.39538	0.1	-110.3427	-110.3936	0.1	-143.425	-143.509	0.1	-41.1707	-41.11528	0.1	-0.347635	-0.9376299	-0.3484675	-0.9373209	0.1	-0.8030779	-0.595874	-0.8039508	-0.5946958	0.1	0.7527516	-0.6583046	0.7533881	-0.6575761	0.1	62.85716	62.76118	0.1	27.47092	27.47397	0.1	45.42885	45.53834	0.1
198	27.62656	26.03591	44.56216	44.5067	0.1	-111.1242	-111.2144	0.1	-143.6621	-143.8114	0.1	-42.46067	-42.53733	0.1	-0.3603907	-0.9328014	-0.3618593	-0.9322327	0.1	-0.8055366	-0.5925459	-0.8070781	-0.5904448	0.1	0.7377408	-0.6750841	0.736837	-0.6760705	0.1	63.23519	63.20887	0.1	27.71156	27.62771	0.1	45.69759	45.62748	0.1
199	27.96339	26.38443	43.23068	43.23453	0.1	-112.2947	-112.2771	0.1	-144.1891	-144.0938	0.1	-44.23339	-44.14578	0.1	-0.3793706	-0.9252448	-0.3790856	-0.9253616	0.1	-0.8109521	-0.5851125	-0.8099784	-0.5864597	0.1	0.7165042	-0.6975828	0.71757	-0.6964864	0.1	63.6859	63.64605	0.1	27.99783	27.86207	0.1	46.02951	45.99811	0.1
200	28.23758	26.68102	42.03199	42.01159	0.1	-113.3536	-113.4848	0.1	-144.719	-144.5951	0.1	-45.78719	-45.76707	0.1	-0.3964039	-0.9180762	-0.3985057	-0.9171659	0.1	-0.8163296	-0.5775863	-0.8150781	-0.579351	0.1	0.6973253	-0.7167547	0.697577	-0.7165098	0.1	64.05851	64.02403	0.1	28.23334	28.12078	0.1	46.31457	46.45799	0.1
201	28.50562	26.98319	40.90722	41.007	0.1	-114.3333	-114.4048	0.1	-145.1764	-145.1393	0.1	-47.25536	-47.19213	0.1	-0.4120441	-0.9111639	-0.4131807	-0.9106491	0.1	-0.820914	-0.5710518	-0.8205446	-0.5715825	0.1	0.678732	-0.734386	0.6795421	-0.7336366	0.1	64.42825	64.5256	0.1	28.46593	28.54772	0.1	46.60715	46.45909	0.1
202	28.76774	27.29049	39.78251	39.72266	0.1	-115.3083	-115.1944	0.1	-145.6355	-145.5892	0.1	-48.71213	-48.68757	0.1	-0.4274893	-0.9040204	-0.4256916	-0.9048683	0.1	-0.8254635	-0.5644556	-0.8250065	-0.5651231	0.1	0.6598426	-0.7514039	0.6601646	-0.751121	0.1	64.7952	64.81522	0.1	28.69594	28.35124	0.1	46.90668	46.92955	0.1
203	29.02355	27.60307	38.53269	38.4374	0.1	-116.4036	-116.4156	0.1	-146.221	-146.2295	0.1	-50.28224	-50.14729	0.1	-0.4446914	-0.8956839	-0.4448782	-0.8955911	0.1	-0.8311885	-0.5559908	-0.8312712	-0.5558671	0.1	0.6390062	-0.7692016	0.6408163	-0.7676943	0.1	65.1591	65.22969	0.1	28.92304	28.99003	0.1	47.21317	47.32815	0.1
204	29.27204	27.9215	37.06888	37.14436	0.1	-117.7072	-117.7551	0.1	-147.0205	-147.1373	0.1	-52.05351	-52.04464	0.1	-0.4649538	-0.885335	-0.4656933	-0.8849462	0.1	-0.8388657	-0.5443385	-0.8399734	-0.5426275	0.1	0.6149252	-0.7885854	0.6150474	-0.7884902	0.1	65.51935	65.59215	0.1	29.14625	29.13019	0.1	47.52707	47.58661	0.1
205	29.51169	28.24662	35.32149	35.31217	0.1	-119.2876	-119.2839	0.1	-148.1018	-148.0885	0.1	-54.09378	-54.1582	0.1	-0.4891941	-0.8721749	-0.4891372	-0.8722069	0.1	-0.8489879	-0.5284122	-0.8488655	-0.5286089	0.1	0.5864602	-0.8099781	0.5855492	-0.8106369	0.1	65.87498	65.88268	0.1	29.36408	29.45287	0.1	47.84912	47.89849	0.1
206	29.74065	28.57936	33.29907	33.37575	0.1	-121.1349	-121.0173	0.1	-149.4542	-149.4739	0.1	-56.39251	-56.31892	0.1	-0.5170549	-0.8559522	-0.5152965	-0.857012	0.1	-0.8612233	-0.5082268	-0.8613977	-0.5079311	0.1	0.5535005	-0.8328488	0.5545697	-0.8321373	0.1	66.22481	66.14492	0.1	29.57479	29.57957	0.1	48.18006	48.14709	0.1
207	29.95721	28.92029	31.08374	31.01362	0.1	-123.166	-123.1382	0.1	-150.9943	-150.8328	0.1	-58.86573	-58.96177	0.1	-0.5470664	-0.8370892	-0.5466602	-0.8373545	0.1	-0.8745712	-0.4848971	-0.8732011	-0.48736	0.1	0.5170454	-0.8559579	0.5156099	-0.8568234	0.1	66.56763	66.66779	0.1	29.77679	29.69384	0.1	48.52031	48.67784	0.1
208	30.16014	29.2695	28.76517	28.69958	0.1	-125.2907	-125.267	0.1	-152.6316	-152.5562	0.1	-61.42258	-61.37514	0.1	-0.5777249	-0.8162315	-0.5773872	-0.8164704	0.1	-0.888069	-0.4597103	-0.8874636	-0.4608778	0.1	0.4783458	-0.8781716	0.4790728	-0.8777752	0.1	66.90251	66.73141	0.1	29.96904	30.08144	0.1	48.86976	48.76761	0.1
209	30.34875	29.62665	26.4759	26.42272	0.1	-127.3766	-127.4238	0.1	-154.2336	-154.2812	0.1	-63.93	-64.00622	0.1	-0.6070509	-0.794663	-0.607706	-0.7941621	0.1	-0.9005737	-0.4347034	-0.9009346	-0.4339549	0.1	0.4394688	-0.8982579	0.4382735	-0.8988416	0.1	67.22879	67.27836	0.1	30.15106	30.22356	0.1	49.22789	49.29417	0.1
210	30.52329	29.99089	24.3224	24.41157	0.1	-129.318	-129.4308	0.1	-155.6948	-155.6804	0.1	-66.28217	-66.3452	0.1	-0.6336235	-0.7736416	-0.6351457	-0.7723924	0.1	-0.9113662	-0.4115964	-0.9112625	-0.411826	0.1	0.4022326	-0.9155375	0.4012253	-0.9159794	0.1	67.54645	67.4975	0.1	30.3233	30.45611	0.1	49.59365	49.61794	0.1
211	30.68438	30.36127	22.30574	22.21569	0.1	-131.1148	-131.2066	0.1	-157.0153	-156.8001	0.1	-68.47906	-68.58168	0.1	-0.6575698	-0.7533936	-0.6587764	-0.7523388	0.1	-0.9206091	-0.3904856	-0.9191363	-0.3939398	0.1	0.3668413	-0.9302835	0.3651744	-0.9309391	0.1	67.85574	67.87811	0.1	30.48652	30.55923	0.1	49.96596	49.96086	0.1
212	30.83268	30.73696	20.42343	20.67676	0.1	-132.7704	-132.8652	0.1	-158.1984	-158.1216	0.1	-70.52428	-70.47499	0.1	-0.6790626	-0.7340804	-0.6802762	-0.7329559	0.1	-0.9284755	-0.3713936	-0.9279768	-0.3726378	0.1	0.3334074	-0.9427829	0.3342183	-0.9424957	0.1	68.157	68.41473	0.1	30.64155	30.75959	0.1	50.34385	50.39333	0.1
213	30.99481	31.19372	18.34626	18.36156	0.1	-134.5678	-134.5767	0.1	-159.4339	-159.5158	0.1	-72.77575	-72.90273	0.1	-0.701753	-0.7124204	-0.7018632	-0.7123118	0.1	-0.9362673	-0.3512885	-0.9367688	-0.3499488	0.1	0.2961123	-0.9551532	0.2939947	-0.955807	0.1	68.50851	68.41658	0.1	30.81794	30.76575	0.1	50.80347	50.75344	0.1
214	31.11763	31.5785	16.76562	16.81323	0.1	-135.9097	-135.8319	0.1	-160.3117	-160.2919	0.1	-74.4854	-74.49026	0.1	-0.7182443	-0.6957911	-0.7172984	-0.6967661	0.1	-0.9415393	-0.3369033	-0.9414231	-0.3372279	0.1	0.2674838	-0.9635624	0.2674021	-0.9635851	0.1	68.79366	68.9553	0.1	30.9579	30.89869	0.1	51.19071	51.28805	0.1
215	31.23016	31.96642	15.32196	15.33054	0.1	-137.1103	-137.0987	0.1	-161.052	-161.1565	0.1	-76.04462	-76.07777	0.1	-0.7326657	-0.6805887	-0.7325279	-0.680737	0.1	-0.9458137	-0.3247097	-0.9464045	-0.3229839	0.1	0.2411661	-0.9704838	0.2406046	-0.9706233	0.1	69.07232	68.93119	0.1	31.09241	31.19858	0.1	51.58109	51.59749	0.1
216	31.33325	32.35695	14.01084	14.02121	0.1	-138.1748	-138.1478	0.1	-161.6598	-161.6082	0.1	-77.45908	-77.51592	0.1	-0.7451832	-0.6668598	-0.7448685	-0.6672114	0.1	-0.9492052	-0.3146578	-0.9489213	-0.3155127	0.1	0.2171367	-0.9761412	0.2161682	-0.9763561	0.1	69.34508	69.42685	0.1	31.22234	31.1798	0.1	51.97406	52.00793	0.1
217	31.42774	32.74966	12.83424	12.87077	0.1	-139.1018	-139.2324	0.1	-162.1337	-162.1077	0.1	-78.728	-78.62669	0.1	-0.7558745	-0.6547165	-0.7573649	-0.652992	0.1	-0.9517752	-0.3067963	-0.9516356	-0.307229	0.1	0.1954668	-0.9807103	0.1972008	-0.9803631	0.1	69.61256	69.45525	0.1	31.34856	31.47979	0.1	52.36912	52.35569	0.1
218	31.51453	33.14414	11.79455	11.83142	0.1	-139.8896	-139.9332	0.1	-162.4719	-162.391	0.1	-79.85023	-79.93215	0.1	-0.7648044	-0.6442625	-0.7652941	-0.6436808	0.1	-0.9535692	-0.3011738	-0.9531432	-0.3025194	0.1	0.1762218	-0.9843505	0.1748142	-0.9846014	0.1	69.8754	69.94804	0.1	31.47198	31.41577	0.1	52.76588	52.6119	0.1
219	31.59452	33.54005	10.88933	10.92586	0.1	-140.541	-140.5225	0.1	-162.6772	-162.4816	0.1	-80.82937	-80.82691	0.1	-0.7720801	-0.6355253	-0.771874	-0.6357756	0.1	-0.9546422	-0.2977555	-0.9536206	-0.3010112	0.1	0.1593751	-0.9872181	0.1594175	-0.9872113	0.1	70.1343	70.091	0.1	31.59347	31.57646	0.1	53.16397	53.07032	0.1
220	31.66862	33.93711	10.12108	10.06285	0.1	-141.0543	-141.1133	0.1	-162.7476	-162.7044	0.1	-81.66412	-81.44819	0.1	-0.7777421	-0.6285835	-0.7783894	-0.6277817	0.1	-0.9550073	-0.2965822	-0.9547836	-0.2973016	0.1	0.1449759	-0.9894352	0.1487037	-0.9888818	0.1	70.38996	70.31501	0.1	31.71395	31.77817	0.1	53.56311	53.79977	0.1
221	31.73777	34.33507	9.484419	9.579418	0.1	-141.4352	-141.3705	0.1	-162.689	-162.6497	0.1	-82.36099	-82.33852	0.1	-0.781904	-0.6233988	-0.7811995	-0.6242815	0.1	-0.9547036	-0.2975586	-0.9544991	-0.2982136	0.1	0.1329311	-0.9911253	0.13332	-0.9910731	0.1	70.64311	70.7255	0.1	31.83431	31.82611	0.1	53.96305	53.89658	0.1
222	31.8026	34.73375	8.847532	8.792752	0.1	-141.816	-141.7793	0.1	-162.6335	-162.6749	0.1	-83.05262	-82.91483	0.1	-0.7860293	-0.6181892	-0.785633	-0.6186928	0.1	-0.9544148	-0.2984833	-0.9546306	-0.2977926	0.1	0.1209577	-0.9926577	0.1233445	-0.9923639	0.1	70.89425	71.00665	0.1	31.95516	31.80537	0.1	54.36364	54.63314	0.1
223	31.8627	35.13317	8.09335	8.10055	0.1	-142.3135	-142.177	0.1	-162.698	-162.6664	0.1	-83.8558	-83.87357	0.1	-0.7913672	-0.6113411	-0.7899094	-0.6132236	0.1	-0.9547502	-0.2974088	-0.954586	-0.2979355	0.1	0.107031	-0.9942557	0.1067228	-0.9942888	0.1	71.14304	71.11253	0.1	32.07609	32.11936	0.1	54.76485	54.94583	0.1
224	31.91716	35.5334	7.218767	7.236514	0.1	-142.9303	-142.7233	0.1	-162.885	-162.8765	0.1	-84.77279	-84.74764	0.1	-0.7979029	-0.6027859	-0.79572	-0.6056646	0.1	-0.955716	-0.2942906	-0.9556726	-0.2944316	0.1	0.09110551	-0.9958413	0.09154261	-0.9958012	0.1	71.38878	71.30309	0.1	32.19622	32.3519	0.1	55.16672	55.37097	0.1
225	31.97429	36.01472	6.166691	6.010384	0.1	-143.6714	-143.7728	0.1	-163.1143	-163.1636	0.1	-85.86642	-85.79233	0.1	-0.8056328	-0.5924152	-0.8066801	-0.5909882	0.1	-0.9568862	-0.2904629	-0.9571355	-0.2896406	0.1	0.0720819	-0.9973987	0.07337166	-0.9973047	0.1	71.67896	71.62354	0.1	32.33856	32.25452	0.1	55.64975	55.7798	0.1
226	32.01554	36.41652	5.431159	5.391147	0.1	-144.1467	-144.1216	0.1	-163.1664	-163.3544	0.1	-86.62952	-86.7627	0.1	-0.8105193	-0.5857119	-0.8102623	-0.5860674	0.1	-0.95715	-0.2895927	-0.958095	-0.2864506	0.1	0.05879188	-0.9982703	0.05647153	-0.9984042	0.1	71.91725	71.88894	0.1	32.45613	32.44308	0.1	56.05278	56.02713	0.1
227	32.05201	36.81879	4.830145	4.773712	0.1	-144.4869	-144.5346	0.1	-163.0865	-163.0163	0.1	-87.25285	-87.19411	0.1	-0.813983	-0.5808887	-0.8144658	-0.5802116	0.1	-0.9567452	-0.2909271	-0.9563881	-0.2920989	0.1	0.0479284	-0.9988508	0.04895251	-0.9988011	0.1	72.15314	72.16196	0.1	32.57371	32.40536	0.1	56.4561	56.23258	0.1
228	32.08464	37.22139	4.366011	4.446616	0.1	-144.6901	-144.6712	0.1	-162.8726	-162.8688	0.1	-87.73506	-87.95163	0.1	-0.8160381	-0.577998	-0.8158468	-0.5782681	0.1	-0.9556524	-0.294497	-0.9556329	-0.2945601	0.1	0.0395203	-0.9992188	0.03574321	-0.999361	0.1	72.38739	72.45793	0.1	32.69218	32.52117	0.1	56.85962	56.75784	0.1
229	32.11439	37.62421	4.038421	3.901216	0.1	-144.7572	-144.6438	0.1	-162.5257	-162.3834	0.1	-88.07764	-88.12825	0.1	-0.8167146	-0.5770418	-0.8155707	-0.5786574	0.1	-0.9538517	-0.3002782	-0.9531029	-0.3026464	0.1	0.03354524	-0.9994372	0.03266238	-0.9994664	0.1	72.62079	72.59711	0.1	32.81245	32.75746	0.1	57.26326	57.42286	0.1
230	32.14222	38.02718	3.847256	3.810569	0.1	-144.6887	-144.5847	0.1	-162.0463	-162.0088	0.1	-88.28168	-88.24986	0.1	-0.8160236	-0.5780185	-0.8149736	-0.5794981	0.1	-0.9513057	-0.3082489	-0.9511042	-0.3088703	0.1	0.0299859	-0.9995503	0.03054092	-0.9995335	0.1	72.85411	72.80977	0.1	32.93541	32.93481	0.1	57.66698	57.75108	0.1
231	32.16909	38.4302	3.789564	3.871831	0.1	-144.4879	-144.5974	0.1	-161.4379	-161.5991	0.1	-88.35104	-88.20083	0.1	-0.8139926	-0.5808753	-0.8151018	-0.5793177	0.1	-0.9479791	-0.3183325	-0.948871	-0.3156643	0.1	0.02877585	-0.9995859	0.03139631	-0.999507	0.1	73.08813	73.28352	0.1	33.06192	33.0472	0.1	58.07073	58.1372	0.1
232	32.19579	38.83324	3.790804	3.654182	0.1	-144.2297	-144.1533	0.1	-160.7757	-160.6417	0.1	-88.36121	-88.47303	0.1	-0.8113672	-0.5845367	-0.8105872	-0.585618	0.1	-0.9442366	-0.3292676	-0.9434641	-0.3314747	0.1	0.02859842	-0.999591	0.02664747	-0.9996449	0.1	73.32351	73.55216	0.1	33.19272	33.0993	0.1	58.47448	58.46618	0.1
233	32.22249	39.23629	3.790546	3.854092	0.1	-143.9747	-144.0325	0.1	-160.1202	-160.1993	0.1	-88.37269	-88.31635	0.1	-0.8087574	-0.5881423	-0.8093508	-0.5873255	0.1	-0.9404081	-0.3400479	-0.9408765	-0.3387499	0.1	0.02839811	-0.9995967	0.02938106	-0.9995683	0.1	73.56035	73.67309	0.1	33.3279	33.26024	0.1	58.87825	58.79662	0.1
234	32.2492	39.63933	3.790804	3.73987	0.1	-143.7208	-143.7363	0.1	-159.4697	-159.3436	0.1	-88.38353	-88.22762	0.1	-0.8061433	-0.5917204	-0.8063037	-0.5915018	0.1	-0.9364866	-0.3507034	-0.9357129	-0.3527625	0.1	0.028209	-0.999602	0.030929	-0.9995216	0.1	73.79864	73.77998	0.1	33.46741	33.52279	0.1	59.28201	59.28156	0.1
235	32.27591	40.04237	3.793025	3.755653	0.1	-143.4666	-143.5766	0.1	-158.8226	-158.7199	0.1	-88.39226	-88.64516	0.1	-0.8035103	-0.5952908	-0.8046515	-0.5937474	0.1	-0.9324664	-0.3612567	-0.9318173	-0.3629277	0.1	0.02805671	-0.9996063	0.02364423	-0.9997205	0.1	74.03837	74.12453	0.1	33.6112	33.70788	0.1	59.68578	59.63576	0.1
236	32.30263	40.44541	3.795192	3.663235	0.1	-143.2141	-143.2698	0.1	-158.1812	-157.9641	0.1	-88.40089	-88.45335	0.1	-0.8008786	-0.5988268	-0.8014609	-0.5980473	0.1	-0.9283636	-0.3716732	-0.9269488	-0.3751878	0.1	0.02790609	-0.9996105	0.02699079	-0.9996357	0.1	74.27953	74.3306	0.1	33.75923	33.65753	0.1	60.08955	60.0328	0.1
237	32.33471	40.92906	3.794005	3.960253	0.1	-142.917	-142.9134	0.1	-157.4228	-157.514	0.1	-88.4149	-88.42165	0.1	-0.7977632	-0.6029708	-0.7977251	-0.6030212	0.1	-0.9233628	-0.3839286	-0.9239731	-0.3824575	0.1	0.02766157	-0.9996173	0.02754383	-0.9996206	0.1	74.57079	74.30087	0.1	33.94236	33.91298	0.1	60.57407	60.69844	0.1
238	32.36143	41.3321	3.794212	3.604796	0.1	-142.67	-142.5619	0.1	-156.7958	-156.8137	0.1	-88.42515	-88.50063	0.1	-0.7951562	-0.6064046	-0.7940106	-0.6079038	0.1	-0.9191067	-0.3940088	-0.9192296	-0.3937219	0.1	0.02748282	-0.9996223	0.02616591	-0.9996576	0.1	74.81504	74.79874	0.1	34.09947	34.17559	0.1	60.97785	60.87937	0.1
239	32.38816	41.73515	3.794986	3.879455	0.1	-142.4241	-142.6601	0.1	-156.1742	-156.2844	0.1	-88.43478	-88.61205	0.1	-0.7925464	-0.6098117	-0.7950514	-0.6065421	0.1	-0.914778	-0.403957	-0.9155531	-0.4021971	0.1	0.02731468	-0.9996269	0.02422199	-0.9997066	0.1	75.06068	75.00408	0.1	34.26064	34.2504	0.1	61.38162	61.30801	0.1
240	32.41491	42.13819	3.796173	3.81178	0.1	-142.1793	-142.1507	0.1	-155.558	-155.5177	0.1	-88.44379	-88.32081	0.1	-0.7899337	-0.6131922	-0.7896273	-0.6135868	0.1	-0.9103805	-0.4137722	-0.9100891	-0.4144126	0.1	0.02715762	-0.9996312	0.02930313	-0.9995705	0.1	75.30769	75.16965	0.1	34.4258	34.37574	0.1	61.7854	61.67929	0.1
241	32.44165	42.54123	3.797204	3.934078	0.1	-141.9364	-141.9551	0.1	-154.948	-154.8229	0.1	-88.45291	-88.33259	0.1	-0.7873266	-0.6165362	-0.7875283	-0.6162784	0.1	-0.9059237	-0.423441	-0.9049971	-0.4254178	0.1	0.02699841	-0.9996355	0.0290977	-0.9995766	0.1	75.55604	75.61697	0.1	34.59489	34.57287	0.1	62.18918	62.33535	0.1
242	32.4684	42.94426	3.798699	3.749389	0.1	-141.6945	-141.8797	0.1	-154.3434	-154.4229	0.1	-88.4614	-88.36555	0.1	-0.7847172	-0.619854	-0.7867165	-0.6173145	0.1	-0.9014056	-0.4329756	-0.9020051	-0.4317253	0.1	0.02685041	-0.9996395	0.02852251	-0.9995931	0.1	75.80574	75.68906	0.1	34.76785	34.78564	0.1	62.59295	62.48967	0.1
243	32.49516	43.34728	3.799421	3.792589	0.1	-141.455	-141.5065	0.1	-153.7457	-153.7774	0.1	-88.47053	-88.56799	0.1	-0.7821191	-0.623129	-0.7826793	-0.6224252	0.1	-0.8968397	-0.4423556	-0.8970843	-0.4418594	0.1	0.02669108	-0.9996437	0.02499054	-0.9996877	0.1	76.05677	76.35294	0.1	34.94463	35.0564	0.1	62.99672	62.99773	0.1
