0	0	-14.86	0	0.3027684	1	153.6505	152.0087	1	90.0012	90.65729	1	26.35195	28.21585	1	-0.896102	0.4438483	-0.8830178	0.4693396	1	-1.959404E-05	1	-0.01147035	0.9999342	1	0.8960845	0.4438836	0.8811729	0.4727941	1	33.47864	34.21057	1	44.86	45.09378	1	33.47864	33.95691	1
1	4.670501E-06	-14.76	0	1.706519	1	153.8087	154.494	1	90.00588	91.71416	1	26.20306	25.1501	1	-0.8973244	0.4413715	-0.9025391	0.4306079	1	-0.0001013716	1	-0.02991211	0.9995525	1	0.897235	0.4415534	0.9051977	0.4249908	1	33.43438	31.69575	1	44.75999	45.0717	1	33.43437	32.76717	1
2	1.989527E-05	-14.61999	0	0.8411365	1	154.0251	153.4872	1	90.00665	89.67986	1	25.98815	25.60529	1	-0.8989854	0.4379785	-0.894834	0.4463989	1	-0.0001148423	1	0.005588816	0.9999844	1	0.8988849	0.4381849	0.9017928	0.4321687	1	33.37282	32.21387	1	44.62	45.33285	1	33.37279	33.08078	1
3	3.17304E-05	-14.51968	0	-1.247449	1	154.1805	155.5046	1	90.00697	91.14157	1	25.83344	25.97354	1	-0.9001694	0.4355399	-0.9099938	0.414622	1	-0.0001204451	1	-0.01992158	0.9998015	1	0.9000648	0.4357562	0.8989965	0.4379557	1	33.32901	32.6981	1	44.51968	44.76485	1	33.32896	32.0508	1
4	4.472685E-05	-14.41456	0	-0.3577311	1	154.3437	155.8192	1	90.00729	89.50567	1	25.67087	25.18799	1	-0.9014062	0.4329743	-0.9122566	0.4096192	1	-0.0001260479	1	0.008628814	0.9999627	1	0.9012976	0.4332006	0.9049164	0.4255893	1	33.28336	32.72014	1	44.41456	45.1842	1	33.28328	33.74501	1
5	5.978486E-05	-14.29723	0	0.5802126	1	154.5262	153.969	1	90.00744	90.48228	1	25.48869	25.57631	1	-0.9027807	0.4301011	-0.8985556	0.4388596	1	-0.0001285513	1	-0.00841612	0.9999646	1	0.9026704	0.4303326	0.9020113	0.4317125	1	33.23273	33.85351	1	44.29723	44.1862	1	33.23262	31.46972	1
6	7.73067E-05	-14.16008	0	-0.6679314	1	154.7397	155.2803	1	90.00719	89.77225	1	25.2746	24.86314	1	-0.9043775	0.4267333	-0.9083633	0.4181819	1	-0.0001242598	1	0.003976291	0.9999921	1	0.9042721	0.4269567	0.9073148	0.4204519	1	33.17398	32.55483	1	44.16008	44.20099	1	33.17384	33.62206	1
7	0.0001021575	-13.96312	0	-0.438801	1	155.0487	153.3799	1	90.00783	89.76488	1	24.9668	24.94736	1	-0.906666	0.4218491	-0.8939964	0.4480742	1	-0.0001353463	1	0.004104797	0.9999916	1	0.9065526	0.4220928	0.9066958	0.4217851	1	33.0904	34.98967	1	43.96312	43.95807	1	33.09022	32.68833	1
8	0.0001282679	-13.77158	0	0.7285064	1	155.3506	155.7113	1	90.00833	90.6319	1	24.66586	25.18288	1	-0.9088763	0.4170658	-0.9114838	0.411336	1	-0.0001441677	1	-0.01102728	0.9999392	1	0.9087572	0.4173253	0.9049544	0.4255086	1	33.01006	34.393	1	43.77158	43.0225	1	33.00983	32.00158	1
9	0.000159524	-13.55488	0	-0.8653192	1	155.694	154.6159	1	90.00892	90.29058	1	24.32368	23.31151	1	-0.911359	0.4116124	-0.9034534	0.4286865	1	-0.0001544197	1	-0.005070351	0.9999871	1	0.9112332	0.4118907	0.918367	0.3957297	1	32.92028	32.46402	1	43.55489	42.69189	1	32.91998	30.36189	1
10	0.0001959859	-13.31339	0	-1.364531	1	156.0785	156.8169	1	90.00926	90.89441	1	23.93982	23.58523	1	-0.9141009	0.4054869	-0.9192505	0.3936731	1	-0.0001603802	1	-0.01560844	0.9998782	1	0.9139723	0.4057765	0.916466	0.4001126	1	32.82161	33.5506	1	43.31339	43.32293	1	32.82125	32.81035	1
11	0.00023782	-13.04706	0	-0.1257521	1	156.5047	159.1631	1	90.00916	89.66765	1	23.51332	23.20592	1	-0.9170919	0.3986758	-0.9345961	0.3557109	1	-0.0001587113	1	0.00580184	0.9999832	1	0.9169675	0.398962	0.9190947	0.3940366	1	32.71452	31.91058	1	43.04706	43.24522	1	32.71408	32.70547	1
12	0.0002838795	-12.75548	0	-0.4947693	1	156.9754	157.5813	1	90.00993	90.52199	1	23.04411	22.74089	1	-0.9203361	0.3911283	-0.9244204	0.3813749	1	-0.0001720627	1	-0.009109057	0.9999585	1	0.9202039	0.3914393	0.9222625	0.386564	1	32.59938	31.01546	1	42.75548	43.72107	1	32.59885	32.07099	1
13	0.0003397186	-12.43892	0	-0.2189036	1	157.4909	156.6568	1	90.01154	89.78234	1	22.5317	23.22483	1	-0.923818	0.382832	-0.918147	0.3962399	1	-0.0002001961	1	0.003800101	0.9999928	1	0.9236678	0.3831942	0.9189647	0.3943399	1	32.47687	31.10785	1	42.43892	41.24184	1	32.47624	31.70763	1
14	0.0004069397	-12.09735	0	0.1820718	1	158.0503	159.1536	1	90.01207	90.09299	1	21.9733	21.93371	1	-0.9275113	0.3737951	-0.9345369	0.3558664	1	-0.0002093752	1	-0.001621647	0.9999987	1	0.9273584	0.3741742	0.9276168	0.3735333	1	32.34765	33.0195	1	42.09735	41.66619	1	32.34689	33.40417	1
15	0.0004807549	-11.73078	0	0.1007606	1	158.6552	158.5809	1	90.01237	89.29195	1	21.36881	23.5242	1	-0.9314063	0.3639812	-0.9309336	0.3651884	1	-0.0002147396	1	0.01235878	0.9999236	1	0.9312544	0.3643696	0.9168917	0.3991361	1	32.21242	33.63912	1	41.73078	42.69939	1	32.21152	33.00694	1
16	0.000580274	-11.25813	0	0.1039015	1	159.4434	158.9322	1	90.01347	90.21786	1	20.58268	20.79853	1	-0.9363248	0.3511351	-0.9331546	0.3594753	1	-0.0002339323	1	-0.003801023	0.9999928	1	0.936166	0.3515584	0.9348349	0.3550827	1	32.04341	30.78237	1	41.25813	41.03893	1	32.04232	31.6881	1
17	0.0006762094	-10.83668	0	-0.5952508	1	160.1532	159.798	1	90.0146	90.50278	1	19.87493	20.43149	1	-0.9406031	0.3395082	-0.9384801	0.3453332	1	-0.0002536019	0.9999999	-0.008773735	0.9999615	1	0.9404371	0.3399678	0.9370904	0.3490868	1	31.89787	31.89641	1	40.83668	42.08739	1	31.8966	33.40631	1
18	0.0007855319	-10.39008	0	-0.7934126	1	160.9116	162.091	1	90.01504	91.15828	1	19.1172	18.82588	1	-0.9450142	0.3270292	-0.9515455	0.3075078	1	-0.0002612313	0.9999999	-0.0202131	0.9997957	1	0.9448507	0.3275014	0.9465037	0.322693	1	31.74903	32.86486	1	40.39008	42.00301	1	31.74755	31.52315	1
19	0.0008892244	-9.918495	0	0.4482045	1	161.7105	162.8662	1	90.00605	89.99284	1	18.30003	18.429	1	-0.9494825	0.3138199	-0.9556189	0.2946057	1	-0.0001043518	1	0.0001263181	1	1	0.9494254	0.3139926	0.9487162	0.3161291	1	31.59794	30.86872	1	39.9185	41.51625	1	31.59625	30.88721	1
20	0.000696272	-9.421955	-0.09278741	-0.5061284	1	162.4717	162.2454	1	89.90806	90.66971	1	17.3431	16.23449	1	-0.9535678	0.3011784	-0.9523705	0.3049434	1	0.001605943	0.9999987	-0.01168706	0.9999317	1	0.9545369	0.2980927	0.9601256	0.2795689	1	31.44543	32.29829	1	39.42196	39.28567	1	31.4441	29.94334	1
21	-0.001077507	-8.90034	-0.3841043	-1.439073	1	163.0906	160.7734	1	89.61401	89.68475	1	16.1395	16.41281	1	-0.9567651	0.2908617	-0.9442229	0.329307	1	0.006737972	0.9999773	0.005503344	0.9999849	1	0.9605878	0.2779768	0.9592509	0.2825558	1	31.2914	31.45194	1	38.90034	39.31029	1	31.29346	31.73826	1
22	-0.006353522	-8.353816	-0.8204377	-1.875555	1	163.616	164.1035	1	89.17004	89.05187	1	14.73682	15.30094	1	-0.959392	0.2820764	-0.9617574	0.2739029	1	0.01448636	0.9998951	0.01654843	0.9998631	1	0.9671046	0.2543792	0.9645532	0.2638886	1	31.13527	31.90111	1	38.35382	37.91027	1	31.14751	30.99047	1
23	-0.01632189	-7.782201	-1.233528	-1.813343	1	164.2165	164.8843	1	88.74168	89.11354	1	13.30122	14.41753	1	-0.9622957	0.2720056	-0.9654004	0.260772	1	0.02196143	0.9997588	0.01547223	0.9998803	1	0.973174	0.2300703	0.9685071	0.2489859	1	30.97715	29.03444	1	37.7822	39.52309	1	31.00874	29.83546	1
24	-0.03037074	-7.185771	-1.484113	-0.2716031	1	165.0326	165.7707	1	88.46901	87.89434	1	11.97271	12.0304	1	-0.9660724	0.2582712	-0.969319	0.2458061	1	0.02671885	0.999643	0.03674367	0.9993247	1	0.9782466	0.2074457	0.9780372	0.2084305	1	30.81905	31.37828	1	37.18578	37.69235	1	30.87812	30.99407	1
25	-0.05037862	-6.437038	-1.551038	-3.2341	1	166.3189	164.0573	1	88.36969	85.40753	1	10.53943	11.20641	1	-0.9716268	0.2365192	-0.9615362	0.2746783	1	0.02845173	0.9995952	0.08006905	0.9967893	1	0.9831293	0.182912	0.9809334	0.194344	1	30.63356	30.45367	1	36.43707	36.6549	1	30.73208	29.65749	1
26	-0.06802176	-5.785736	-1.551417	-0.9159929	1	167.5084	168.3647	1	88.33963	86.21948	1	9.34033	10.58047	1	-0.9763272	0.2162987	-0.9794505	0.2016845	1	0.02897616	0.9995801	0.06593586	0.9978238	1	0.9867417	0.1622983	0.982998	0.1836162	1	30.48603	29.59874	1	35.7858	33.71181	1	30.61961	29.71875	1
27	-0.08634244	-5.109278	-1.550155	0.450585	1	168.7571	169.154	1	88.30887	89.79201	1	8.087817	9.820044	1	-0.9808091	0.1949706	-0.982136	0.1881728	1	0.02951273	0.9995644	0.003631421	0.9999934	1	0.9900536	0.1406906	0.9853483	0.1705541	1	30.34686	30.27661	1	35.10938	35.14459	1	30.51709	29.75096	1
28	-0.1053261	-4.407821	-1.554945	-1.282556	1	170.0575	170.4428	1	88.26968	87.94716	1	6.774768	6.466349	1	-0.9849812	0.1726613	-0.9861199	0.1660351	1	0.03019632	0.999544	0.03582243	0.9993582	1	0.9930176	0.1179666	0.9936382	0.1126195	1	30.21788	30.70971	1	34.40798	35.09607	1	30.4263	29.03419	1
29	-0.1254339	-3.681443	-1.670935	-1.242393	1	171.3038	172.1335	1	88.11562	87.97005	1	5.296166	4.648822	1	-0.9885037	0.1511968	-0.9905894	0.1368671	1	0.03288399	0.9994591	0.03542322	0.9993724	1	0.9957309	0.09230389	0.9967102	0.08104819	1	30.10054	29.58262	1	33.68167	34.51159	1	30.34954	27.52391	1
30	-0.1490967	-2.930218	-2.080084	-2.707529	1	172.3136	171.4995	1	87.66044	87.44948	1	3.471077	1.816553	1	-0.9910147	0.1337534	-0.9890142	0.1478205	1	0.04082292	0.9991664	0.04450158	0.9990093	1	0.9981655	0.06054463	0.9994975	0.03169949	1	29.99438	28.54964	1	32.93055	32.57846	1	30.29116	30.68225	1
31	-0.1815191	-2.154371	-2.972363	-3.051322	1	172.8952	172.3374	1	86.70417	87.96722	1	1.110299	2.432215	1	-0.9923213	0.1236867	-0.9910701	0.133342	1	0.05749256	0.9983459	0.03547242	0.9993706	1	0.9998122	0.01937714	0.9990991	0.04243739	1	29.89621	30.58386	1	32.15488	31.70275	1	30.25831	30.82382	1
32	-0.2308949	-1.354211	-4.49004	-3.401159	1	172.9053	171.3363	1	85.08802	86.06464	1	-1.924984	-0.4382865	1	-0.9923431	0.1235119	-0.988589	0.1506377	1	0.08562648	0.9963273	0.06863209	0.997642	1	0.9994357	-0.03359097	0.9999707	-0.007649463	1	29.79989	28.57682	1	31.35506	32.9091	1	30.26121	29.26616	1
33	-0.3074661	-0.5311599	-6.675881	-5.850755	1	172.2993	172.493	1	82.74714	81.20985	1	-5.671812	-7.868259	1	-0.9909813	0.1340005	-0.9914287	0.130649	1	0.1262497	0.9919985	0.152817	0.9882545	1	0.9951043	-0.09883011	0.9905854	-0.1368957	1	29.69728	31.41808	1	30.53271	29.80585	1	30.31212	30.25408	1
34	-0.4515272	0.4834067	-10.23343	-8.199721	1	170.7038	169.7646	1	78.89014	80.96519	1	-11.14292	-8.929976	1	-0.9868661	0.1615402	-0.9840857	0.1776945	1	0.1926919	0.9812593	0.1570355	0.9875929	1	0.9811482	-0.1932568	0.9878788	-0.1552271	1	29.55243	28.05226	1	29.52005	29.51209	1	30.45536	30.91029	1
35	-0.6301537	1.346515	-13.99592	-15.15076	1	168.6291	169.2229	1	74.74422	74.84853	1	-16.51305	-15.83904	1	-0.9803709	0.1971622	-0.9823616	0.1869911	1	0.2631297	0.9647605	0.2613727	0.965238	1	0.9587551	-0.2842335	0.9620323	-0.2729356	1	29.4007	31.14726	1	28.66041	29.2459	1	30.65974	29.36199	1
36	-0.8756126	2.219189	-18.3584	-17.4544	1	165.9989	166.9973	1	69.83632	68.11697	1	-22.46947	-20.64647	1	-0.9702907	0.241942	-0.9743588	0.2249999	1	0.3447042	0.9387113	0.3727138	0.9279463	1	0.9240835	-0.3821907	0.935774	-0.3526004	1	29.20881	29.30735	1	27.79461	28.26895	1	30.95526	32.11339	1
37	-1.198041	3.093048	-23.13342	-25.65158	1	162.9961	163.1373	1	64.31715	64.27981	1	-28.79535	-27.44554	1	-0.9562842	0.2924391	-0.957002	0.2900814	1	0.4333901	0.9012064	0.4339774	0.9009237	1	0.8763459	-0.4816822	0.8874495	-0.460905	1	28.96756	28.31579	1	26.93361	25.13121	1	31.35099	32.11707	1
38	-1.604091	3.958884	-28.07601	-28.9664	1	159.8609	158.5448	1	58.39912	57.32985	1	-35.21597	-36.30056	1	-0.9388584	0.3443033	-0.930703	0.3657759	1	0.5239998	0.8517184	0.5398026	0.8417916	1	0.8169845	-0.5766597	0.8059229	-0.5920206	1	28.67055	29.48446	1	26.09048	24.25376	1	31.85108	32.14448	1
39	-2.095037	4.808598	-32.87143	-33.13105	1	156.9058	156.9769	1	52.37452	51.68861	1	-41.39231	-41.04281	1	-0.9198602	0.3922462	-0.9203465	0.391104	1	0.610498	0.7920178	0.6199356	0.7846527	1	0.7502002	-0.6612108	0.7542195	-0.6566224	1	28.31624	27.49643	1	25.27837	24.93887	1	32.45326	32.94062	1
40	-2.664124	5.629749	-37.43608	-37.03008	1	154.2011	154.7328	1	46.32518	46.7252	1	-47.2151	-47.30415	1	-0.9003264	0.4352154	-0.9043263	0.426842	1	0.690565	0.7232703	0.6854987	0.7280739	1	0.6792485	-0.7339084	0.678107	-0.7349632	1	27.90957	28.68798	1	24.51544	23.32526	1	33.14573	32.32894	1
41	-3.295945	6.404559	-41.81549	-42.97652	1	151.6713	152.9299	1	40.23256	39.49539	1	-52.70349	-53.78085	1	-0.8802387	0.4745312	-0.8904495	0.4550821	1	0.7634295	0.6458911	0.7716761	0.6360157	1	0.6059405	-0.7955099	0.5908759	-0.8067624	1	27.46134	27.95872	1	23.82453	21.64096	1	33.90631	32.55517	1
42	-3.984205	7.129729	-45.97349	-45.27919	1	149.3524	150.1547	1	34.14425	33.33198	1	-57.82204	-59.09421	1	-0.8603173	0.5097588	-0.8673714	0.4976613	1	0.8276274	0.561278	0.8355011	0.5494888	1	0.5325513	-0.8463977	0.5136287	-0.8580126	1	26.97507	27.17196	1	23.21472	21.50268	1	34.72404	35.26993	1
43	-4.721395	7.805157	-49.6875	-48.88049	1	147.4714	148.0722	1	28.30328	27.93689	1	-62.35664	-61.97473	1	-0.8431218	0.5377226	-0.8487137	0.5288526	1	0.8804504	0.4741382	0.8834643	0.4684984	1	0.4639673	-0.8858523	0.4698617	-0.88274	1	26.45616	25.57034	1	22.69147	22.2701	1	35.58786	36.61261	1
44	-5.657211	8.556005	-53.2491	-54.48468	1	146.1165	146.0116	1	21.97223	21.84062	1	-66.7422	-67.18101	1	-0.8301714	0.5575082	-0.8291497	0.5590266	1	0.9273654	0.3741569	0.9282224	0.3720257	1	0.3948697	-0.9187371	0.387822	-0.9217343	1	25.80265	25.79225	1	22.17767	20.76093	1	36.66936	35.39325	1
45	-6.467812	9.141501	-55.37729	-54.27711	1	145.8523	145.2143	1	17.39507	15.51967	1	-69.44983	-69.91907	1	-0.8275918	0.5613304	-0.8212901	0.5705107	1	0.9542661	0.2989584	0.9635387	0.267569	1	0.3510284	-0.9363648	0.343348	-0.9392083	1	25.24541	25.48375	1	21.83826	22.64146	1	37.59612	36.88752	1
46	-7.29673	9.700826	-56.75909	-57.12236	1	146.3773	144.6084	1	13.46945	14.50962	1	-71.33859	-69.96654	1	-0.8327011	0.5537228	-0.8152117	0.5791631	1	0.9724943	0.2329267	0.9681056	0.2505424	1	0.3199759	-0.9474257	0.3425698	-0.9394924	1	24.68896	22.14804	1	21.57079	21.27932	1	38.53767	37.28604	1
47	-8.13608	10.2444	-57.3951	-56.77038	1	147.7105	149.1927	1	10.22122	9.153881	1	-72.43137	-72.13936	1	-0.8453584	0.5341996	-0.8588933	0.5121546	1	0.98413	0.177449	0.9872646	0.1590864	1	0.301849	-0.9533557	0.3067038	-0.951805	1	24.14495	23.39335	1	21.36538	21.35289	1	39.48808	40.36712	1
48	-8.978605	10.78306	-57.27331	-57.36694	1	149.8826	147.8299	1	7.683599	7.632008	1	-72.73692	-73.16402	1	-0.8649976	0.5017759	-0.8464705	0.5324357	1	0.9910215	0.1337024	0.9911415	0.13281	1	0.2967606	-0.9549519	0.289634	-0.9571375	1	23.62569	22.75155	1	21.21099	21.50595	1	40.44263	38.97863	1
49	-9.817151	11.32788	-56.4273	-55.87609	1	152.8766	154.8744	1	5.838853	7.055712	1	-72.30821	-72.58244	1	-0.8900254	0.455911	-0.9053781	0.4246063	1	0.994812	0.1017308	0.9924272	0.1228343	1	0.3038975	-0.9527047	0.2993343	-0.9541483	1	23.14451	21.54901	1	21.09561	21.8557	1	41.39717	42.41769	1
50	-10.64519	11.8885	-55.0221	-55.03858	1	156.5378	156.8786	1	4.532677	4.539446	1	-71.32602	-72.09	1	-0.9173223	0.3981455	-0.9196739	0.3926831	1	0.9968724	0.07902758	0.9968631	0.07914536	1	0.3201837	-0.9473554	0.3075238	-0.9515404	1	22.71442	23.16466	1	21.00825	19.48798	1	42.34818	41.61627	1
51	-11.61817	12.59076	-52.9503	-55.19477	1	161.4592	161.9935	1	3.332253	3.393471	1	-69.78246	-71.87814	1	-0.9480965	0.3179829	-0.9510205	0.3091279	1	0.9983093	0.05812595	0.9982466	0.05919257	1	0.3455865	-0.9383869	0.3110401	-0.9503968	1	22.28046	21.96234	1	20.92997	21.25378	1	43.48102	45.27116	1
52	-12.40872	13.2031	-51.22772	-53.11545	1	165.6623	165.5672	1	2.317058	1.260134	1	-68.52065	-71.50352	1	-0.9688523	0.2476393	-0.9684401	0.2492466	1	0.9991824	0.04042923	0.9997581	0.0219917	1	0.3661669	-0.9305492	0.3172473	-0.9483429	1	21.99489	21.60269	1	20.8833	20.70416	1	44.41645	43.48431	1
53	-13.18183	13.83733	-49.81413	-49.63246	1	169.6321	168.1488	1	0.9859589	-0.1376108	1	-67.58184	-66.96569	1	-0.983672	0.1799705	-0.9786837	0.2053734	1	0.9998519	0.01720737	0.9999971	-0.002401757	1	0.3813643	-0.9244248	0.3912832	-0.9202703	1	21.77895	21.11787	1	20.85647	20.42899	1	45.3447	43.74197	1
54	-13.94052	14.48876	-48.71013	-46.3273	1	173.3464	172.9299	1	-0.6570037	-0.9976081	1	-66.95937	-66.05595	1	-0.9932646	0.1158685	-0.9923961	0.1230858	1	0.9999343	-0.01146662	0.9998484	-0.01741065	1	0.3913848	-0.9202271	0.4058452	-0.9139419	1	21.6294	22.20677	1	20.85514	20.60966	1	46.26763	45.75183	1
55	-14.68717	15.15396	-47.65894	-46.89368	1	177.0423	178.7858	1	-2.35077	-2.267494	1	-66.39135	-66.21123	1	-0.9986678	0.05160128	-0.9997754	0.02119207	1	0.9991584	-0.04101713	0.999217	-0.03956487	1	0.4004882	-0.9163019	0.4033669	-0.9150383	1	21.54356	22.62214	1	20.88344	19.35569	1	47.18671	47.08637	1
56	-15.42047	15.83383	-46.35154	-47.00042	1	-178.9897	-178.9193	1	-3.77906	-2.365451	1	-65.57038	-65.64767	1	-0.9998445	-0.0176341	-0.9998221	-0.01886319	1	0.9978256	-0.06590918	0.9991479	-0.04127315	1	0.413576	-0.9104696	0.4123475	-0.9110267	1	21.52378	20.54576	1	20.9397	22.31319	1	48.10124	47.34915	1
57	-16.13593	16.53243	-44.55754	-45.06575	1	-174.5407	-174.317	1	-4.70815	-3.276162	1	-64.27226	-66.25342	1	-0.9954637	-0.09514168	-0.9950848	-0.09902639	1	0.9966257	-0.08208022	0.9983657	-0.05714861	1	0.4340961	-0.9008666	0.4026929	-0.9153352	1	21.57623	21.10162	1	21.0177	21.48003	1	49.00863	48.56809	1
58	-16.82582	17.25625	-42.07653	-41.58487	1	-169.4363	-167.2948	1	-4.936497	-5.944514	1	-62.30639	-61.3982	1	-0.9830512	-0.1833314	-0.9755141	-0.2199368	1	0.9962907	-0.0860515	0.9946226	-0.1035652	1	0.4647441	-0.8854451	0.4787202	-0.8779675	1	21.7103	21.89389	1	21.10714	20.05147	1	49.90427	50.54997	1
59	-17.47975	18.01265	-38.84913	-40.12595	1	-163.6516	-165.2424	1	-4.407311	-4.14163	1	-59.62465	-60.35973	1	-0.9595671	-0.2814798	-0.9670115	-0.2547328	1	0.997043	-0.0768462	0.9973886	-0.07222208	1	0.5056634	-0.8627309	0.4945535	-0.8691472	1	21.93655	21.37327	1	21.19524	22.49453	1	50.78171	50.79815	1
60	-18.08599	18.8077	-34.90835	-34.99199	1	-157.2612	-158.4787	1	-3.157527	-4.426636	1	-56.27013	-56.19382	1	-0.9222755	-0.3865331	-0.9302806	-0.3668487	1	0.9984819	-0.05508132	0.997017	-0.07718248	1	0.5552787	-0.8316644	0.5563859	-0.830924	1	22.26373	19.78829	1	21.269	20.86731	1	51.63324	51.27064	1
61	-18.73412	19.81711	-29.51314	-27.21108	1	-149.1311	-148.016	1	-0.9867525	0.9603153	1	-51.64163	-51.56044	1	-0.8583421	-0.5130779	-0.8481946	-0.5296848	1	0.9998517	-0.01722121	0.9998596	0.01675987	1	0.6205787	-0.7841442	0.6216893	-0.783264	1	22.79556	22.68824	1	21.32273	22.15341	1	52.60924	52.77415	1
62	-19.19742	20.703	-24.72034	-24.19779	1	-142.2754	-142.0748	1	1.119775	0.1363604	1	-47.54241	-47.38802	1	-0.7909594	-0.6118687	-0.788813	-0.6146333	1	0.999809	0.01954251	0.9999971	0.002379934	1	0.6750448	-0.7377768	0.6770303	-0.7359551	1	23.35187	21.65256	1	21.33014	20.51323	1	53.37603	53.73626	1
63	-19.58484	21.62459	-19.98454	-21.89216	1	-135.7016	-133.8418	1	3.169224	1.493407	1	-43.54718	-43.52705	1	-0.7157112	-0.6983964	-0.6926687	-0.7212558	1	0.9984706	0.05528514	0.9996603	0.0260619	1	0.7248077	-0.6889513	0.7250497	-0.6886965	1	24.00205	24.33156	1	21.30055	20.19364	1	54.0951	54.72259	1
64	-19.89695	22.57439	-15.56435	-14.85004	1	-129.675	-131.1126	1	4.901409	3.857192	1	-39.9073	-41.20773	1	-0.6384307	-0.7696793	-0.6575395	-0.7534201	1	0.9963432	0.08544136	0.9977348	0.06726981	1	0.7670838	-0.6415469	0.7523264	-0.6587905	1	24.73206	25.61895	1	21.23743	20.96817	1	54.76594	55.14466	1
65	-20.13706	23.54492	-11.45853	-9.507626	1	-124.1873	-125.863	1	6.315065	6.692354	1	-36.6138	-36.0763	1	-0.5618985	-0.8272061	-0.5858471	-0.8104216	1	0.9939321	0.1099956	0.9931862	0.1165381	1	0.8026741	-0.5964179	0.8082338	-0.5888617	1	25.52725	26.02734	1	21.14638	21.0208	1	55.39032	56.92907	1
66	-20.30927	24.5298	-7.668334	-6.695523	1	-119.2253	-119.8405	1	7.406236	7.508993	1	-33.66128	-33.82603	1	-0.4882436	-0.8727074	-0.4975859	-0.8674147	1	0.9916571	0.1289034	0.9914244	0.1306817	1	0.8323292	-0.5542817	0.8307319	-0.5566727	1	26.37463	25.45007	1	21.03306	21.50446	1	55.97083	54.99709	1
67	-20.41806	25.52371	-4.174529	-2.732943	1	-114.7513	-115.8944	1	8.190911	7.470922	1	-31.02496	-32.81689	1	-0.4186795	-0.908134	-0.436712	-0.8996014	1	0.9897988	0.1424718	0.991511	0.1300229	1	0.8569431	-0.515411	0.8404071	-0.5419556	1	27.26304	26.82539	1	20.90298	20.98203	1	56.51054	55.70107	1
68	-20.46828	26.52232	-1.000538	-1.831285	1	-110.7682	-110.0164	1	8.64227	8.32611	1	-28.72358	-30.45571	1	-0.3545869	-0.9350231	-0.3422884	-0.9395949	1	0.9886458	0.1502646	0.9894599	0.144807	1	0.8769487	-0.4805841	0.8620214	-0.5068718	1	28.1831	29.17105	1	20.76161	21.80896	1	57.01299	55.1968	1
69	-20.4654	27.52222	1.847692	3.525528	1	-107.2601	-107.1238	1	8.750999	10.07151	1	-26.75897	-25.16044	1	-0.2967084	-0.9549682	-0.2944358	-0.9556713	1	0.9883589	0.1521405	0.9845903	0.174877	1	0.8929086	-0.450238	0.905121	-0.4251541	1	29.12698	28.42711	1	20.61485	21.1439	1	57.48243	57.4957	1
70	-20.41512	28.52087	4.368254	3.307472	1	-104.2074	-105.7719	1	8.512278	7.585112	1	-25.12945	-25.85008	1	-0.2454319	-0.9694139	-0.2718067	-0.9623519	1	0.9889842	0.1480212	0.9912499	0.1319987	1	0.9053507	-0.4246646	0.8999382	-0.4360175	1	30.08837	28.83741	1	20.46863	21.36653	1	57.92343	57.26004	1
71	-20.29962	29.71519	7.111492	6.218081	1	-100.9675	-100.9385	1	7.915321	8.753741	1	-23.46155	-22.67379	1	-0.1902512	-0.9817355	-0.1897535	-0.9818317	1	0.9904727	0.1377093	0.9883516	0.1521878	1	0.9173276	-0.3981332	0.9227147	-0.3854837	1	31.25843	31.83905	1	20.30161	21.09707	1	58.42126	57.8935	1
72	-20.16125	30.70552	9.164739	10.72055	1	-98.60191	-98.0434	1	7.160564	7.495318	1	-22.30758	-22.11213	1	-0.149567	-0.9887516	-0.1399217	-0.9901626	1	0.9922007	0.1246502	0.9914556	0.1304451	1	0.9251596	-0.3795783	0.9264491	-0.3764202	1	32.24329	33.19746	1	20.17359	21.57182	1	58.81309	59.93818	1
73	-19.98882	31.69049	11.05295	11.44967	1	-96.47863	-96.30753	1	6.218832	4.337296	1	-21.31976	-22.90261	1	-0.1128313	-0.9936141	-0.1098637	-0.9939467	1	0.9941154	0.108326	0.9971361	0.07562777	1	0.931566	-0.3635723	0.9211679	-0.3891656	1	33.23419	34.33438	1	20.06017	18.90135	1	59.18758	60.11212	1
74	-19.78555	32.66958	12.67417	12.0944	1	-94.68817	-95.4813	1	4.989866	4.017187	1	-20.59896	-21.6554	1	-0.08173141	-0.9966544	-0.09551953	-0.9954275	1	0.9962101	0.08697947	0.9975431	0.07005565	1	0.936066	-0.3518244	0.9294202	-0.3690232	1	34.22918	33.05325	1	19.96483	19.65604	1	59.54748	59.824	1
75	-19.55684	33.64305	13.98278	14.91586	1	-93.26212	-92.00761	1	3.430567	2.07486	1	-20.18894	-18.64957	1	-0.0569027	-0.9983797	-0.03503099	-0.9993863	1	0.998208	0.05983888	0.9993443	0.03620519	1	0.9385598	-0.3451168	0.9474922	-0.3197789	1	35.22662	34.97276	1	19.89326	21.49856	1	59.8977	60.16333	1
76	-19.30806	34.6116	14.97461	13.51164	1	-92.19194	-90.97601	1	1.541547	2.381122	1	-20.09217	-19.81574	1	-0.03824593	-0.9992684	-0.01703256	-0.9998549	1	0.9996381	0.02690179	0.9991366	0.04154642	1	0.9391413	-0.3435311	0.9407878	-0.3389961	1	36.22541	36.62957	1	19.85114	20.47749	1	60.24323	58.60689	1
77	-19.04464	35.57627	15.66164	16.96069	1	-91.45406	-91.35613	1	-0.6584912	0.4436803	1	-20.29495	-19.88189	1	-0.02537424	-0.999678	-0.02366553	-0.9997199	1	0.999934	-0.01149258	0.99997	0.007743599	1	0.9379196	-0.3468527	0.9403958	-0.3400821	1	37.22487	37.54675	1	19.84422	21.08118	1	60.58916	60.20158	1
78	-18.77176	36.53831	16.02946	13.29845	1	-91.05276	-90.40349	1	-3.1741	-2.960491	1	-20.80997	-20.33509	1	-0.01837179	-0.9998312	-0.007040844	-0.9999752	1	0.9984659	-0.05537012	0.9986654	-0.05164728	1	0.934764	-0.3552693	0.9376764	-0.3475097	1	38.22462	39.33648	1	19.87784	20.25654	1	60.9404	61.33788	1
79	-18.49488	37.49921	16.09604	15.48846	1	-90.96047	-91.62444	1	-5.975238	-5.674071	1	-21.61736	-21.83231	1	-0.01676128	-0.9998595	-0.0283466	-0.9995981	1	0.994567	-0.1040986	0.9951004	-0.09886935	1	0.929665	-0.368406	0.9282764	-0.3718911	1	39.22447	38.97073	1	19.95743	19.58349	1	61.30207	61.27469	1
80	-18.16217	38.65217	16.09902	17.09968	1	-90.92901	-90.87279	1	-9.373349	-8.782844	1	-22.64948	-24.20829	1	-0.01621227	-0.9998686	-0.01523118	-0.999884	1	0.986648	-0.1628669	0.9882742	-0.1526898	1	0.9228781	-0.3850922	0.9120609	-0.4100547	1	40.42431	39.29642	1	20.11777	21.03457	1	61.75423	61.76703	1
81	-17.88486	39.61296	16.09965	17.30063	1	-90.90597	-90.5555	1	-12.15797	-10.29735	1	-23.49974	-24.45267	1	-0.01581023	-0.999875	-0.009693991	-0.999953	1	0.9775707	-0.2106076	0.9838933	-0.1787566	1	0.917062	-0.3987446	0.9103037	-0.4139411	1	41.42418	40.72099	1	20.30461	20.65707	1	62.14617	63.30119	1
82	-17.60755	40.57374	16.09902	16.41991	1	-90.88524	-90.66774	1	-14.88677	-14.31164	1	-24.34042	-24.84705	1	-0.01544848	-0.9998807	-0.01165273	-0.9999321	1	0.9664355	-0.2569094	0.9689656	-0.2471957	1	0.9111128	-0.412157	0.9074329	-0.4201971	1	42.42406	42.43219	1	20.5385	20.9115	1	62.55164	62.46281	1
83	-17.33023	41.53452	16.10259	16.26717	1	-90.86131	-90.68415	1	-17.54403	-17.70147	1	-25.16588	-23.74133	1	-0.01503093	-0.999887	-0.01193917	-0.9999287	1	0.9534857	-0.3014383	0.9526538	-0.3040572	1	0.9050806	-0.4252401	0.9153725	-0.4026079	1	43.42395	44.49286	1	20.81783	19.29752	1	62.97036	62.98833	1
84	-17.05286	42.49528	16.10443	16.05049	1	-90.8401	-90.18876	1	-20.12722	-19.65277	1	-25.98199	-26.90956	1	-0.01466059	-0.9998925	-0.003293194	-0.9999946	1	0.938931	-0.3441056	0.9417481	-0.3363189	1	0.898932	-0.4380883	0.8917221	-0.4525832	1	44.42384	44.80145	1	21.14077	23.58206	1	63.40206	64.65732	1
85	-16.77548	43.45604	16.10626	16.48954	1	-90.81976	-91.47842	1	-22.62774	-24.34455	1	-26.7869	-27.36421	1	-0.01430574	-0.9998977	-0.0257992	-0.9996672	1	0.9230242	-0.3847419	0.9110832	-0.4122225	1	0.892689	-0.4506732	0.8881029	-0.4596448	1	45.42373	44.89965	1	21.50539	22.03127	1	63.84649	63.24797	1
86	-16.49804	44.41678	16.10926	15.19807	1	-90.79913	-91.3521	1	-25.03926	-25.8398	1	-27.57933	-29.04001	1	-0.01394577	-0.9999027	-0.02359521	-0.9997216	1	0.9060181	-0.4232389	0.9000164	-0.435856	1	0.8863708	-0.4629759	0.8742811	-0.48542	1	46.42363	46.58162	1	21.90956	21.65049	1	64.30333	63.55651	1
87	-16.22058	45.37752	16.11045	16.15722	1	-90.78109	-90.85039	1	-27.36122	-25.78834	1	-28.36223	-28.25471	1	-0.01363085	-0.9999071	-0.01484022	-0.9998899	1	0.8881269	-0.4595984	0.9004074	-0.4350476	1	0.8799621	-0.4750439	0.880852	-0.4733917	1	47.42353	47.43877	1	22.35118	21.99502	1	64.77238	65.14182	1
88	-15.88761	46.5304	16.10987	15.91576	1	-90.76237	-91.20123	1	-30.02605	-31.21857	1	-29.28863	-27.73801	1	-0.01330424	-0.9999115	-0.02096253	-0.9997802	1	0.8657982	-0.5003933	0.8551965	-0.5183039	1	0.8721666	-0.4892091	0.8850852	-0.4654289	1	48.62342	48.59641	1	22.9275	22.33818	1	65.35098	64.36674	1
89	-15.61011	47.49112	16.11347	15.6067	1	-90.74343	-89.97774	1	-32.13892	-31.43926	1	-30.04397	-27.98931	1	-0.0129737	-0.9999158	0.0003897707	-0.9999999	1	0.8467609	-0.5319736	0.8531938	-0.521594	1	0.8656416	-0.5006642	0.8830354	-0.4693064	1	49.62334	50.50592	1	23.44386	24.07181	1	65.84595	68.37277	1
90	-15.33257	48.45183	16.11347	14.90976	1	-90.72874	-90.91663	1	-34.16161	-33.67362	1	-30.79148	-29.84515	1	-0.01271742	-0.9999191	-0.01599629	-0.999872	1	0.8274573	-0.5615286	0.8322098	-0.5544609	1	0.8590363	-0.5119148	0.8673738	-0.4976573	1	50.62325	51.58747	1	23.99078	25.06929	1	66.35226	66.04495	1
91	-15.05501	49.41254	16.11585	16.31288	1	-90.71227	-90.29921	1	-36.08949	-36.3345	1	-31.52517	-31.4835	1	-0.0124298	-0.9999228	-0.00522091	-0.9999864	1	0.8080983	-0.5890477	0.805572	-0.5924979	1	0.8524108	-0.5228727	0.8527908	-0.5222526	1	51.62318	52.86072	1	24.56624	24.75895	1	66.86967	65.75791	1
92	-14.77737	50.37323	16.12243	15.67971	1	-90.69222	-90.72796	1	-37.92297	-37.83043	1	-32.24329	-32.75741	1	-0.01207994	-0.999927	-0.0127036	-0.9999193	1	0.788838	-0.6146011	0.7898297	-0.6133261	1	0.8457905	-0.5335152	0.8409693	-0.5410829	1	52.6231	52.38662	1	25.16821	26.01837	1	67.39789	67.07397	1
93	-14.49965	51.33389	16.12603	15.82325	1	-90.67574	-90.89972	1	-39.67184	-39.87712	1	-32.95303	-33.44933	1	-0.01179231	-0.9999304	-0.01570117	-0.9998767	1	0.7697138	-0.6383892	0.7674216	-0.6411428	1	0.8391171	-0.5439509	0.8343739	-0.5511989	1	53.62303	53.13775	1	25.79486	27.14757	1	67.93665	67.97526	1
94	-14.2219	52.29455	16.12481	15.99068	1	-90.66459	-91.86194	1	-41.341	-41.066	1	-33.65629	-35.85045	1	-0.01159777	-0.9999328	-0.03248994	-0.9994721	1	0.750792	-0.6605387	0.7539537	-0.6569275	1	0.8323774	-0.5542092	0.8105487	-0.5856712	1	54.62296	56.30722	1	26.44446	25.42375	1	68.48574	68.98973	1
95	-13.94415	53.2552	16.12663	14.66659	1	-90.65083	-91.70615	1	-42.92585	-44.2851	1	-34.34521	-32.57431	1	-0.0113577	-0.9999355	-0.02977234	-0.9995567	1	0.7322361	-0.6810509	0.7158748	-0.6982287	1	0.8256537	-0.5641773	0.8426942	-0.5383925	1	55.6229	54.70945	1	27.11538	26.71717	1	69.04495	69.06033	1
96	-13.6108	54.40797	16.12967	16.32986	1	-90.63409	-91.19365	1	-44.72465	-45.03395	1	-35.15635	-36.19513	1	-0.01106554	-0.9999388	-0.02083036	-0.999783	1	0.7104973	-0.7036999	0.706688	-0.7075253	1	0.8175842	-0.5758091	0.8070108	-0.5905367	1	56.82282	55.87444	1	27.94643	28.62636	1	69.72897	69.79471	1
97	-13.33299	55.36861	16.12907	18.42573	1	-90.62373	-90.99944	1	-46.14584	-47.17995	1	-35.82321	-34.8406	1	-0.01088459	-0.9999408	-0.01744127	-0.9998479	1	0.6928256	-0.7211052	0.6796985	-0.7334917	1	0.8108271	-0.5852858	0.8207449	-0.5712948	1	57.82276	57.48116	1	28.65894	29.01267	1	70.30953	68.6044	1
98	-13.05516	56.32924	16.13204	17.09576	1	-90.61018	-91.69604	1	-47.49377	-46.78686	1	-36.47552	-35.74784	1	-0.01064809	-0.9999433	-0.02959586	-0.999562	1	0.6756708	-0.7372035	0.6847148	-0.7288111	1	0.8041112	-0.5944789	0.8115962	-0.5842187	1	58.8227	58.92817	1	29.38819	29.44365	1	70.89943	68.48552	1
99	-12.77728	57.28985	16.13508	17.26973	1	-90.59698	-88.16639	1	-48.77564	-47.98861	1	-37.1169	-37.96414	1	-0.01041779	-0.9999458	0.03199837	-0.9994879	1	0.6590098	-0.7521343	0.6692789	-0.7430113	1	0.7974063	-0.6034428	0.7883962	-0.6151677	1	59.82265	61.84393	1	30.13295	31.04802	1	71.49841	72.71449	1
100	-12.49939	58.25047	16.13266	15.2282	1	-90.58957	-90.79688	1	-50.0004	-48.73444	1	-37.75295	-37.61846	1	-0.01028846	-0.9999471	-0.01390631	-0.9999033	1	0.6427829	-0.7660484	0.6595504	-0.7516603	1	0.7906584	-0.6122575	0.7920933	-0.6104	1	60.8226	60.36073	1	30.89213	30.71162	1	72.10628	71.49772	1
101	-12.22152	59.21109	16.13565	15.10098	1	-90.57704	-90.70836	1	-51.16058	-51.4124	1	-38.37289	-39.27994	1	-0.01006984	-0.9999493	-0.01236161	-0.9999236	1	0.6271405	-0.7789062	0.623711	-0.7816551	1	0.7839876	-0.6207765	0.7740623	-0.6331095	1	61.82255	61.61478	1	31.6647	31.88968	1	72.72282	71.62911	1
102	-11.94361	60.1717	16.13445	15.88919	1	-90.56906	-91.08023	1	-52.26918	-53.04957	1	-38.98652	-39.95731	1	-0.009930611	-0.9999507	-0.01885116	-0.9998223	1	0.6119531	-0.790894	0.6011244	-0.7991555	1	0.7772943	-0.6291372	0.7665235	-0.6422163	1	62.8225	62.63414	1	32.44967	32.4379	1	73.34779	74.15894	1
103	-11.66572	61.13231	16.13565	16.337	1	-90.55892	-91.25639	1	-53.32265	-54.49251	1	-39.58731	-39.4175	1	-0.009753593	-0.9999524	-0.02192517	-0.9997596	1	0.5973088	-0.8020114	0.58081	-0.8140392	1	0.7706547	-0.6372529	0.77254	-0.6349661	1	63.82245	64.39905	1	33.2462	33.12946	1	73.98103	74.33201	1
104	-11.38778	62.09291	16.13806	16.31024	1	-90.54793	-89.00147	1	-54.32532	-55.0616	1	-40.17666	-39.92083	1	-0.009561675	-0.9999543	0.01742795	-0.9998481	1	0.5831829	-0.8123409	0.572696	-0.8197678	1	0.7640592	-0.6451461	0.7669322	-0.6417281	1	64.8224	64.12038	1	34.05344	34.81644	1	74.62224	73.09441	1
105	-11.10983	63.05351	16.13866	15.60296	1	-90.53901	-89.51579	1	-55.28299	-55.77181	1	-40.75767	-41.77507	1	-0.009406114	-0.9999558	0.008452271	-0.9999643	1	0.5695242	-0.8219746	0.5624909	-0.8268035	1	0.7574779	-0.6528607	0.7457664	-0.6662076	1	65.82236	66.79111	1	34.87066	35.59685	1	75.27126	74.39292	1
106	-10.77626	64.20621	16.13923	16.00805	1	-90.52879	-89.14597	1	-56.37436	-56.20527	1	-41.44184	-40.96915	1	-0.009227784	-0.9999574	0.01490641	-0.9998889	1	0.553765	-0.832673	0.5562198	-0.8310352	1	0.7496283	-0.661859	0.7550631	-0.6556522	1	67.02231	64.90098	1	35.86353	34.80775	1	76.06012	77.20682	1
107	-10.49829	65.16679	16.14043	16.07954	1	-90.51981	-90.77857	1	-57.2377	-59.80567	1	-42.00043	-40.39819	1	-0.009071031	-0.9999589	-0.01358698	-0.9999077	1	0.5411557	-0.8409224	0.5029352	-0.8643242	1	0.7431402	-0.6691358	0.7615591	-0.6480955	1	68.02226	68.18248	1	36.70037	35.4287	1	76.72563	77.50176	1
108	-10.22026	66.12737	16.14401	16.67055	1	-90.50874	-90.422	1	-58.06003	-58.89621	1	-42.54701	-41.36091	1	-0.008877682	-0.9999606	-0.007364012	-0.9999729	1	0.5290312	-0.8486024	0.5165907	-0.8562325	1	0.7367232	-0.6761945	0.7505624	-0.6607996	1	69.02222	68.99845	1	37.54518	37.21436	1	77.39831	77.99283	1
109	-9.942196	67.08795	16.14462	14.70125	1	-90.50088	-91.2602	1	-58.84888	-59.15627	1	-43.08706	-43.0005	1	-0.008740596	-0.9999618	-0.02199155	-0.9997582	1	0.5172977	-0.8558055	0.5126989	-0.8585684	1	0.7303171	-0.6831083	0.7313482	-0.6820043	1	70.0222	69.14074	1	38.39744	38.8351	1	78.07799	77.47162	1
110	-9.664125	68.04852	16.14462	16.71045	1	-90.49383	-90.42014	1	-59.60392	-59.37609	1	-43.61833	-44.36483	1	-0.008617576	-0.9999629	-0.007331588	-0.9999731	1	0.5059755	-0.8625479	0.5094011	-0.8605292	1	0.7239516	-0.6898507	0.7149024	-0.6992242	1	71.02217	71.10192	1	39.25666	39.65451	1	78.76449	78.30257	1
111	-9.386066	69.0091	16.14403	16.15023	1	-90.48754	-89.90073	1	-60.32706	-60.39123	1	-44.14094	-42.30785	1	-0.008507789	-0.9999638	0.001733735	-0.9999985	1	0.4950491	-0.868865	0.4940757	-0.8694189	1	0.7176293	-0.6964253	0.7395393	-0.6731133	1	72.02216	71.83386	1	40.12242	40.93213	1	79.45765	81.35401	1
112	-9.108013	69.96968	16.14344	15.5406	1	-90.48146	-93.39539	1	-61.01958	-61.69247	1	-44.65451	-44.68848	1	-0.008401697	-0.9999647	-0.05922478	-0.9982446	1	0.4845113	-0.8747849	0.4742046	-0.8804147	1	0.7113581	-0.7028297	0.7109413	-0.7032514	1	73.02213	73.50944	1	40.99428	40.04844	1	80.1573	79.92699	1
113	-8.829958	70.93026	16.14528	15.51346	1	-90.47314	-89.60687	1	-61.68077	-61.44002	1	-45.15674	-45.07934	1	-0.008256385	-0.9999659	0.006862543	-0.9999765	1	0.4743844	-0.8803178	0.4780793	-0.8783167	1	0.7051702	-0.7090381	0.7061274	-0.7080848	1	74.02211	73.69501	1	41.87188	42.89305	1	80.86327	81.22646	1
114	-8.551874	71.89081	16.14644	16.74109	1	-90.46567	-88.98692	1	-62.31535	-63.44128	1	-45.65085	-47.79452	1	-0.008126094	-0.999967	0.01768183	-0.9998437	1	0.4646056	-0.8855177	0.4471156	-0.8944762	1	0.6990294	-0.715093	0.6717919	-0.7407399	1	75.02206	77.02315	1	42.75482	41.15388	1	81.57533	82.89262	1
115	-8.218143	73.04346	16.14945	15.37536	1	-90.45535	-89.80869	1	-63.04134	-62.42467	1	-46.23087	-45.68983	1	-0.007945855	-0.9999684	0.003340194	-0.9999944	1	0.4533482	-0.8913335	0.4629152	-0.8864026	1	0.6917547	-0.7221326	0.6985427	-0.7155684	1	76.22202	74.72125	1	43.82096	45.44051	1	82.43769	82.4232	1
116	-7.939984	74.004	16.15183	13.66169	1	-90.44708	-90.42654	1	-63.6199	-64.28049	1	-46.7051	-48.78394	1	-0.007801736	-0.9999695	-0.007443164	-0.9999723	1	0.4443248	-0.8958657	0.4339667	-0.9009289	1	0.6857541	-0.7278333	0.6589009	-0.7522298	1	77.22199	77.00272	1	44.7146	44.93034	1	83.1627	83.47511	1
117	-7.661776	74.96452	16.15364	16.71878	1	-90.43958	-90.66087	1	-64.17627	-64.92013	1	-47.17165	-46.46418	1	-0.007670848	-0.9999706	-0.01153293	-0.9999335	1	0.4356048	-0.900138	0.4238821	-0.9057174	1	0.6798047	-0.7333931	0.6888084	-0.7249434	1	78.22196	79.79951	1	45.61261	45.34606	1	83.89331	82.47662	1
118	-7.383546	75.92502	16.15601	15.92045	1	-90.43167	-91.06005	1	-64.71048	-64.98521	1	-47.62953	-46.87761	1	-0.007532688	-0.9999716	-0.01849908	-0.9998289	1	0.4271933	-0.9041603	0.4228531	-0.9061983	1	0.6739222	-0.7388023	0.6835596	-0.7298947	1	79.22192	81.29258	1	46.51477	47.54867	1	84.62942	83.61851	1
