1	1705952595373	1	(30.00, 0.00, 0.00)	313.3095	313.3407	3	0	0.08114338	1
1	1705952595561	0	(-30.00, 0.00, 0.00)	47.67698	52.33566	3	0	2.308856	1
1	1705952595780	1	(30.00, 0.00, 0.00)	311.1534	314.7767	3	0	1.592064	1
1	1705952596179	0	(-30.00, 0.00, 0.00)	51.22408	56.19873	3	0	-0.2830172	1
1	1705952596200	1	(30.00, 0.00, 0.00)	308.6596	307.629	3	0	0.1173485	1
1	1705952596619	1	(30.00, 0.00, 0.00)	305.9794	304.7117	3	0	-0.167906	1
1	1705952596802	0	(-30.00, 0.00, 0.00)	55.26542	52.63489	3	0	-0.6818265	1
1	1705952597045	1	(30.00, 0.00, 0.00)	303.1308	307.6431	3	0	0.12147	1
1	1705952597420	0	(-30.00, 0.00, 0.00)	59.4598	61.79055	3	0	1.076844	1
1	1705952597460	1	(30.00, 0.00, 0.00)	300.256	300.3918	3	0	0.2051223	1
1	1705952597880	1	(30.00, 0.00, 0.00)	296.8693	297.2303	3	0	0.5366002	1
1	1705952598039	0	(-30.00, 0.00, 0.00)	64.60843	61.67607	3	0	-2.435654	1
1	1705952598300	1	(30.00, 0.00, 0.00)	292.9115	295.1919	3	0	0.1627602	1
1	1705952598661	0	(-30.00, 0.00, 0.00)	70.88104	66.89697	3	0	-1.303384	1
1	1705952598721	1	(30.00, 0.00, 0.00)	288.5372	290.1147	3	0	0.1612476	1
1	1705952599141	1	(30.00, 0.00, 0.00)	283.7113	287.5445	3	0	0.1043874	1
1	1705952599280	0	(-30.00, 0.00, 0.00)	77.92181	77.56944	3	0	1.230657	1
1	1705952599562	1	(30.00, 0.00, 0.00)	279.0148	279.5399	3	0	1.552359	1
1	1705952599901	0	(-30.00, 0.00, 0.00)	85.12352	87.14657	3	0	-0.8713125	1
1	1705952599979	1	(30.00, 0.00, 0.00)	274.0032	269.8758	3	0	0.4604295	1
1	1705952600400	1	(30.00, 0.00, 0.00)	268.9297	269.8764	3	0	-2.008068	1
1	1705952600530	0	(-30.00, 0.00, 0.00)	92.67281	92.88974	3	0	-0.03300193	1
1	1705952600821	1	(30.00, 0.00, 0.00)	263.835	259.526	3	0	0.7223395	1
1	1705952601139	0	(-30.00, 0.00, 0.00)	99.79739	98.71895	3	0	-2.013578	1
1	1705952601239	1	(30.00, 0.00, 0.00)	258.9097	255.0289	3	0	1.590404	1
1	1705952601659	1	(30.00, 0.00, 0.00)	254.2507	252.9355	3	0	-0.02428536	1
1	1705952601762	0	(-30.00, 0.00, 0.00)	106.8752	108.8442	3	0	0.3221925	1
1	1705952602082	1	(30.00, 0.00, 0.00)	249.6946	248.2965	3	0	-0.8740828	1
1	1705952602381	0	(-30.00, 0.00, 0.00)	113.4618	112.9943	3	0	0.5568597	1
1	1705952602499	1	(30.00, 0.00, 0.00)	245.3281	241.729	3	0	0.09685007	1
1	1705952602921	1	(30.00, 0.00, 0.00)	241.1589	238.1204	3	0	2.019675	1
1	1705952603001	0	(-30.00, 0.00, 0.00)	119.5398	127.9167	3	0	-0.1266657	1
1	1705952603344	1	(30.00, 0.00, 0.00)	237.4611	231.909	3	0	-1.78985	1
1	1705952603619	0	(-30.00, 0.00, 0.00)	124.7101	120.3142	3	0	0.6240712	1
1	1705952603759	1	(30.00, 0.00, 0.00)	234.1446	235.3185	3	0	-0.3088038	1
1	1705952604182	1	(30.00, 0.00, 0.00)	231.1534	229.012	3	0	-0.05471521	1
1	1705952604240	0	(-30.00, 0.00, 0.00)	129.307	132.3766	3	0	-0.8954104	1
1	1705952604601	1	(30.00, 0.00, 0.00)	228.3086	225.5547	3	0	0.5246595	1
1	1705952604861	0	(-30.00, 0.00, 0.00)	133.3711	133.8104	3	0	1.012069	1
1	1705952605022	1	(30.00, 0.00, 0.00)	225.5973	225.5029	3	0	-2.001298	1
1	1705952605442	1	(30.00, 0.00, 0.00)	223.4389	225.4888	3	0	1.788918	1
1	1705952605481	0	(-30.00, 0.00, 0.00)	136.759	132.8888	3	0	0.09132241	1
1	1705952605864	1	(30.00, 0.00, 0.00)	221.7594	223.6429	3	0	-0.00451928	1
1	1705952606100	0	(-30.00, 0.00, 0.00)	139.3024	139.657	3	0	-3.022523	1
1	1705952606281	1	(30.00, 0.00, 0.00)	219.7734	218.5635	3	0	-0.6599134	1
1	1706447239567	1	(30.00, 0.00, 0.00)	309,0534	310,1023	3	0	-1,229797	1
1	1706447239766	0	(-30.00, 0.00, 0.00)	54,70176	52,65318	3	0	-0,9940221	1
1	1706447239987	1	(30.00, 0.00, 0.00)	300,5685	301,3036	3	0	-0,1544143	1
1	1706447240387	0	(-30.00, 0.00, 0.00)	67,60899	63,84742	3	0	-0,3607039	1
1	1706447240407	1	(30.00, 0.00, 0.00)	291,8666	290,3461	3	0	0,7304274	1
1	1706447240826	1	(30.00, 0.00, 0.00)	278,7911	275,9109	3	0	0,4981153	1
1	1706447241007	0	(-30.00, 0.00, 0.00)	87,13854	88,63476	3	0	1,128904	1
1	1706447241247	1	(30.00, 0.00, 0.00)	265,1595	263,2726	3	0	-0,7908018	1
1	1706447241627	0	(-30.00, 0.00, 0.00)	104,7538	109,5983	3	0	0,923968	1
1	1706447241668	1	(30.00, 0.00, 0.00)	254,1446	255,7959	3	0	-1,177782	1
1	1706447245498	1	(30.00, 0.00, 0.00)	308,6364	308,3565	3	0	-0,7840528	1
1	1706447285623	0	(-30.00, 0.00, 0.00)	55,00825	57,24198	3	0	-0,7493843	1
1	1706447285843	1	(30.00, 0.00, 0.00)	299,8841	304,2752	3	0	1,234502	1
1	1706447286243	0	(-30.00, 0.00, 0.00)	71,29125	71,65258	3	0	-0,06663392	1
1	1706447286262	1	(30.00, 0.00, 0.00)	288,1242	291,3583	3	0	-1,910189	1
1	1706447286682	1	(30.00, 0.00, 0.00)	274,3452	275,6521	3	0	-0,3193814	1
1	1706447286862	0	(-30.00, 0.00, 0.00)	91,83379	91,60122	3	0	-1,246332	1
1	1706447287102	1	(30.00, 0.00, 0.00)	260,0173	261,4959	3	0	0,1339901	1
1	1706447287483	0	(-30.00, 0.00, 0.00)	111,9997	110,4095	3	0	1,782684	1
1	1706447287523	1	(30.00, 0.00, 0.00)	246,8604	246,3167	3	0	0,02666131	1
1	1706447287943	1	(30.00, 0.00, 0.00)	235,7833	236,857	3	0	1,662636	1
1	1706447288103	0	(-30.00, 0.00, 0.00)	127,7886	124,4329	3	0	-0,5110209	1
1	1706447288362	1	(30.00, 0.00, 0.00)	227,0353	227,0624	3	0	1,338972	1
1	1706447288723	0	(-30.00, 0.00, 0.00)	138,8764	137,4019	3	0	-0,8665374	1
1	1706447288783	1	(30.00, 0.00, 0.00)	220,2471	220,3136	3	0	0,9760696	1
1	1706447289202	1	(30.00, 0.00, 0.00)	214,9142	219,7235	3	0	0,15248	1
1	1706447289342	0	(-30.00, 0.00, 0.00)	146,5095	140,8147	3	0	0,4419544	1
1	1706447289623	1	(30.00, 0.00, 0.00)	210,8321	208,9027	3	0	-1,086268	1
1	1706447289963	0	(-30.00, 0.00, 0.00)	152,0083	153,0673	3	0	-0,3799189	1
1	1706447290042	1	(30.00, 0.00, 0.00)	207,3977	207,0324	3	0	0,04812466	1
1	1706447290463	1	(30.00, 0.00, 0.00)	204,5948	205,7024	3	0	-1,276726	1
1	1706447290582	0	(-30.00, 0.00, 0.00)	156,0442	153,739	3	0	2,629076	1
1	1706447290882	1	(30.00, 0.00, 0.00)	202,3406	204,6886	3	0	-0,4151666	1
1	1706447291202	0	(-30.00, 0.00, 0.00)	159,1671	160,012	3	0	0,7333119	1
1	1706447291302	1	(30.00, 0.00, 0.00)	200,402	200,88	3	0	1,836533	1
1	1706447291723	1	(30.00, 0.00, 0.00)	198,7578	195,6217	3	0	0,8275456	1
1	1706447291822	0	(-30.00, 0.00, 0.00)	161,5912	156,822	3	0	-1,037108	1
1	1706447292142	1	(30.00, 0.00, 0.00)	197,358	193,8637	3	0	-0,0353212	1
1	1706447292442	0	(-30.00, 0.00, 0.00)	163,5242	165,4001	3	0	1,800225	1
1	1706447292563	1	(30.00, 0.00, 0.00)	196,1504	197,9958	3	0	-1,946021	1
1	1706447292983	1	(30.00, 0.00, 0.00)	195,1274	194,9424	3	0	1,455274	1
1	1706447293063	0	(-30.00, 0.00, 0.00)	165,0551	162,6011	3	0	-0,3888162	1
1	1706447293403	1	(30.00, 0.00, 0.00)	194,2214	194,9058	3	0	1,153616	1
1	1706475856934	1	(30.00, 0.00, 0.00)	311,4337	318,178	3	0	-0,7760655	1
1	1706475857132	0	(-30.00, 0.00, 0.00)	50,80864	52,82223	3	0	-0,7056035	1
1	1706475857352	1	(30.00, 0.00, 0.00)	306,4765	304,6049	3	0	-0,1793292	1
1	1706475857753	0	(-30.00, 0.00, 0.00)	59,09284	55,47303	3	0	0,9476378	1
1	1706475857774	1	(30.00, 0.00, 0.00)	300,5968	297,5507	3	0	-0,5864976	1
1	1706475858192	1	(30.00, 0.00, 0.00)	293,8768	295,0456	3	0	-1,281239	1
1	1706475858373	0	(-30.00, 0.00, 0.00)	69,29412	71,73566	3	0	-3,09031	1
1	1706475858612	1	(30.00, 0.00, 0.00)	286,3825	288,1949	3	0	-0,4579138	1
1	1706475858993	0	(-30.00, 0.00, 0.00)	80,83618	76,74981	3	0	0,3449114	1
1	1706475859034	1	(30.00, 0.00, 0.00)	278,3803	277,0619	3	0	-0,5352809	1
1	1706475859453	1	(30.00, 0.00, 0.00)	270,19	272,925	3	0	-1,487378	1
1	1706475859614	0	(-30.00, 0.00, 0.00)	92,93954	94,39955	3	0	-0,305726	1
1	1706475859873	1	(30.00, 0.00, 0.00)	261,9171	266,838	3	0	0,8250759	1
1	1706475860234	0	(-30.00, 0.00, 0.00)	104,9679	108,546	3	0	-1,167831	1
1	1706475860292	1	(30.00, 0.00, 0.00)	253,968	260,2647	3	0	1,77014	1
1	1706475860714	1	(30.00, 0.00, 0.00)	246,6991	244,7423	3	0	0,4077071	1
1	1706475860853	0	(-30.00, 0.00, 0.00)	115,5799	107,5261	3	0	0,5447279	1
1	1706475861133	1	(30.00, 0.00, 0.00)	240,0857	241,4343	3	0	-1,563675	1
1	1706475861474	0	(-30.00, 0.00, 0.00)	124,7617	125,0943	3	0	-0,6742238	1
1	1706475861553	1	(30.00, 0.00, 0.00)	234,1697	235,3963	3	0	0,5663429	1
1	1706475861975	1	(30.00, 0.00, 0.00)	229,3914	227,2658	3	0	-2,51298	1
1	1706475862093	0	(-30.00, 0.00, 0.00)	131,7977	135,4975	3	0	0,691726	1
1	1706475862393	1	(30.00, 0.00, 0.00)	225,0564	225,8276	3	0	-1,008675	1
1	1706475862714	0	(-30.00, 0.00, 0.00)	137,6407	136,7354	3	0	1,570714	1
1	1706475862813	1	(30.00, 0.00, 0.00)	221,4562	220,2559	3	0	-0,9182736	1
1	1706475887219	1	(30.00, 0.00, 0.00)	311,6263	311,4908	3	0	1,600963	1
1	1706475887418	0	(-30.00, 0.00, 0.00)	50,30746	52,94296	3	0	-1,31939	1
1	1706475887638	1	(30.00, 0.00, 0.00)	306,8452	306,2381	3	0	0,5526904	1
1	1706475888038	0	(-30.00, 0.00, 0.00)	58,70077	58,76572	3	0	0,1216519	1
1	1706475888059	1	(30.00, 0.00, 0.00)	300,9915	299,6028	3	0	-0,5266297	1
1	1706475888479	1	(30.00, 0.00, 0.00)	294,2906	300,8642	3	0	-0,126034	1
1	1706475888658	0	(-30.00, 0.00, 0.00)	69,02721	67,75346	3	0	1,231312	1
1	1706475888899	1	(30.00, 0.00, 0.00)	285,9243	286,7069	3	0	-0,2560376	1
1	1706475889279	0	(-30.00, 0.00, 0.00)	82,63159	81,68009	3	0	0,8746231	1
1	1706475889319	1	(30.00, 0.00, 0.00)	276,465	274,9509	3	0	-0,4985164	1
1	1706475889738	1	(30.00, 0.00, 0.00)	266,5274	263,2714	3	0	0,2333282	1
1	1706475889898	0	(-30.00, 0.00, 0.00)	97,21995	91,36511	3	0	-0,1279338	1
1	1706475890159	1	(30.00, 0.00, 0.00)	256,8289	257,5422	3	0	-0,3902904	1
1	1706475890519	0	(-30.00, 0.00, 0.00)	110,8077	108,8312	3	0	0,2318812	1
1	1706475890578	1	(30.00, 0.00, 0.00)	247,9675	246,3609	3	0	0,4253078	1
1	1706475890999	1	(30.00, 0.00, 0.00)	239,9711	238,876	3	0	0,08277481	1
1	1706475891138	0	(-30.00, 0.00, 0.00)	122,4302	124,7593	3	0	-0,8863783	1
1	1706475891418	1	(30.00, 0.00, 0.00)	233,1535	234,7936	3	0	-0,04811231	1
1	1706475891758	0	(-30.00, 0.00, 0.00)	131,5633	132,9785	3	0	-0,1507307	1
1	1706475891838	1	(30.00, 0.00, 0.00)	227,4264	225,98	3	0	0,9214278	1
1	1706475892259	1	(30.00, 0.00, 0.00)	222,4984	217,3135	3	0	-0,09233809	1
1	1706475892378	0	(-30.00, 0.00, 0.00)	138,7605	141,6579	3	0	-1,065886	1
1	1706475892678	1	(30.00, 0.00, 0.00)	218,3333	217,9079	3	0	-0,126523	1
1	1706475892998	0	(-30.00, 0.00, 0.00)	144,3077	141,437	3	0	0,3550871	1
1	1706475893099	1	(30.00, 0.00, 0.00)	215,0523	211,1885	3	0	-0,5476612	1
1	1706475893518	1	(30.00, 0.00, 0.00)	212,1339	217,6071	3	0	-0,3721402	1
1	1706475893619	0	(-30.00, 0.00, 0.00)	148,4822	150,1905	3	0	-0,5518753	1
1	1706475893939	1	(30.00, 0.00, 0.00)	209,6411	204,6424	3	0	0,9513178	1
1	1706475894239	0	(-30.00, 0.00, 0.00)	151,9493	151,0806	3	0	-0,9035056	1
1	1706475894359	1	(30.00, 0.00, 0.00)	207,4788	208,1989	3	0	0,9139484	1
1	1706475896253	1	(30.00, 0.00, 0.00)	205,8349	202,3556	3	0	-1,203842	1
1	1706475896334	0	(-30.00, 0.00, 0.00)	154,509	150,8476	3	0	-0,5329295	1
1	1706475896673	1	(30.00, 0.00, 0.00)	204,0697	207,0016	3	0	0,5094862	1
1	1706475896954	0	(-30.00, 0.00, 0.00)	156,9606	153,2989	3	0	-0,01723827	1
1	1706475897094	1	(30.00, 0.00, 0.00)	202,665	197,7914	3	0	-2,381832	1
1	1706476060401	1	(30.00, 0.00, 0.00)	311,4122	309,6273	3	0	1,226275	1
1	1706476060600	0	(-30.00, 0.00, 0.00)	50,71698	50,28442	3	0	-1,296607	1
1	1706476060819	1	(30.00, 0.00, 0.00)	306,5998	306,0467	3	0	1,035624	1
1	1706476061220	0	(-30.00, 0.00, 0.00)	58,17386	56,47778	3	0	0,4384478	1
1	1706476061241	1	(30.00, 0.00, 0.00)	301,5773	301,8132	3	0	-0,4964568	1
1	1706476061662	1	(30.00, 0.00, 0.00)	295,9501	299,2637	3	0	0,03040365	1
1	1706476061840	0	(-30.00, 0.00, 0.00)	66,57194	64,90452	3	0	-0,8930168	1
1	1706476062094	1	(30.00, 0.00, 0.00)	289,153	290,3761	3	0	-1,812729	1
1	1706476062459	0	(-30.00, 0.00, 0.00)	78,47079	78,32839	3	0	0,5045406	1
1	1706476062500	1	(30.00, 0.00, 0.00)	280,6833	281,9197	3	0	0,2473093	1
1	1706476062920	1	(30.00, 0.00, 0.00)	271,6411	267,1251	3	0	2,561347	1
1	1706476063080	0	(-30.00, 0.00, 0.00)	92,10085	93,00988	3	0	0,9930726	1
1	1706476063339	1	(30.00, 0.00, 0.00)	261,7674	258,5544	3	0	1,447119	1
1	1706476063701	0	(-30.00, 0.00, 0.00)	106,1026	103,5364	3	0	-0,908404	1
1	1706476063759	1	(30.00, 0.00, 0.00)	252,8454	248,3084	3	0	1,656274	1
1	1706476064179	1	(30.00, 0.00, 0.00)	245,3597	247,909	3	0	0,7041991	1
1	1706476064319	0	(-30.00, 0.00, 0.00)	117,0529	117,3117	3	0	0,2380617	1
1	1706476064600	1	(30.00, 0.00, 0.00)	238,7831	238,3878	3	0	-0,9984792	1
1	1706476064939	0	(-30.00, 0.00, 0.00)	126,5024	119,0256	3	0	-0,3587609	1
1	1706476065021	1	(30.00, 0.00, 0.00)	232,3548	230,5219	3	0	-1,079622	1
1	1706476318588	1	(30.00, 0.00, 0.00)	311,8179	315,9052	3	0	0,4551725	1
1	1706476318786	0	(-30.00, 0.00, 0.00)	50,127	51,95047	3	0	1,308623	1
1	1706476319006	1	(30.00, 0.00, 0.00)	307,8827	307,6457	3	0	-0,5816434	1
1	1706476319407	0	(-30.00, 0.00, 0.00)	56,62875	54,88137	3	0	-0,631848	1
1	1706476319426	1	(30.00, 0.00, 0.00)	303,1576	301,4842	3	0	-0,4311967	1
1	1706476319848	1	(30.00, 0.00, 0.00)	298,6046	293,6811	3	0	0,4385087	1
1	1706476320028	0	(-30.00, 0.00, 0.00)	63,34387	61,54032	3	0	0,1211366	1
1	1706476320267	1	(30.00, 0.00, 0.00)	293,5245	295,3349	3	0	0,527591	1
1	1706476320645	0	(-30.00, 0.00, 0.00)	72,77739	68,15002	3	0	0,01299112	1
1	1706476320686	1	(30.00, 0.00, 0.00)	286,523	288,0721	3	0	-0,6418087	1
1	1706476321105	1	(30.00, 0.00, 0.00)	279,5357	276,07	3	0	0,3101243	1
1	1706476321265	0	(-30.00, 0.00, 0.00)	83,4219	85,79976	3	0	1,016206	1
1	1706476321526	1	(30.00, 0.00, 0.00)	271,7556	271,8013	3	0	0,06740399	1
1	1706476321885	0	(-30.00, 0.00, 0.00)	94,95419	96,74268	3	0	-1,278056	1
1	1706476321947	1	(30.00, 0.00, 0.00)	263,835	261,778	3	0	0,341449	1
1	1706476322366	1	(30.00, 0.00, 0.00)	255,3534	254,5052	3	0	-2,256739	1
1	1706476322506	0	(-30.00, 0.00, 0.00)	107,3636	107,1898	3	0	1,106572	1
1	1706476322786	1	(30.00, 0.00, 0.00)	247,8036	246,9014	3	0	-0,05578577	1
1	1706476323126	0	(-30.00, 0.00, 0.00)	117,9246	122,4591	3	0	-0,9145488	1
1	1706476323206	1	(30.00, 0.00, 0.00)	240,7793	246,028	3	0	1,527483	1
1	1706476323625	1	(30.00, 0.00, 0.00)	234,675	234,5653	3	0	1,837905	1
1	1706476323747	0	(-30.00, 0.00, 0.00)	127,0173	125,4281	3	0	1,313478	1
1	1706476324046	1	(30.00, 0.00, 0.00)	229,2158	228,8682	3	0	-0,7180955	1
1	1706476324367	0	(-30.00, 0.00, 0.00)	134,4612	135,9339	3	0	1,104611	1
1	1706476324466	1	(30.00, 0.00, 0.00)	224,5068	225,3908	3	0	0,1803501	1
1	1706476324885	1	(30.00, 0.00, 0.00)	220,4713	224,1142	3	0	-0,1811818	1
1	1706476324986	0	(-30.00, 0.00, 0.00)	140,3358	139,901	3	0	-0,141162	1
1	1706476325305	1	(30.00, 0.00, 0.00)	217,0763	216,6569	3	0	0,4848076	1
1	1706476325606	0	(-30.00, 0.00, 0.00)	145,0482	140,164	3	0	-2,480499	1
1	1706476325727	1	(30.00, 0.00, 0.00)	214,1652	221,2189	3	0	-0,7440102	1
1	1706476326146	1	(30.00, 0.00, 0.00)	211,5387	205,3305	3	0	-0,995868	1
1	1706476326226	0	(-30.00, 0.00, 0.00)	148,8948	150,1622	3	0	-2,021322	1
1	1706476326567	1	(30.00, 0.00, 0.00)	209,3265	207,5136	3	0	-2,09804	1
1	1706476326847	0	(-30.00, 0.00, 0.00)	151,9831	156,439	3	0	-1,140452	1
1	1706476326987	1	(30.00, 0.00, 0.00)	207,4058	206,3209	3	0	0,7348882	1
1	1706476327405	1	(30.00, 0.00, 0.00)	205,7049	206,2386	3	0	-0,1897019	1
1	1706476327465	0	(-30.00, 0.00, 0.00)	154,5373	152,6798	3	0	0,7823759	1
1	1706476327826	1	(30.00, 0.00, 0.00)	204,3717	208,4058	3	0	1,400732	1
1	1706476328086	0	(-30.00, 0.00, 0.00)	156,4164	154,1758	3	0	-0,232727	1
1	1706476328247	1	(30.00, 0.00, 0.00)	203,1628	203,8793	3	0	-0,01506529	1
1	1706476328666	1	(30.00, 0.00, 0.00)	201,9499	195,6319	3	0	0,120189	1
1	1706476328706	0	(-30.00, 0.00, 0.00)	158,1616	157,5127	3	0	0,8776243	1
1	1706476329088	1	(30.00, 0.00, 0.00)	200,9153	201,018	3	0	0,0948689	1
1	1706476329326	0	(-30.00, 0.00, 0.00)	159,4767	164,4092	3	0	1,751759	1
1	1706476329506	1	(30.00, 0.00, 0.00)	200,1452	199,9957	3	0	-0,009392427	1
1	1706476329925	1	(30.00, 0.00, 0.00)	199,1568	198,7398	3	0	-1,697972	1
1	1706476329946	0	(-30.00, 0.00, 0.00)	160,8884	163,0682	3	0	-0,2777404	1
1	1706476330348	1	(30.00, 0.00, 0.00)	198,3366	197,9937	3	0	0,2341658	1
1	1706476330566	0	(-30.00, 0.00, 0.00)	161,95	159,8624	3	0	-2,008416	1
1	1706476330767	1	(30.00, 0.00, 0.00)	197,7151	198,0736	3	0	0,5496041	1
1	1706476331187	1	(30.00, 0.00, 0.00)	197,203	195,3195	3	0	2,133092	1
1	1706476331187	0	(-30.00, 0.00, 0.00)	162,797	163,4975	3	0	0,8230843	1
1	1706476331606	1	(30.00, 0.00, 0.00)	196,4789	192,6988	3	0	-0,7516479	1
1	1706476331806	0	(-30.00, 0.00, 0.00)	163,8466	163,6589	3	0	2,735365	1
1	1706476332025	1	(30.00, 0.00, 0.00)	195,8772	196,5328	3	0	-0,615815	1
1	1706476332427	0	(-30.00, 0.00, 0.00)	164,6804	159,1162	3	0	-0,1073747	1
1	1706476332446	1	(30.00, 0.00, 0.00)	195,2957	198,4427	3	0	-0,9023063	1
1	1706476332866	1	(30.00, 0.00, 0.00)	194,7123	192,69	3	0	1,127378	1
1	1706476333046	0	(-30.00, 0.00, 0.00)	165,5181	164,3282	3	0	1,625544	1
1	1706476333285	1	(30.00, 0.00, 0.00)	194,187	186,5211	3	0	2,167922	1
1	1706476333667	0	(-30.00, 0.00, 0.00)	166,2491	164,3469	3	0	-0,1126422	1
1	1706476333707	1	(30.00, 0.00, 0.00)	193,7164	194,5692	3	0	-1,345437	1
1	1706476334126	1	(30.00, 0.00, 0.00)	193,2796	193,4924	3	0	0,06390985	1
1	1706476334286	0	(-30.00, 0.00, 0.00)	166,8857	169,5027	3	0	0,523084	1
1	1706476334547	1	(30.00, 0.00, 0.00)	192,8691	196,0145	3	0	-1,342604	1
1	1706476334907	0	(-30.00, 0.00, 0.00)	167,4957	168,1945	3	0	0,3382953	1
1	1706476334967	1	(30.00, 0.00, 0.00)	192,4491	193,9	3	0	2,782732	1
1	1706476335386	1	(30.00, 0.00, 0.00)	192,1054	197,5899	3	0	1,124564	1
1	1706476335525	0	(-30.00, 0.00, 0.00)	168,0145	167,0132	3	0	1,583673	1
1	1706476335806	1	(30.00, 0.00, 0.00)	191,7529	190,1122	3	0	0,02532019	1
1	1706476336145	0	(-30.00, 0.00, 0.00)	168,5273	166,1584	3	0	-0,4343384	1
1	1706476336227	1	(30.00, 0.00, 0.00)	191,4081	187,0105	3	0	0,7837336	1
1	1706476336646	1	(30.00, 0.00, 0.00)	191,077	192,6382	3	0	0,06294009	1
1	1706476336766	0	(-30.00, 0.00, 0.00)	169,0069	166,5151	3	0	-0,2441297	1
1	1706476337068	1	(30.00, 0.00, 0.00)	190,7925	192,2446	3	0	-0,2817535	1
1	1706476337385	0	(-30.00, 0.00, 0.00)	169,4074	166,9753	3	0	1,190904	1
1	1706476337487	1	(30.00, 0.00, 0.00)	190,5195	192,424	3	0	-0,8089808	1
1	1706476337906	1	(30.00, 0.00, 0.00)	190,2478	189,7897	3	0	0,4726114	1
1	1706476338007	0	(-30.00, 0.00, 0.00)	169,8195	174,0902	3	0	0,6141511	1
1	1706476462941	1	(30.00, 0.00, 0.00)	312,3647	312,9928	3	0	-0,2218919	1
1	1706476463141	0	(-30.00, 0.00, 0.00)	49,30457	45,52607	3	0	-0,363419	1
1	1706476463361	1	(30.00, 0.00, 0.00)	308,426	303,879	3	0	1,358484	1
1	1706476463761	0	(-30.00, 0.00, 0.00)	56,38964	59,71521	3	0	0,4248338	1
1	1706476463781	1	(30.00, 0.00, 0.00)	303,3979	304,3568	3	0	-0,02453552	1
1	1706476464201	1	(30.00, 0.00, 0.00)	298,6341	298,2821	3	0	-0,4705992	1
1	1706476464381	0	(-30.00, 0.00, 0.00)	63,55784	57,49526	3	0	-0,4654159	1
1	1706476464621	1	(30.00, 0.00, 0.00)	292,5867	291,6912	3	0	-0,1613199	1
1	1706476464999	0	(-30.00, 0.00, 0.00)	74,11098	69,56992	3	0	-0,7545241	1
1	1706476465040	1	(30.00, 0.00, 0.00)	285,1443	276,8682	3	0	0,1377169	1
1	1706476465460	1	(30.00, 0.00, 0.00)	277,7063	278,6024	3	0	-0,3419705	1
1	1706476465621	0	(-30.00, 0.00, 0.00)	84,93397	81,39501	3	0	0,1964265	1
1	1706476465881	1	(30.00, 0.00, 0.00)	270,572	264,2789	3	0	-0,3217111	1
1	1706476466242	0	(-30.00, 0.00, 0.00)	96,42915	92,38783	3	0	2,021395	1
1	1706476466300	1	(30.00, 0.00, 0.00)	262,442	260,3052	3	0	0,8767806	1
1	1706476466720	1	(30.00, 0.00, 0.00)	254,8184	261,2199	3	0	0,9049168	1
1	1706476466859	0	(-30.00, 0.00, 0.00)	107,468	103,8619	3	0	-1,898526	1
1	1706476467141	1	(30.00, 0.00, 0.00)	248,8925	248,4549	3	0	1,4339	1
1	1706476467480	0	(-30.00, 0.00, 0.00)	116,1982	113,8205	3	0	-2,346661	1
1	1706476467561	1	(30.00, 0.00, 0.00)	242,5246	241,1877	3	0	0,04944443	1
1	1706476467980	1	(30.00, 0.00, 0.00)	236,521	241,35	3	0	0,1741515	1
1	1706476468100	0	(-30.00, 0.00, 0.00)	125,1721	128,4579	3	0	-0,4057792	1
1	1706476468399	1	(30.00, 0.00, 0.00)	230,9915	233,6748	3	0	-1,668617	1
1	1706476468721	0	(-30.00, 0.00, 0.00)	132,8212	132,3126	3	0	-0,2191213	1
1	1706476468820	1	(30.00, 0.00, 0.00)	226,0491	226,5537	3	0	-0,7401041	1
1	1706476469240	1	(30.00, 0.00, 0.00)	222,1865	220,8824	3	0	0,7945429	1
1	1706476469340	0	(-30.00, 0.00, 0.00)	138,6774	132,2959	3	0	1,093843	1
1	1706476469660	1	(30.00, 0.00, 0.00)	218,7037	220,5322	3	0	0,8838189	1
1	1706476469961	0	(-30.00, 0.00, 0.00)	143,499	144,3988	3	0	-0,4308405	1
1	1706476470080	1	(30.00, 0.00, 0.00)	215,6923	213,9512	3	0	1,56553	1
1	1706476470499	1	(30.00, 0.00, 0.00)	213,065	213,8611	3	0	0,006868789	1
1	1706476470580	0	(-30.00, 0.00, 0.00)	147,4508	144,399	3	0	0,933794	1
1	1706476470920	1	(30.00, 0.00, 0.00)	210,4452	212,3338	3	0	-0,5364485	1
1	1706476471200	0	(-30.00, 0.00, 0.00)	151,1608	153,5363	3	0	1,755225	1
1	1706476471341	1	(30.00, 0.00, 0.00)	208,1184	214,5854	3	0	0,934849	1
1	1706476471760	1	(30.00, 0.00, 0.00)	206,069	208,7877	3	0	0,1842205	1
1	1706476471820	0	(-30.00, 0.00, 0.00)	154,2014	156,2858	3	0	0,7075904	1
1	1706476472180	1	(30.00, 0.00, 0.00)	204,3069	205,4847	3	0	0,5465208	1
1	1706476472441	0	(-30.00, 0.00, 0.00)	156,6526	159,1268	3	0	1,606643	1
1	1706476472600	1	(30.00, 0.00, 0.00)	202,7847	204,0264	3	0	1,325809	1
1	1706476473020	1	(30.00, 0.00, 0.00)	201,4232	208,683	3	0	0,7777289	1
1	1706476473061	0	(-30.00, 0.00, 0.00)	158,6933	160,5544	3	0	0,2439345	1
1	1706476473440	1	(30.00, 0.00, 0.00)	200,2088	198,2714	3	0	-0,8676412	1
1	1706476473681	0	(-30.00, 0.00, 0.00)	160,4362	167,5713	3	0	-0,1241309	1
1	1706476473860	1	(30.00, 0.00, 0.00)	199,128	195,8382	3	0	0,1164654	1
1	1706476474281	1	(30.00, 0.00, 0.00)	198,1606	197,4936	3	0	0,9883456	1
1	1706476474301	0	(-30.00, 0.00, 0.00)	161,8764	160,3987	3	0	-0,3142444	1
1	1706476474701	1	(30.00, 0.00, 0.00)	197,2701	193,9373	3	0	-0,8419937	1
1	1706476474920	0	(-30.00, 0.00, 0.00)	163,112	163,9057	3	0	0,6467044	1
1	1706476475120	1	(30.00, 0.00, 0.00)	196,5282	201,0056	3	0	1,312396	1
1	1706476475540	1	(30.00, 0.00, 0.00)	195,903	195,2814	3	0	-0,9871281	1
1	1706476475541	0	(-30.00, 0.00, 0.00)	164,097	167,4883	3	0	-1,201376	1
1	1706476475960	1	(30.00, 0.00, 0.00)	195,2321	199,8352	3	0	-2,561935	1
1	1706476476159	0	(-30.00, 0.00, 0.00)	165,0576	163,059	3	0	-0,8901339	1
1	1706476476383	1	(30.00, 0.00, 0.00)	194,6363	196,8735	3	0	0,5345382	1
1	1706476476779	0	(-30.00, 0.00, 0.00)	165,8245	167,0116	3	0	0,2308972	1
1	1706476476800	1	(30.00, 0.00, 0.00)	194,148	191,5369	3	0	0,8613918	1
1	1706476477220	1	(30.00, 0.00, 0.00)	193,5993	197,0476	3	0	-0,5474833	1
1	1706476477400	0	(-30.00, 0.00, 0.00)	166,623	169,1378	3	0	2,544487	1
1	1706476477640	1	(30.00, 0.00, 0.00)	193,0928	190,2053	3	0	-1,24017	1
1	1706476478019	0	(-30.00, 0.00, 0.00)	167,3416	167,6046	3	0	-0,08153608	1
1	1706476478060	1	(30.00, 0.00, 0.00)	192,6127	194,9564	3	0	0,3014823	1
1	1706476478481	1	(30.00, 0.00, 0.00)	192,2207	197,4604	3	0	-1,081081	1
1	1706476478640	0	(-30.00, 0.00, 0.00)	167,8929	164,0958	3	0	-1,391103	1
1	1706476478899	1	(30.00, 0.00, 0.00)	191,907	189,8762	3	0	-0,6490949	1
1	1706476479260	0	(-30.00, 0.00, 0.00)	168,402	164,4849	3	0	0,1945952	1
1	1706476479320	1	(30.00, 0.00, 0.00)	191,5411	190,5086	3	0	0,4652939	1
1	1706477549539	1	(30.00, 0.00, 0.00)	311,3046	313,7269	3	0	-1,087918	1
1	1706477549738	0	(-30.00, 0.00, 0.00)	51,06195	51,07978	3	0	1,827574	1
1	1706477549959	1	(30.00, 0.00, 0.00)	305,9794	305,5924	3	0	0,3629094	1
1	1706477550359	0	(-30.00, 0.00, 0.00)	60,34613	55,33965	3	0	-2,440787	1
1	1706477550379	1	(30.00, 0.00, 0.00)	299,3355	299,3031	3	0	0,5868927	1
1	1706477550799	1	(30.00, 0.00, 0.00)	292,391	293,8659	3	0	-0,2682833	1
1	1706477550979	0	(-30.00, 0.00, 0.00)	70,84695	75,95576	3	0	-0,3154299	1
1	1706477551220	1	(30.00, 0.00, 0.00)	285,2155	286,562	3	0	-0,88486	1
1	1706477551599	0	(-30.00, 0.00, 0.00)	82,29373	80,5881	3	0	1,02107	1
1	1706477551640	1	(30.00, 0.00, 0.00)	276,9171	276,6918	3	0	1,120579	1
1	1706477557050	1	(30.00, 0.00, 0.00)	311,3907	314,9033	3	0	-0,813001	1
1	1706477557249	0	(-30.00, 0.00, 0.00)	50,92355	50,77922	3	0	-0,3307338	1
1	1706477557469	1	(30.00, 0.00, 0.00)	306,3281	300,9464	3	0	-0,5277839	1
1	1706477557869	0	(-30.00, 0.00, 0.00)	59,43147	59,62059	3	0	1,13353	1
1	1706477557888	1	(30.00, 0.00, 0.00)	300,2845	305,278	3	0	-0,5201156	1
1	1706477558309	1	(30.00, 0.00, 0.00)	294,0044	295,7564	3	0	0,727038	1
1	1706477558488	0	(-30.00, 0.00, 0.00)	68,49625	69,7517	3	0	0,6756049	1
1	1706477558729	1	(30.00, 0.00, 0.00)	286,8735	285,9213	3	0	0,3587654	1
1	1706477559109	0	(-30.00, 0.00, 0.00)	81,13425	78,88267	3	0	0,1874933	1
1	1706477559149	1	(30.00, 0.00, 0.00)	278,0061	274,4706	3	0	0,7366337	1
1	1706477559570	1	(30.00, 0.00, 0.00)	268,9297	271,5872	3	0	0,1683619	1
1	1706477559728	0	(-30.00, 0.00, 0.00)	94,61282	93,0698	3	0	1,313169	1
1	1706477559990	1	(30.00, 0.00, 0.00)	259,6472	259,0118	3	0	-0,8651279	1
1	1706477560349	0	(-30.00, 0.00, 0.00)	107,8495	106,5711	3	0	-0,4309258	1
1	1706477560409	1	(30.00, 0.00, 0.00)	250,9135	244,7408	3	0	-0,03011647	1
1	1706477560830	1	(30.00, 0.00, 0.00)	242,9471	241,5398	3	0	-0,1267315	1
1	1706477560969	0	(-30.00, 0.00, 0.00)	119,4819	116,3989	3	0	0,6669937	1
1	1706477561248	1	(30.00, 0.00, 0.00)	236,0453	235,113	3	0	-0,7223325	1
1	1706477561588	0	(-30.00, 0.00, 0.00)	128,893	129,5245	3	0	0,06535643	1
1	1706477561668	1	(30.00, 0.00, 0.00)	230,0809	230,392	3	0	0,4901527	1
1	1706477562088	1	(30.00, 0.00, 0.00)	224,8847	226,0757	3	0	0,02708091	1
1	1706477562208	0	(-30.00, 0.00, 0.00)	136,3799	134,7811	3	0	-0,1668042	1
1	1706477577376	1	(30.00, 0.00, 0.00)	221,2395	223,5687	3	0	-0,1895251	1
1	1706477577695	0	(-30.00, 0.00, 0.00)	141,3708	141,6719	3	0	-0,8354571	1
1	1706477620415	1	(30.00, 0.00, 0.00)	218,114	216,5541	3	0	-2,627544	1
1	1706477625696	1	(30.00, 0.00, 0.00)	311,2615	314,4593	3	0	-1,244313	1
1	1706477625894	0	(-30.00, 0.00, 0.00)	51,01575	51,36949	3	0	0,01043445	1
1	1706477626113	1	(30.00, 0.00, 0.00)	306,1541	303,9196	3	0	1,544728	1
1	1706477626514	0	(-30.00, 0.00, 0.00)	59,687	59,44109	3	0	-1,721243	1
1	1706477626534	1	(30.00, 0.00, 0.00)	299,9988	303,5222	3	0	0,9325921	1
1	1706477626955	1	(30.00, 0.00, 0.00)	293,1703	292,8987	3	0	-1,591221	1
1	1706477627133	0	(-30.00, 0.00, 0.00)	69,96551	65,96188	3	0	0,7247862	1
1	1706477627373	1	(30.00, 0.00, 0.00)	285,1443	281,4016	3	0	0,48301	1
1	1706477627753	0	(-30.00, 0.00, 0.00)	81,5449	78,79787	3	0	1,338555	1
1	1706477627794	1	(30.00, 0.00, 0.00)	277,7438	283,4203	3	0	-0,3381026	1
1	1706477628215	1	(30.00, 0.00, 0.00)	270,0754	271,5029	3	0	0,7831306	1
1	1706477628374	0	(-30.00, 0.00, 0.00)	92,78715	96,32365	3	0	0,4850794	1
1	1706477628634	1	(30.00, 0.00, 0.00)	261,207	262,7209	3	0	0,2481397	1
1	1706477628994	0	(-30.00, 0.00, 0.00)	106,2435	101,9937	3	0	0,5186077	1
1	1706477671780	1	(30.00, 0.00, 0.00)	311,2615	305,3139	3	0	0,4870497	1
1	1706477671979	0	(-30.00, 0.00, 0.00)	51,10819	51,53054	3	0	-0,8501965	1
1	1706477672199	1	(30.00, 0.00, 0.00)	306,0793	302,0361	3	0	1,380238	1
1	1706477672598	0	(-30.00, 0.00, 0.00)	59,82955	55,86131	3	0	0,1712302	1
1	1706477672618	1	(30.00, 0.00, 0.00)	299,8554	302,4557	3	0	-0,6212091	1
1	1706477673039	1	(30.00, 0.00, 0.00)	292,8467	294,8391	3	0	-1,580474	1
1	1706477673218	0	(-30.00, 0.00, 0.00)	70,30338	67,15817	3	0	1,811387	1
1	1706477673459	1	(30.00, 0.00, 0.00)	284,6448	282,2361	3	0	-0,1003286	1
1	1706477673839	0	(-30.00, 0.00, 0.00)	83,72364	82,06857	3	0	-0,1456373	1
1	1706477673879	1	(30.00, 0.00, 0.00)	275,4069	276,4933	3	0	-0,417198	1
1	1706477674298	1	(30.00, 0.00, 0.00)	265,6909	264,4261	3	0	0,2560672	1
1	1706477674459	0	(-30.00, 0.00, 0.00)	97,89559	97,89303	3	0	0,2513229	1
1	1706477701264	1	(30.00, 0.00, 0.00)	312,9637	315,6302	3	0	1,264778	1
1	1706477701463	0	(-30.00, 0.00, 0.00)	49,04212	49,47015	3	0	-0,9487336	1
1	1706477701683	1	(30.00, 0.00, 0.00)	308,3556	304,2066	3	0	0,5485979	1
1	1706477702084	0	(-30.00, 0.00, 0.00)	57,05709	59,53584	3	0	1,191216	1
1	1706477702103	1	(30.00, 0.00, 0.00)	302,6731	300,0994	3	0	-0,6026336	1
1	1706477702523	1	(30.00, 0.00, 0.00)	296,1351	295,727	3	0	-0,01042492	1
1	1706477702703	0	(-30.00, 0.00, 0.00)	66,862	66,59298	3	0	-0,5824402	1
1	1706477702945	1	(30.00, 0.00, 0.00)	288,7087	290,4921	3	0	-0,5690296	1
1	1706477703323	0	(-30.00, 0.00, 0.00)	79,16924	82,26715	3	0	1,813962	1
1	1706477703363	1	(30.00, 0.00, 0.00)	279,9809	283,1382	3	0	1,274779	1
1	1706477703784	1	(30.00, 0.00, 0.00)	270,7248	271,8727	3	0	-1,018994	1
1	1706477703943	0	(-30.00, 0.00, 0.00)	92,78715	89,36819	3	0	-1,111644	1
1	1706477704204	1	(30.00, 0.00, 0.00)	261,543	259,4891	3	0	-2,177537	1
1	1706477704564	0	(-30.00, 0.00, 0.00)	106,1026	107,3803	3	0	0,4263374	1
1	1706477704623	1	(30.00, 0.00, 0.00)	252,6712	259,9773	3	0	0,7550567	1
1	1706477705044	1	(30.00, 0.00, 0.00)	244,7942	246,802	3	0	-1,229524	1
1	1706477705183	0	(-30.00, 0.00, 0.00)	117,4153	117,5687	3	0	-0,01330462	1
1	1706477705464	1	(30.00, 0.00, 0.00)	238,1449	242,5026	3	0	-1,12181	1
1	1706477706903	0	(-30.00, 0.00, 0.00)	125,9556	129,2106	3	0	1,020287	1
1	1706477706984	1	(30.00, 0.00, 0.00)	232,934	232,6165	3	0	-0,8545102	1
1	1706477707403	1	(30.00, 0.00, 0.00)	227,9486	230,0432	3	0	0,6000267	1
1	1706477984228	1	(30.00, 0.00, 0.00)	311,0232	306,1456	3	0	0,4255661	1
1	1706477984428	0	(-30.00, 0.00, 0.00)	51,2938	52,37808	3	0	0,2702181	1
1	1706477984647	1	(30.00, 0.00, 0.00)	305,7285	307,1901	3	0	0,2741057	1
1	1706477985047	0	(-30.00, 0.00, 0.00)	60,23087	59,88517	3	0	0,8349695	1
1	1706477985066	1	(30.00, 0.00, 0.00)	299,4805	291,1164	3	0	-2,348597	1
1	1706477985486	1	(30.00, 0.00, 0.00)	292,4563	285,9039	3	0	0,5288413	1
1	1706477985666	0	(-30.00, 0.00, 0.00)	70,71072	67,3224	3	0	-0,4354592	1
1	1706477985907	1	(30.00, 0.00, 0.00)	284,3584	288,8402	3	0	1,223794	1
1	1706477986290	0	(-30.00, 0.00, 0.00)	83,53501	83,1717	3	0	-0,3621492	1
1	1706477986327	1	(30.00, 0.00, 0.00)	275,8987	277,4273	3	0	0,03295963	1
1	1706477986748	1	(30.00, 0.00, 0.00)	266,7558	267,6309	3	0	2,127359	1
1	1706477986907	0	(-30.00, 0.00, 0.00)	96,73071	95,12828	3	0	0,4821253	1
1	1706477987167	1	(30.00, 0.00, 0.00)	257,6281	258,1979	3	0	0,457334	1
1	1706477987527	0	(-30.00, 0.00, 0.00)	109,8674	112,4862	3	0	-1,758396	1
1	1706477987587	1	(30.00, 0.00, 0.00)	248,9257	247,9524	3	0	-0,317992	1
1	1706477988008	1	(30.00, 0.00, 0.00)	241,6595	243,636	3	0	-0,7219639	1
1	1706477988147	0	(-30.00, 0.00, 0.00)	120,2574	119,7526	3	0	0,9333862	1
1	1706477988427	1	(30.00, 0.00, 0.00)	235,6269	235,0213	3	0	0,9383159	1
1	1706477988767	0	(-30.00, 0.00, 0.00)	128,9623	131,4595	3	0	0,7516059	1
1	1706477988851	1	(30.00, 0.00, 0.00)	230,1709	234,2224	3	0	1,124335	1
1	1706477989266	1	(30.00, 0.00, 0.00)	225,1331	221,1685	3	0	-0,6428062	1
1	1706477989387	0	(-30.00, 0.00, 0.00)	136,2524	140,2899	3	0	0,9212523	1
1	1706477989686	1	(30.00, 0.00, 0.00)	220,6166	217,9325	3	0	-0,8828027	1
1	1706477990006	0	(-30.00, 0.00, 0.00)	142,3611	143,2481	3	0	-0,09083771	1
1	1706477990106	1	(30.00, 0.00, 0.00)	216,8141	218,7462	3	0	-0,4403623	1
1	1706477990526	1	(30.00, 0.00, 0.00)	213,4673	213,6453	3	0	1,787658	1
1	1706477990627	0	(-30.00, 0.00, 0.00)	147,2059	145,0837	3	0	0,8097146	1
1	1706477990947	1	(30.00, 0.00, 0.00)	210,6822	209,3581	3	0	-0,8980778	1
1	1706477991246	0	(-30.00, 0.00, 0.00)	150,701	150,3639	3	0	-1,050919	1
1	1706477991366	1	(30.00, 0.00, 0.00)	208,6712	213,4259	3	0	0,1671015	1
1	1706477991787	1	(30.00, 0.00, 0.00)	206,7335	206,6183	3	0	-0,6630651	1
1	1706477991867	0	(-30.00, 0.00, 0.00)	153,6027	157,2581	3	0	-0,179638	1
1	1706477992206	1	(30.00, 0.00, 0.00)	205,1694	208,1071	3	0	-0,05075482	1
1	1706477992486	0	(-30.00, 0.00, 0.00)	155,8027	153,7032	3	0	1,168181	1
1	1706477992628	1	(30.00, 0.00, 0.00)	203,7126	202,9332	3	0	-0,2628564	1
1	1706477993047	1	(30.00, 0.00, 0.00)	202,3627	204,915	3	0	0,3768561	1
1	1706477993106	0	(-30.00, 0.00, 0.00)	157,8129	165,3302	3	0	-0,02470172	1
1	1706477993466	1	(30.00, 0.00, 0.00)	201,0919	195,9142	3	0	-0,6496636	1
1	1706478021219	1	(30.00, 0.00, 0.00)	311,175	310,1385	3	0	1,340991	1
1	1706478021417	0	(-30.00, 0.00, 0.00)	51,20087	46,21228	3	0	0,4185734	1
1	1706478021637	1	(30.00, 0.00, 0.00)	305,9544	300,9286	3	0	-0,5381176	1
1	1706478022038	0	(-30.00, 0.00, 0.00)	59,91527	60,12066	3	0	1,543522	1
1	1706478022058	1	(30.00, 0.00, 0.00)	299,7691	297,8118	3	0	-0,3512122	1
1	1706478022478	1	(30.00, 0.00, 0.00)	292,7493	293,2624	3	0	1,554233	1
1	1706478022658	0	(-30.00, 0.00, 0.00)	70,26952	72,70258	3	0	-1,111273	1
1	1706478022898	1	(30.00, 0.00, 0.00)	284,8235	287,9322	3	0	-0,6104388	1
1	1706478023277	0	(-30.00, 0.00, 0.00)	83,19582	82,60852	3	0	1,421865	1
1	1706478023318	1	(30.00, 0.00, 0.00)	276,0498	269,2231	3	0	1,597401	1
1	1706478023739	1	(30.00, 0.00, 0.00)	266,4132	269,708	3	0	-0,3181482	1
1	1706478023897	0	(-30.00, 0.00, 0.00)	97,06952	92,86575	3	0	-0,1382746	1
1	1706478024157	1	(30.00, 0.00, 0.00)	257,1189	258,1962	3	0	0,4412845	1
1	1706478024517	0	(-30.00, 0.00, 0.00)	110,5067	107,7326	3	0	0,5554151	1
1	1706478024578	1	(30.00, 0.00, 0.00)	248,3295	248,9788	3	0	0,9068577	1
1	1706478123432	1	(30.00, 0.00, 0.00)	310,6735	315,6168	3	0	-0,7879238	1
1	1706478123632	0	(-30.00, 0.00, 0.00)	52,06971	51,4485	3	0	0,03449997	1
1	1706478123851	1	(30.00, 0.00, 0.00)	304,5795	308,7014	3	0	-0,01400881	1
1	1706478124252	0	(-30.00, 0.00, 0.00)	61,7795	61,24726	3	0	-1,409882	1
1	1706478124271	1	(30.00, 0.00, 0.00)	297,8933	298,7748	3	0	0,2239065	1
1	1706478124692	1	(30.00, 0.00, 0.00)	291,2387	293,1567	3	0	0,2033192	1
1	1706478124871	0	(-30.00, 0.00, 0.00)	72,29079	70,1538	3	0	-0,3776274	1
1	1706478175663	1	(30.00, 0.00, 0.00)	311,4122	308,6765	3	0	2,191427	1
1	1706478175862	0	(-30.00, 0.00, 0.00)	50,90054	47,7405	3	0	-0,5006438	1
1	1706478176082	1	(30.00, 0.00, 0.00)	306,5012	306,1463	3	0	-0,6928086	1
1	1706478176483	0	(-30.00, 0.00, 0.00)	59,03663	54,73647	3	0	0,6948867	1
1	1706478176503	1	(30.00, 0.00, 0.00)	300,6817	302,1043	3	0	1,016345	1
1	1706478176922	1	(30.00, 0.00, 0.00)	294,0681	299,3673	3	0	-3,791747	1
1	1706478177103	0	(-30.00, 0.00, 0.00)	69,06052	71,58542	3	0	-0,4988067	1
1	1706478177342	1	(30.00, 0.00, 0.00)	286,1008	282,9629	3	0	-1,171058	1
1	1706478177722	0	(-30.00, 0.00, 0.00)	81,50753	82,05965	3	0	2,172901	1
1	1706478177762	1	(30.00, 0.00, 0.00)	277,7438	283,238	3	0	-1,384434	1
1	1706478178182	1	(30.00, 0.00, 0.00)	269,3497	272,1539	3	0	0,2843638	1
1	1706478178342	0	(-30.00, 0.00, 0.00)	94,23312	99,42462	3	0	0,07850175	1
1	1706478178603	1	(30.00, 0.00, 0.00)	260,1284	260,9552	3	0	-1,030242	1
1	1706478178963	0	(-30.00, 0.00, 0.00)	107,468	111,7824	3	0	1,856461	1
1	1706478179022	1	(30.00, 0.00, 0.00)	251,3581	251,7726	3	0	-1,435346	1
1	1706478179442	1	(30.00, 0.00, 0.00)	243,2814	248,2339	3	0	-0,9754753	1
1	1706478179582	0	(-30.00, 0.00, 0.00)	118,9582	123,7672	3	0	1,850047	1
1	1706478179862	1	(30.00, 0.00, 0.00)	236,5476	237,5214	3	0	-0,6992338	1
1	1706478180202	0	(-30.00, 0.00, 0.00)	128,4037	126,4843	3	0	0,469514	1
1	1706478180282	1	(30.00, 0.00, 0.00)	230,556	225,9568	3	0	2,354801	1
1	1706478180701	1	(30.00, 0.00, 0.00)	225,3449	227,5085	3	0	-0,1416098	1
1	1706478180822	0	(-30.00, 0.00, 0.00)	135,9586	130,5775	3	0	-0,7457902	1
1	1706478181122	1	(30.00, 0.00, 0.00)	221,0411	221,5773	3	0	-2,391873	1
1	1706478181443	0	(-30.00, 0.00, 0.00)	141,7547	145,0086	3	0	-0,1563148	1
1	1706478181544	1	(30.00, 0.00, 0.00)	217,3839	216,0262	3	0	1,281233	1
1	1706478181963	1	(30.00, 0.00, 0.00)	214,2014	216,019	3	0	1,05957	1
1	1706478182062	0	(-30.00, 0.00, 0.00)	146,4978	144,911	3	0	0,7812431	1
1	1706478182382	1	(30.00, 0.00, 0.00)	211,4241	215,0561	3	0	-0,2112476	1
1	1706478182683	0	(-30.00, 0.00, 0.00)	150,3402	151,7417	3	0	0,01056893	1
1	1706478182802	1	(30.00, 0.00, 0.00)	209,0269	209,0517	3	0	0,1197632	1
1	1706478183222	1	(30.00, 0.00, 0.00)	206,928	208,3667	3	0	0,847344	1
1	1706478183303	0	(-30.00, 0.00, 0.00)	153,428	158,9737	3	0	0,7770091	1
1	1706478183643	1	(30.00, 0.00, 0.00)	205,1211	205,7692	3	0	-1,256794	1
1	1706478183922	0	(-30.00, 0.00, 0.00)	155,9494	153,0885	3	0	1,233621	1
1	1706478184063	1	(30.00, 0.00, 0.00)	203,547	202,8433	3	0	1,700311	1
1	1706478184482	1	(30.00, 0.00, 0.00)	202,1165	196,9379	3	0	1,907201	1
1	1706478184543	0	(-30.00, 0.00, 0.00)	158,0714	158,6477	3	0	-1,297862	1
1	1706478184902	1	(30.00, 0.00, 0.00)	200,8861	205,5418	3	0	0,188755	1
1	1706478185162	0	(-30.00, 0.00, 0.00)	159,8185	160,8159	3	0	-2,27705	1
1	1706478185323	1	(30.00, 0.00, 0.00)	199,7584	195,6974	3	0	0,3220305	1
1	1706478185742	1	(30.00, 0.00, 0.00)	198,7341	206,1991	3	0	1,83718	1
1	1706478185783	0	(-30.00, 0.00, 0.00)	161,3561	161,4682	3	0	-1,048856	1
1	1706478186163	1	(30.00, 0.00, 0.00)	197,8326	193,3158	3	0	0,7987559	1
1	1706478186402	0	(-30.00, 0.00, 0.00)	162,6657	162,893	3	0	-0,4339381	1
1	1706478186582	1	(30.00, 0.00, 0.00)	196,982	190,7538	3	0	-0,8534374	1
1	1706478187003	1	(30.00, 0.00, 0.00)	196,2068	194,8175	3	0	0,5418957	1
1	1706478187023	0	(-30.00, 0.00, 0.00)	163,8259	162,0586	3	0	0,1536513	1
1	1706478187421	1	(30.00, 0.00, 0.00)	195,5276	194,0113	3	0	-1,667585	1
1	1706478187642	0	(-30.00, 0.00, 0.00)	164,8256	166,9259	3	0	-0,1783769	1
1	1706478187843	1	(30.00, 0.00, 0.00)	194,8716	197,2279	3	0	1,529339	1
1	1706478188262	1	(30.00, 0.00, 0.00)	194,277	195,0726	3	0	-1,953507	1
1	1706478188263	0	(-30.00, 0.00, 0.00)	165,723	166,4024	3	0	-1,092805	1
1	1706478188682	1	(30.00, 0.00, 0.00)	193,7186	199,1506	3	0	-0,2208298	1
1	1706478188883	0	(-30.00, 0.00, 0.00)	166,5262	166,4484	3	0	2,467268	1
1	1706478189102	1	(30.00, 0.00, 0.00)	193,2254	197,2043	3	0	0,2578106	1
1	1706478189502	0	(-30.00, 0.00, 0.00)	167,1969	163,1839	3	0	1,452152	1
1	1706478189523	1	(30.00, 0.00, 0.00)	192,7807	199,1696	3	0	0,4937178	1
1	1706478189943	1	(30.00, 0.00, 0.00)	192,3714	196,0798	3	0	0,582963	1
1	1706478190122	0	(-30.00, 0.00, 0.00)	167,781	169,6737	3	0	1,062265	1
1	1706478190362	1	(30.00, 0.00, 0.00)	191,9707	190,6019	3	0	-0,3936221	1
1	1706478190743	0	(-30.00, 0.00, 0.00)	168,3912	167,9848	3	0	-1,004228	1
1	1706478190783	1	(30.00, 0.00, 0.00)	191,5718	186,84	3	0	0,1359375	1
1	1706478191202	1	(30.00, 0.00, 0.00)	191,1996	197,1412	3	0	-0,0517517	1
1	1706478191363	0	(-30.00, 0.00, 0.00)	168,9399	171,0435	3	0	0,03939566	1
1	1706478191622	1	(30.00, 0.00, 0.00)	190,8423	189,2383	3	0	-2,178915	1
1	1706478191982	0	(-30.00, 0.00, 0.00)	169,4447	174,4148	3	0	1,722311	1
1	1706478192042	1	(30.00, 0.00, 0.00)	190,5081	193,7544	3	0	0,6211058	1
1	1706478192463	1	(30.00, 0.00, 0.00)	190,196	190,7002	3	0	-0,3850718	1
1	1706478192602	0	(-30.00, 0.00, 0.00)	169,9047	170,711	3	0	1,49352	1
1	1706478192882	1	(30.00, 0.00, 0.00)	189,9041	190,0145	3	0	1,310207	1
1	1706478193222	0	(-30.00, 0.00, 0.00)	170,3213	173,7902	3	0	2,797362	1
1	1706478193303	1	(30.00, 0.00, 0.00)	189,6271	186,114	3	0	-0,5337241	1
1	1706478193723	1	(30.00, 0.00, 0.00)	189,3631	192,5083	3	0	-0,1963797	1
1	1706478193843	0	(-30.00, 0.00, 0.00)	170,7092	169,9096	3	0	-1,249026	1
1	1706478194143	1	(30.00, 0.00, 0.00)	189,113	194,755	3	0	-0,3718325	1
1	1706478194463	0	(-30.00, 0.00, 0.00)	171,0313	173,1461	3	0	-0,3885648	1
1	1706478194562	1	(30.00, 0.00, 0.00)	188,9133	183,3174	3	0	-0,1306399	1
1	1706478194982	1	(30.00, 0.00, 0.00)	188,6898	183,7205	3	0	-1,862936	1
1	1706478195082	0	(-30.00, 0.00, 0.00)	171,3597	172,9458	3	0	-0,2240476	1
1	1706478195403	1	(30.00, 0.00, 0.00)	188,4762	192,2968	3	0	-0,08508033	1
1	1706478195703	0	(-30.00, 0.00, 0.00)	171,6739	174,5269	3	0	-0,8771558	1
1	1706478195822	1	(30.00, 0.00, 0.00)	188,2705	194,117	3	0	-1,667312	1
1	1706478196242	1	(30.00, 0.00, 0.00)	188,0721	186,9392	3	0	0,74164	1
1	1706478196323	0	(-30.00, 0.00, 0.00)	171,9632	173,7359	3	0	-0,02784375	1
1	1706478196663	1	(30.00, 0.00, 0.00)	187,8859	188,9085	3	0	-0,3815844	1
1	1706478196943	0	(-30.00, 0.00, 0.00)	172,2324	168,9068	3	0	0,5107794	1
1	1706478197083	1	(30.00, 0.00, 0.00)	187,7128	188,5172	3	0	0,8470764	1
1	1706478197503	1	(30.00, 0.00, 0.00)	187,5623	188,5739	3	0	1,591278	1
1	1706478197562	0	(-30.00, 0.00, 0.00)	172,4581	173,3902	3	0	0,3076556	1
1	1706478206208	1	(30.00, 0.00, 0.00)	187,4285	193,4759	3	0	-1,493981	1
1	1706478206450	0	(-30.00, 0.00, 0.00)	172,6468	170,0751	3	0	0,7314934	1
1	1706478206610	1	(30.00, 0.00, 0.00)	187,3023	188,4397	3	0	1,523438	1
1	1706478207030	1	(30.00, 0.00, 0.00)	187,1511	190,2735	3	0	-1,843923	1
1	1706478207071	0	(-30.00, 0.00, 0.00)	172,8601	174,0444	3	0	-0,1314975	1
1	1706783955746	1	(30.00, 0.00, 0.00)	-41,16638	-40,79404	3	352,75	352,4717	1
1	1706783955947	0	(-30.00, 0.00, 0.00)	57,35449	48,66579	3	352,75	353,2792	1
1	1706783956165	1	(30.00, 0.00, 0.00)	-45,08203	-48,27889	3	352,75	352,5382	1
1	1706783956565	0	(-30.00, 0.00, 0.00)	64,06561	62,26438	3	352,75	350,8029	1
1	1706783956586	1	(30.00, 0.00, 0.00)	-49,83398	-52,52539	3	352,75	352,4987	1
