-1	-30	0	0	30	30	0	0	-14.9
0	0	-14.86	0	0.2610081	0.1	153.6505	153.5878	0.1	90.0012	89.98292	0.1	26.35195	26.31514	0.1	-0.896103	0.4438462	-0.8956175	0.444825	0.1	-2.090534E-05	1	0.0002980987	0.9999999	0.1	0.8960843	0.4438839	0.8963693	0.4433081	0.1	33.47864	33.61525	0.1	44.86	44.86123	0.1	33.47864	33.33889	0.1
1	3.743142E-06	-14.75709	0	0.04267016	0.1	153.8058	153.7694	0.1	89.99851	90.14976	0.1	26.19122	26.18678	0.1	-0.8973031	0.4414149	-0.8970227	0.4419845	0.1	2.594391E-05	1	-0.002613824	0.9999966	0.1	0.897326	0.4413684	0.8973602	0.4412988	0.1	33.4331	33.52225	0.1	44.75709	44.88236	0.1	33.43309	33.35034	0.1
2	-2.248714E-05	-14.64382	-0.03956468	0.04490469	0.1	153.9427	154.0568	0.1	89.96093	90.05601	0.1	25.97921	25.89455	0.1	-0.8983548	0.4392705	-0.8992283	0.4374797	0.1	0.0006818334	0.9999998	-0.0009775597	0.9999995	0.1	0.898953	0.4380451	0.8995993	0.4367163	0.1	33.38323	33.26006	0.1	44.64382	44.69114	0.1	33.38327	33.33944	0.1
3	-0.0002368684	-14.48509	-0.1356209	-0.1569468	0.1	154.0905	153.8751	0.1	89.86335	89.9103	0.1	25.63641	25.4272	0.1	-0.8994858	0.4369501	-0.897836	0.44033	0.1	0.002384974	0.9999971	0.001565531	0.9999987	0.1	0.9015577	0.4326588	0.9031315	0.4293639	0.1	33.31371	33.30201	0.1	44.48509	44.43748	0.1	33.31414	33.37914	0.1
4	-0.0006900268	-14.33395	-0.2158	-0.2866078	0.1	154.2451	154.0723	0.1	89.7831	89.80873	0.1	25.32187	25.47599	0.1	-0.9006611	0.4345223	-0.8993468	0.4372361	0.1	0.003785677	0.9999928	0.003338168	0.9999945	0.1	0.9039194	0.4277029	0.9027656	0.4301329	0.1	33.24787	33.19985	0.1	44.33395	44.20547	0.1	33.24911	33.20559	0.1
5	-0.001349631	-14.17325	-0.2548778	0.02984035	0.1	154.4561	154.2981	0.1	89.74332	89.89947	0.1	25.03207	25.0923	0.1	-0.902255	0.4312028	-0.9010625	0.4336892	0.1	0.004479826	0.99999	0.001754597	0.9999985	0.1	0.9060711	0.4231256	0.9056258	0.4240778	0.1	33.17831	33.05278	0.1	44.17325	44.17063	0.1	33.18075	33.1564	0.1
6	-0.002115541	-14.00536	-0.2741124	-0.2362897	0.1	154.699	154.7309	0.1	89.7231	89.60026	0.1	24.7496	24.68345	0.1	-0.9040753	0.4273731	-0.9043127	0.4268706	0.1	0.004832801	0.9999883	0.006976743	0.9999757	0.1	0.9081461	0.4186534	0.9086288	0.4176047	0.1	33.10624	33.25741	0.1	44.00536	43.97636	0.1	33.11007	33.28265	0.1
7	-0.003044805	-13.82371	-0.3333784	-0.363831	0.1	154.9247	154.8803	0.1	89.66269	89.65807	0.1	24.40426	24.29353	0.1	-0.9057514	0.4238094	-0.9054226	0.4245113	0.1	0.005887073	0.9999827	0.005967657	0.9999822	0.1	0.9106529	0.4131722	0.9114497	0.4114115	0.1	33.02896	33.12017	0.1	43.82371	43.87719	0.1	33.03449	32.83504	0.1
8	-0.004414598	-13.62071	-0.4893896	-0.3778191	0.1	155.0882	154.9533	0.1	89.50472	89.61254	0.1	23.92652	23.8152	0.1	-0.9069572	0.4212228	-0.9059629	0.423357	0.1	0.008644071	0.9999626	0.00676229	0.9999771	0.1	0.9140663	0.4055648	0.9148526	0.4037881	0.1	32.94327	32.86827	0.1	43.62071	43.48194	0.1	32.95131	32.9758	0.1
9	-0.00682503	-13.39278	-0.8154138	-1.027243	0.1	155.1225	155.1598	0.1	89.17557	89.19885	0.1	23.23694	23.29214	0.1	-0.9072093	0.4206795	-0.9074827	0.4200894	0.1	0.0143885	0.9998965	0.01398215	0.9999022	0.1	0.9188812	0.3945344	0.9185007	0.3954194	0.1	32.84748	32.77945	0.1	43.39278	43.39913	0.1	32.85994	32.88119	0.1
10	-0.0113204	-13.14015	-1.363005	-1.235686	0.1	154.9753	155.0177	0.1	88.62186	88.61498	0.1	22.2826	22.06613	0.1	-0.9061255	0.4230089	-0.906438	0.4223389	0.1	0.02405061	0.9997107	0.02417074	0.9997078	0.1	0.9253249	0.3791752	0.9267509	0.3756765	0.1	32.74117	32.81125	0.1	43.14015	43.12393	0.1	32.76191	32.72723	0.1
11	-0.01941204	-12.86259	-2.173579	-1.955335	0.1	154.6056	154.6858	0.1	87.80049	87.83019	0.1	21.02041	21.0472	0.1	-0.9033774	0.4288465	-0.9039767	0.4275816	0.1	0.03837914	0.9992632	0.03786119	0.999283	0.1	0.9334527	0.3587005	0.9332849	0.359137	0.1	32.62333	32.77877	0.1	42.86259	42.62527	0.1	32.65902	32.62228	0.1
12	-0.03315223	-12.56008	-3.287059	-3.147108	0.1	153.9728	154.0247	0.1	86.66832	86.6217	0.1	19.40799	19.62215	0.1	-0.898586	0.4387975	-0.8989834	0.4379828	0.1	0.05811593	0.9983099	0.05892826	0.9982622	0.1	0.9431763	0.3322926	0.9419277	0.3358157	0.1	32.49258	32.50718	0.1	42.56009	42.63387	0.1	32.55374	32.73345	0.1
13	-0.0551589	-12.2329	-4.737392	-4.635175	0.1	153.0419	152.9668	0.1	85.18778	85.2038	0.1	17.40968	17.42412	0.1	-0.8913382	0.453339	-0.8907431	0.4545071	0.1	0.08389027	0.996475	0.08361159	0.9964984	0.1	0.9541898	0.2992021	0.9541143	0.2994426	0.1	32.34714	32.37366	0.1	42.23294	42.16375	0.1	32.44929	32.32574	0.1
14	-0.0970192	-11.80871	-6.965678	-7.03576	0.1	151.4852	151.5222	0.1	82.90135	83.19688	0.1	14.45708	14.25977	0.1	-0.878694	0.4773854	-0.8790016	0.4768188	0.1	0.123578	0.9923348	0.118458	0.9929591	0.1	0.9683349	0.2496548	0.9691889	0.2463185	0.1	32.15018	32.09459	0.1	41.80882	41.73428	0.1	32.33073	32.22723	0.1
15	-0.1493268	-11.42953	-9.225307	-9.281598	0.1	149.8233	149.785	0.1	80.56818	80.57738	0.1	11.53625	11.36796	0.1	-0.8644798	0.5026676	-0.8641427	0.5032468	0.1	0.1638738	0.9864813	0.1637154	0.9865076	0.1	0.9797984	0.1999878	0.9803815	0.1971092	0.1	31.96399	32.03425	0.1	41.4298	41.58159	0.1	32.24308	32.25215	0.1
16	-0.2212899	-11.03095	-11.77105	-11.66245	0.1	147.9028	148.0626	0.1	77.91994	77.98367	0.1	8.281335	8.40039	0.1	-0.8471476	0.5313576	-0.8486269	0.528992	0.1	0.2092782	0.9778562	0.2081903	0.9780883	0.1	0.9895728	0.1440338	0.9892713	0.1460898	0.1	31.75616	31.93819	0.1	41.03154	41.05674	0.1	32.17154	32.13168	0.1
17	-0.3147504	-10.62132	-14.47397	-14.29688	0.1	145.8389	145.8356	0.1	75.08209	75.01884	0.1	4.834847	4.829487	0.1	-0.8274625	0.561521	-0.8274302	0.5615686	0.1	0.2574347	0.9662957	0.2585015	0.9660109	0.1	0.9964418	0.0842839	0.9964496	0.08419067	0.1	31.52818	31.44636	0.1	40.62254	40.59036	0.1	32.12159	32.16642	0.1
18	-0.4294267	-10.20919	-17.13709	-17.10319	0.1	143.8158	143.6878	0.1	72.25102	72.21636	0.1	1.409866	1.29369	0.1	-0.8071226	0.5903838	-0.805802	0.592185	0.1	0.3048473	0.9524013	0.3054234	0.9522166	0.1	0.9996973	0.02460432	0.9997451	0.02257723	0.1	31.28333	31.29897	0.1	40.21148	40.15535	0.1	32.09638	32.18673	0.1
19	-0.5632178	-9.801453	-19.68476	-19.74433	0.1	141.8992	142.0352	0.1	69.50452	69.80343	0.1	-1.903926	-1.939593	0.1	-0.7869267	0.6170465	-0.7883892	0.6151768	0.1	0.3501335	0.9366998	0.345242	0.9385137	0.1	0.9994479	-0.03322366	0.9994271	-0.03384582	0.1	31.02568	30.88952	0.1	39.80544	39.88231	0.1	32.0964	32.19827	0.1
20	-0.7146379	-9.399926	-22.10343	-22.08462	0.1	140.1011	140.0466	0.1	66.85745	66.8896	0.1	-5.087156	-5.01666	0.1	-0.7671779	0.6414344	-0.7665672	0.6421641	0.1	0.39302	0.9195299	0.392504	0.9197503	0.1	0.996061	-0.08867102	0.9961693	-0.0874454	0.1	30.75697	30.76336	0.1	39.40641	39.33385	0.1	32.12083	32.24717	0.1
21	-0.8831946	-9.004037	-24.51648	-24.41381	0.1	138.2999	138.4905	0.1	64.18636	64.01036	0.1	-8.262393	-8.196871	0.1	-0.746637	0.6652317	-0.7488459	0.6627442	0.1	0.4354455	0.9002151	0.4382086	0.8988733	0.1	0.9896203	-0.1437067	0.989784	-0.1425749	0.1	30.47722	30.48731	0.1	39.01403	39.12995	0.1	32.16899	32.2647	0.1
22	-1.071786	-8.609226	-27.08817	-27.14903	0.1	136.3385	136.3359	0.1	61.32173	61.14642	0.1	-11.6014	-11.7587	0.1	-0.7234311	0.6903967	-0.7233995	0.6904297	0.1	0.4798908	0.8773283	0.482573	0.8758557	0.1	0.9795703	-0.2011019	0.9790145	-0.2037905	0.1	30.18212	30.24475	0.1	38.6241	38.67508	0.1	32.24244	32.22023	0.1
23	-1.284125	-8.213094	-29.86836	-29.76703	0.1	134.1705	134.153	0.1	58.20697	58.26378	0.1	-15.15833	-15.13048	0.1	-0.6967954	0.71727	-0.6965765	0.7174826	0.1	0.5268523	0.8499568	0.5260094	0.8504788	0.1	0.9652069	-0.2614873	0.9653339	-0.2610181	0.1	29.86731	30.12039	0.1	38.23466	38.30119	0.1	32.34426	32.37221	0.1
24	-1.519009	-7.8224	-32.71786	-32.87381	0.1	131.9243	131.9836	0.1	54.98229	54.94297	0.1	-18.77978	-18.78896	0.1	-0.6681489	0.7440276	-0.6689175	0.7433367	0.1	0.5738295	0.8189748	0.5743915	0.8185807	0.1	0.9467629	-0.3219317	0.9467114	-0.3220833	0.1	29.53569	29.56215	0.1	37.85289	37.87771	0.1	32.47519	32.31698	0.1
25	-1.773162	-7.44303	-35.44258	-35.32917	0.1	129.7856	129.8109	0.1	51.84613	51.65602	0.1	-22.25847	-22.47923	0.1	-0.6399161	0.7684448	-0.6402562	0.7681614	0.1	0.6177754	0.7863545	0.6203813	0.7843004	0.1	0.9254845	-0.3787854	0.9240182	-0.3823485	0.1	29.19166	29.18289	0.1	37.48499	37.42554	0.1	32.6333	32.61829	0.1
26	-2.044698	-7.075895	-38.02346	-37.90794	0.1	127.7725	127.796	0.1	48.81994	48.78375	0.1	-25.5716	-25.58372	0.1	-0.6125275	0.7904493	-0.6128518	0.7901978	0.1	0.6584275	0.7526441	0.6589028	0.7522281	0.1	0.9020466	-0.4316386	0.9019552	-0.4318295	0.1	28.83691	28.84127	0.1	37.13223	37.08	0.1	32.81662	32.92334	0.1
27	-2.391386	-6.651558	-40.92326	-40.95245	0.1	125.531	125.5134	0.1	45.34368	45.40053	0.1	-29.3189	-29.43695	0.1	-0.5811437	0.813801	-0.5808927	0.8139801	0.1	0.7028526	0.7113355	0.7021465	0.7120326	0.1	0.8719078	-0.4896701	0.8708971	-0.4914654	0.1	28.39857	28.44632	0.1	36.72949	36.69373	0.1	33.06728	33.11915	0.1
28	-2.695995	-6.311351	-43.2041	-43.30051	0.1	123.7805	123.7862	0.1	42.54968	42.48869	0.1	-32.27859	-32.24834	0.1	-0.5560132	0.8311735	-0.5560962	0.8311179	0.1	0.7366912	0.6762292	0.7374106	0.6754447	0.1	0.8454614	-0.5340366	0.8457432	-0.5335901	0.1	28.02395	27.98361	0.1	36.4113	36.44369	0.1	33.29957	33.41602	0.1
29	-3.01376	-5.983397	-45.41095	-45.42242	0.1	122.0877	122.0845	0.1	39.80147	39.88107	0.1	-35.1382	-35.23281	0.1	-0.5312162	0.8472363	-0.5311693	0.8472657	0.1	0.7682671	0.6401294	0.767377	0.6411961	0.1	0.8177662	-0.5755506	0.8168147	-0.5769002	0.1	27.6416	27.75872	0.1	36.10939	36.23164	0.1	33.55159	33.49463	0.1
30	-3.343601	-5.667585	-47.45037	-47.32797	0.1	120.5463	120.5309	0.1	37.19418	37.14292	0.1	-37.80371	-37.74828	0.1	-0.5082352	0.8612183	-0.5080032	0.8613552	0.1	0.7965913	0.6045182	0.7971319	0.6038052	0.1	0.7901152	-0.6129583	0.790708	-0.6121935	0.1	27.25225	27.38841	0.1	35.82396	35.65041	0.1	33.82185	33.67525	0.1
31	-3.683931	-5.363098	-49.21691	-49.16892	0.1	119.2642	119.328	0.1	34.83579	34.89079	0.1	-40.1703	-40.23703	0.1	-0.4888377	0.8723748	-0.4898087	0.8718299	0.1	0.8207926	0.5712264	0.8202439	0.572014	0.1	0.7641305	-0.6450617	0.7633787	-0.6459512	0.1	26.857	26.71315	0.1	35.55447	35.59296	0.1	34.10821	33.91015	0.1
32	-4.032892	-5.068532	-50.70749	-50.75241	0.1	118.2478	118.1037	0.1	32.7323	32.66161	0.1	-42.23668	-42.09473	0.1	-0.4732856	0.880909	-0.4710694	0.8820961	0.1	0.8412061	0.5407146	0.8418726	0.5396764	0.1	0.7403744	-0.6721947	0.7420375	-0.6703584	0.1	26.45715	26.39611	0.1	35.29966	35.39322	0.1	34.40825	34.40935	0.1
33	-4.389009	-4.782657	-52.02245	-52.19592	0.1	117.3998	117.4586	0.1	30.78576	30.95951	0.1	-44.10482	-44.27991	0.1	-0.4601972	0.8878167	-0.461108	0.887344	0.1	0.8590871	0.5118294	0.8575311	0.5144321	0.1	0.7180677	-0.6959732	0.7159375	-0.6981643	0.1	26.05373	26.01911	0.1	35.05848	34.98402	0.1	34.71999	34.70258	0.1
34	-4.751403	-4.504778	-53.25574	-53.18495	0.1	116.6282	116.4543	0.1	28.90378	29.05742	0.1	-45.86975	-45.97669	0.1	-0.4481985	0.8939341	-0.4454837	0.8952901	0.1	0.8754326	0.4833402	0.8741333	0.485686	0.1	0.6962917	-0.7177589	0.6949509	-0.7190571	0.1	25.64731	25.70722	0.1	34.83038	34.83509	0.1	35.04216	35.08762	0.1
35	-5.119523	-4.234529	-54.37833	-54.35183	0.1	115.9628	115.943	0.1	27.11653	27.10918	0.1	-47.50309	-47.59049	0.1	-0.4377871	0.8990787	-0.4374765	0.8992299	0.1	0.8900813	0.4558017	0.8901398	0.4556875	0.1	0.6755504	-0.7373138	0.6744249	-0.7383435	0.1	25.23825	25.11697	0.1	34.6152	34.68927	0.1	35.37389	35.32196	0.1
36	-5.492608	-3.971173	-55.35789	-55.38876	0.1	115.4379	115.3957	0.1	25.45776	25.43501	0.1	-48.97378	-48.90182	0.1	-0.429533	0.9030511	-0.4288668	0.9033678	0.1	0.9029024	0.4298456	0.903073	0.429487	0.1	0.6564044	-0.7544093	0.6573513	-0.7535843	0.1	24.82705	24.89487	0.1	34.41234	34.39975	0.1	35.71408	35.59177	0.1
37	-5.869884	-3.713854	-56.21225	-56.21973	0.1	115.038	115.002	0.1	23.91104	24.13313	0.1	-50.30109	-50.29094	0.1	-0.42322	0.906027	-0.4226508	0.9062926	0.1	0.9141759	0.4053178	0.9125979	0.4088582	0.1	0.6387532	-0.7694117	0.6388896	-0.7692985	0.1	24.41424	24.33299	0.1	34.22104	34.06628	0.1	36.06163	36.15368	0.1
38	-6.327439	-3.412268	-57.13045	-57.24824	0.1	114.6672	114.6363	0.1	22.14618	22.34459	0.1	-51.76435	-51.73758	0.1	-0.4173467	0.9087474	-0.4168574	0.9089719	0.1	0.9262251	0.3769709	0.9249141	0.3801761	0.1	0.6188973	-0.7854719	0.6192641	-0.7851828	0.1	23.91723	24.12292	0.1	34.00612	33.90781	0.1	36.48735	36.56614	0.1
39	-6.712063	-3.166065	-57.69764	-57.52848	0.1	114.5603	114.455	0.1	20.86151	20.79764	0.1	-52.76862	-52.74071	0.1	-0.4156506	0.9095243	-0.4139788	0.9102865	0.1	0.9344439	0.3561104	0.9348403	0.3550684	0.1	0.6050352	-0.7961987	0.605423	-0.7959039	0.1	23.50217	23.4858	0.1	33.83844	33.85038	0.1	36.84833	37.10529	0.1
40	-7.098661	-2.92297	-57.99247	-58.01371	0.1	114.734	114.808	0.1	19.84002	19.84845	0.1	-53.4875	-53.58084	0.1	-0.4184065	0.9082599	-0.4195794	0.9077187	0.1	0.940644	0.339395	0.940594	0.3395334	0.1	0.5949982	-0.803727	0.593688	-0.8046954	0.1	23.08712	23.14775	0.1	33.67956	33.70034	0.1	37.21363	37.1883	0.1
41	-7.48608	-2.681185	-58.05494	-58.16063	0.1	115.1537	115.0082	0.1	19.04324	19.01631	0.1	-53.96383	-53.94207	0.1	-0.4250477	0.9051709	-0.4227482	0.9062472	0.1	0.9452726	0.3262816	0.9454259	0.3258373	0.1	0.5882958	-0.8086458	0.5886028	-0.8084223	0.1	22.67301	22.86834	0.1	33.52762	33.56995	0.1	37.58184	37.3331	0.1
42	-7.873851	-2.439189	-57.98362	-58.03017	0.1	115.7255	115.7203	0.1	18.37304	18.30074	0.1	-54.29869	-54.36256	0.1	-0.43406	0.900884	-0.4339783	0.9009233	0.1	0.9490244	0.3152025	0.9494215	0.3140047	0.1	0.5835598	-0.8120702	0.5826542	-0.8127202	0.1	22.26019	22.26194	0.1	33.38111	33.38501	0.1	37.95232	38.07693	0.1
43	-8.265689	-2.193822	-57.91198	-57.81063	0.1	116.3242	116.323	0.1	17.68848	17.94773	0.1	-54.63073	-54.64371	0.1	-0.4434502	0.896299	-0.4434308	0.8963086	0.1	0.9527226	0.3038415	0.951338	0.3081493	0.1	0.5788438	-0.8154384	0.5786592	-0.8155695	0.1	21.84475	21.99591	0.1	33.23799	33.24722	0.1	38.32853	38.48421	0.1
44	-8.668193	-1.941444	-57.91085	-57.90819	0.1	116.8889	116.9984	0.1	16.90603	16.94845	0.1	-55.03657	-54.94649	0.1	-0.4522618	0.8918852	-0.4539664	0.8910188	0.1	0.956783	0.2908029	0.9565674	0.2915112	0.1	0.5730535	-0.819518	0.5743412	-0.818616	0.1	21.41997	21.3918	0.1	33.09673	32.95039	0.1	38.7169	38.59272	0.1
45	-9.087726	-1.678372	-57.90877	-57.88047	0.1	117.5026	117.4877	0.1	16.08437	16.14388	0.1	-55.45008	-55.36627	0.1	-0.4617893	0.8869897	-0.4615583	0.8871099	0.1	0.9608548	0.2770526	0.9605665	0.2780504	0.1	0.567124	-0.8236324	0.5683281	-0.822802	0.1	20.97952	20.943	0.1	32.95612	32.79647	0.1	39.12374	39.02289	0.1
46	-9.528214	-1.402146	-57.90847	-57.96515	0.1	118.1734	118.0905	0.1	15.21237	15.26075	0.1	-55.87693	-55.84865	0.1	-0.472141	0.881523	-0.4708665	0.8822045	0.1	0.9649599	0.2623975	0.964738	0.2632123	0.1	0.5609723	-0.8278345	0.5613809	-0.8275576	0.1	20.51975	20.4891	0.1	32.81587	32.77827	0.1	39.55307	39.4791	0.1
47	-9.989915	-1.112623	-57.90912	-57.91269	0.1	118.9083	118.8897	0.1	14.28963	14.43045	0.1	-56.31541	-56.12523	0.1	-0.4834097	0.8753942	-0.4831257	0.875551	0.1	0.9690604	0.2468236	0.9684508	0.2492046	0.1	0.5546206	-0.8321033	0.5573795	-0.8302578	0.1	20.04099	19.93655	0.1	32.67711	32.54567	0.1	40.00539	40.12477	0.1
48	-10.57173	-0.7476901	-57.87364	-57.92344	0.1	119.9224	119.9189	0.1	13.15226	13.30516	0.1	-56.81787	-56.60159	0.1	-0.4988272	0.8667014	-0.4987739	0.8667321	0.1	0.9737688	0.2275396	0.9731581	0.2301375	0.1	0.5473022	-0.836935	0.5504576	-0.8348631	0.1	19.44265	19.49418	0.1	32.51434	32.45069	0.1	40.57862	40.53493	0.1
49	-11.07945	-0.4281197	-57.67784	-57.54067	0.1	121.0259	121.0187	0.1	12.31464	12.37657	0.1	-57.08074	-56.98179	0.1	-0.5154261	0.8569341	-0.5153186	0.8569987	0.1	0.9769911	0.21328	0.97676	0.214336	0.1	0.5434566	-0.8394372	0.5449055	-0.8384975	0.1	18.92539	18.8971	0.1	32.38247	32.36647	0.1	41.08168	41.268	0.1
50	-11.60642	-0.0925213	-57.19975	-57.17897	0.1	122.5121	122.7564	0.1	11.70908	11.72908	0.1	-57.07235	-57.05021	0.1	-0.537477	0.8432784	-0.5410677	0.840979	0.1	0.9791906	0.2029425	0.9791198	0.2032843	0.1	0.5435796	-0.8393576	0.5439039	-0.8391475	0.1	18.39381	18.39054	0.1	32.2532	32.24009	0.1	41.60653	41.55316	0.1
51	-12.1478	0.2600524	-56.48579	-56.31926	0.1	124.3488	124.1133	0.1	11.29582	11.26477	0.1	-56.8393	-56.88844	0.1	-0.564229	0.8256183	-0.5608319	0.8279297	0.1	0.980629	0.1958745	0.9807349	0.1953431	0.1	0.5469891	-0.8371397	0.546271	-0.8376085	0.1	17.85409	17.78666	0.1	32.12528	32.10244	0.1	42.1486	42.29388	0.1
52	-12.69595	0.6274797	-55.7071	-55.59387	0.1	126.3697	126.631	0.1	10.91703	11.05854	0.1	-56.54908	-56.58879	0.1	-0.5929926	0.8052079	-0.5966593	0.8024946	0.1	0.9819025	0.1893872	0.9814317	0.1918118	0.1	0.5512224	-0.8343584	0.550644	-0.8347402	0.1	17.31542	17.4608	0.1	31.99894	32.06763	0.1	42.70057	42.63529	0.1
53	-13.24475	1.005345	-55.11069	-55.12535	0.1	128.3231	128.3806	0.1	10.33841	10.26213	0.1	-56.44245	-56.44108	0.1	-0.620095	0.7845268	-0.6208819	0.7839041	0.1	0.9837649	0.1794618	0.984003	0.1781518	0.1	0.5527743	-0.833331	0.5527942	-0.8333178	0.1	16.78539	16.89686	0.1	31.87653	32.00613	0.1	43.25643	43.26093	0.1
54	-13.79077	1.388513	-54.73007	-54.95679	0.1	130.166	130.1499	0.1	9.535825	9.449885	0.1	-56.5462	-56.4747	0.1	-0.6450049	0.7641785	-0.6447901	0.7643597	0.1	0.9861822	0.1656643	0.9864296	0.1641849	0.1	0.5512645	-0.8343306	0.552305	-0.8336421	0.1	16.26859	16.09371	0.1	31.76165	31.72458	0.1	43.81278	43.80109	0.1
55	-14.33481	1.77449	-54.56118	-54.2938	0.1	131.9015	131.8303	0.1	8.514307	8.556582	0.1	-56.85321	-56.88882	0.1	-0.6678522	0.7442939	-0.6669263	0.7451237	0.1	0.9889789	0.1480564	0.9888694	0.148786	0.1	0.546786	-0.8372725	0.5462654	-0.8376122	0.1	15.76537	16.00288	0.1	31.65701	31.64448	0.1	44.37031	44.45317	0.1
56	-14.87824	2.161331	-54.55278	-54.71508	0.1	133.5813	133.4997	0.1	7.325176	7.279088	0.1	-57.31	-57.20968	0.1	-0.6893837	0.7243964	-0.6883509	0.7253779	0.1	0.9918385	0.1275004	0.9919407	0.1267026	0.1	0.5400934	-0.8416051	0.5415662	-0.8406581	0.1	15.27544	15.2347	0.1	31.56507	31.62818	0.1	44.93025	44.70844	0.1
57	-15.42165	2.548197	-54.55117	-54.47801	0.1	135.3636	135.4486	0.1	6.12279	6.232961	0.1	-57.76215	-57.89292	0.1	-0.7115796	0.7026054	-0.7126215	0.7015488	0.1	0.9942956	0.1066596	0.9940886	0.1085712	0.1	0.533435	-0.8458411	0.5315032	-0.8470563	0.1	14.79938	14.96535	0.1	31.48696	31.43937	0.1	45.49307	45.54106	0.1
58	-15.9656	2.935493	-54.53672	-54.46254	0.1	137.2772	137.4395	0.1	4.926526	5.085124	0.1	-58.19082	-58.15008	0.1	-0.7346447	0.6784521	-0.7365642	0.6763676	0.1	0.9963056	0.08587819	0.9960641	0.08863568	0.1	0.5270919	-0.8498083	0.5276961	-0.8494332	0.1	14.33811	14.1238	0.1	31.42273	31.28454	0.1	46.05924	46.19603	0.1
59	-16.51419	3.326827	-54.39899	-54.56069	0.1	139.4586	139.6229	0.1	3.838033	3.973365	0.1	-58.48998	-58.40227	0.1	-0.7599371	0.6499966	-0.7617969	0.6478159	0.1	0.9977573	0.06693622	0.9975964	0.06929273	0.1	0.5226476	-0.8525488	0.5239522	-0.8517477	0.1	13.8901	13.90369	0.1	31.37159	31.28119	0.1	46.63301	46.64689	0.1
60	-17.18486	3.81032	-53.86472	-54.08117	0.1	142.694	142.6803	0.1	2.863617	2.839661	0.1	-58.48152	-58.64103	0.1	-0.7954105	0.6060711	-0.7952647	0.6062624	0.1	0.9987513	0.04995874	0.9987721	0.04954115	0.1	0.5227735	-0.8524716	0.5203982	-0.8539237	0.1	13.36961	13.54513	0.1	31.32441	31.30845	0.1	47.33846	47.25311	0.1
61	-17.75148	4.228221	-53.14683	-53.30547	0.1	145.898	145.9654	0.1	2.294308	2.255092	0.1	-58.20697	-58.02716	0.1	-0.8280405	0.5606682	-0.8286999	0.5596932	0.1	0.9991984	0.04003253	0.9992256	0.03934862	0.1	0.5268523	-0.8499568	0.5295172	-0.8482992	0.1	12.95778	13.02368	0.1	31.29376	31.26589	0.1	47.93831	47.95703	0.1
62	-18.3173	4.657236	-52.38041	-52.38566	0.1	149.354	149.3333	0.1	1.76092	1.870518	0.1	-57.88605	-57.82681	0.1	-0.8603331	0.5097321	-0.8601491	0.5100427	0.1	0.9995278	0.03072901	0.9994671	0.0326409	0.1	0.5316048	-0.8469926	0.5324802	-0.8464425	0.1	12.57677	12.35549	0.1	31.26946	31.23525	0.1	48.54124	48.59015	0.1
63	-18.87842	5.093458	-51.82093	-51.78802	0.1	152.7859	152.7954	0.1	1.017987	1.071604	0.1	-57.77005	-57.86829	0.1	-0.8893039	0.4573167	-0.8893797	0.4571693	0.1	0.9998422	0.0177663	0.9998251	0.01870193	0.1	0.5333185	-0.8459145	0.5318674	-0.8468276	0.1	12.23245	12.12158	0.1	31.25269	31.19371	0.1	49.14309	49.41247	0.1
64	-19.43593	5.534291	-51.44011	-51.40283	0.1	156.209	156.2394	0.1	0.09487279	0.06187205	0.1	-57.82771	-57.83096	0.1	-0.9150227	0.4034023	-0.9152369	0.402916	0.1	0.9999986	0.001655842	0.9999994	0.001079871	0.1	0.532467	-0.8464507	0.532419	-0.846481	0.1	11.92594	11.83986	0.1	31.24622	31.30511	0.1	49.74474	49.66576	0.1
65	-19.99033	5.97902	-50.9608	-51.07008	0.1	159.8901	159.9044	0.1	-0.7281993	-0.8191331	0.1	-57.78117	-57.65493	0.1	-0.9390349	0.3438218	-0.9391204	0.3435882	0.1	0.9999192	-0.01270913	0.9998978	-0.01429608	0.1	0.5331543	-0.846018	0.535017	-0.8448413	0.1	11.65943	11.73135	0.1	31.25093	31.09136	0.1	50.34661	50.36287	0.1
66	-20.54023	6.429286	-50.21324	-50.10789	0.1	163.9886	163.9991	0.1	-1.283137	-1.368842	0.1	-57.46297	-57.56713	0.1	-0.9612067	0.2758292	-0.9612572	0.2756529	0.1	0.9997492	-0.02239309	0.9997146	-0.02388852	0.1	0.5378445	-0.843044	0.5363111	-0.8440204	0.1	11.43778	11.3165	0.1	31.26467	31.13223	0.1	50.94753	50.84878	0.1
67	-21.08293	6.888207	-49.03285	-49.02707	0.1	168.6523	168.7993	0.1	-1.404442	-1.319398	0.1	-56.7125	-56.6248	0.1	-0.9804513	0.196762	-0.9809529	0.1942461	0.1	0.9996996	-0.02450968	0.9997349	-0.02302581	0.1	0.5488405	-0.8359271	0.5501193	-0.835086	0.1	11.26772	11.29178	0.1	31.2833	31.14422	0.1	51.54525	51.55391	0.1
68	-21.61436	7.360119	-47.34031	-47.2643	0.1	173.9332	173.9497	0.1	-1.012591	-1.00029	0.1	-55.45588	-55.50274	0.1	-0.9943994	0.105687	-0.9944296	0.1054022	0.1	0.9998438	-0.01767212	0.9998476	-0.01745747	0.1	0.5670407	-0.8236898	0.5663668	-0.8241533	0.1	11.15753	11.39509	0.1	31.30087	31.23924	0.1	52.13649	52.06249	0.1
69	-22.13014	7.849058	-45.25502	-45.34216	0.1	179.6696	179.6658	0.1	-0.2272819	-0.2291433	0.1	-53.81753	-53.78505	0.1	-0.9999834	0.005766988	-0.999983	0.005833505	0.1	0.9999921	-0.003966808	0.999992	-0.003999295	0.1	0.5903587	-0.8071409	0.5908161	-0.8068062	0.1	11.11496	11.13053	0.1	31.31145	31.41057	0.1	52.71773	52.79116	0.1
70	-22.62687	8.357329	-42.92921	-42.96499	0.1	-174.3491	-174.2887	0.1	0.7972127	0.6822037	0.1	-51.95263	-52.06331	0.1	-0.9951403	-0.09846766	-0.9950359	-0.09951606	0.1	0.9999032	0.01391354	0.9999291	0.01190642	0.1	0.6163127	-0.7875015	0.6147904	-0.7886906	0.1	11.14486	11.09678	0.1	31.31103	31.28607	0.1	53.28632	53.26743	0.1
71	-23.10163	8.886164	-40.32494	-40.27414	0.1	-168.1473	-168.0412	0.1	2.100961	2.027226	0.1	-49.82494	-49.812	0.1	-0.9786788	-0.2053967	-0.9782968	-0.2072087	0.1	0.9993278	0.03666047	0.9993742	0.03537439	0.1	0.6451252	-0.7640769	0.6452976	-0.7639313	0.1	11.24951	11.17989	0.1	31.29664	31.18992	0.1	53.84002	53.82195	0.1
72	-23.55032	9.437265	-37.29037	-37.25494	0.1	-161.6401	-161.6693	0.1	3.835175	3.920194	0.1	-47.28508	-47.18227	0.1	-0.9490969	-0.3149844	-0.9492568	-0.3145019	0.1	0.9977606	0.06688645	0.9976602	0.06836693	0.1	0.6783509	-0.7347381	0.6796683	-0.7335196	0.1	11.43067	11.60207	0.1	31.2641	31.28544	0.1	54.37554	54.26509	0.1
73	-23.9671	10.01285	-33.7296	-33.88304	0.1	-154.7992	-154.7461	0.1	6.096511	6.203648	0.1	-44.24051	-44.2612	0.1	-0.9048215	-0.4257912	-0.9044259	-0.4266309	0.1	0.9943444	0.1062035	0.9941441	0.1080626	0.1	0.7164174	-0.6976719	0.7161655	-0.6979305	0.1	11.68987	11.60444	0.1	31.2075	31.39836	0.1	54.88811	54.79648	0.1
74	-24.41543	10.73809	-28.78715	-28.79698	0.1	-146.2648	-146.235	0.1	9.48361	9.664122	0.1	-39.9502	-39.88288	0.1	-0.8316129	-0.5553557	-0.8313245	-0.5557874	0.1	0.9863328	0.1647655	0.9858088	0.1678721	0.1	0.7666029	-0.6421215	0.7673568	-0.6412203	0.1	12.10347	11.98583	0.1	31.09879	31.01077	0.1	55.46481	55.42878	0.1
75	-24.73799	11.37121	-24.25706	-24.20741	0.1	-139.0893	-139.228	0.1	12.72427	12.81471	0.1	-35.99271	-35.91801	0.1	-0.7557315	-0.6548815	-0.7573149	-0.6530499	0.1	0.9754413	0.2202594	0.9750925	0.2217988	0.1	0.8090917	-0.5876824	0.8098573	-0.5866269	0.1	12.52969	12.54936	0.1	30.96773	30.87221	0.1	55.90664	55.88828	0.1
76	-25.00843	12.02828	-19.51716	-19.4702	0.1	-132.0549	-132.0764	0.1	16.18486	16.18495	0.1	-31.85147	-32.00714	0.1	-0.6698428	-0.742503	-0.6701207	-0.7422522	0.1	0.9603674	0.2787373	0.9603669	0.2787389	0.1	0.849419	-0.527719	0.847982	-0.530025	0.1	13.02287	12.96367	0.1	30.79618	30.84887	0.1	56.30814	56.41559	0.1
77	-25.22337	12.70553	-14.78197	-14.80208	0.1	-125.3857	-125.3637	0.1	19.65463	19.61196	0.1	-27.73883	-27.70167	0.1	-0.579077	-0.8152729	-0.5787652	-0.8154942	0.1	0.9417372	0.3363497	0.9419874	0.3356482	0.1	0.8850784	-0.4654419	0.88538	-0.4648679	0.1	13.57375	13.57834	0.1	30.58296	30.57117	0.1	56.66614	56.57048	0.1
78	-25.38272	13.39799	-10.27276	-10.35856	0.1	-119.288	-119.3163	0.1	22.91462	22.9577	0.1	-23.87227	-23.80749	0.1	-0.4892	-0.8721716	-0.4896312	-0.8719296	0.1	0.9210861	0.3893591	0.9207931	0.3900514	0.1	0.9144499	-0.4046991	0.9149069	-0.4036649	0.1	14.17128	14.23533	0.1	30.33001	30.19181	0.1	56.98027	57.04902	0.1
79	-25.48829	14.10068	-5.995119	-5.939982	0.1	-113.738	-113.6801	0.1	25.96034	25.8132	0.1	-20.25332	-20.17672	0.1	-0.4025544	-0.9153961	-0.4016291	-0.9158024	0.1	0.8990973	0.4377489	0.9002185	0.4354385	0.1	0.9381713	-0.3461715	0.9386332	-0.3449169	0.1	14.80489	15.01115	0.1	30.04066	30.08406	0.1	57.25189	57.2043	0.1
80	-25.54225	14.80922	-1.942594	-1.779804	0.1	-108.6951	-108.6658	0.1	28.79862	28.6741	0.1	-16.8721	-16.94883	0.1	-0.3205315	-0.9472378	-0.3200484	-0.9474012	0.1	0.8763183	0.4817326	0.8773632	0.4798269	0.1	0.956955	-0.2902363	0.9565655	-0.2915176	0.1	15.46559	15.55146	0.1	29.71812	29.71942	0.1	57.48265	57.42826	0.1
81	-25.54716	15.51981	1.878261	1.943107	0.1	-104.1307	-104.0003	0.1	31.42291	31.42945	0.1	-13.73207	-13.73682	0.1	-0.2441342	-0.9697415	-0.2419264	-0.9702946	0.1	0.8533424	0.521351	0.8532829	0.5214483	0.1	0.9714164	-0.2373819	0.9713967	-0.2374625	0.1	16.14597	16.11364	0.1	29.36551	29.32377	0.1	57.67453	57.64719	0.1
82	-25.50587	16.22923	5.463357	5.414299	0.1	-100.0149	-100.1345	0.1	33.82825	33.77814	0.1	-10.83489	-10.94506	0.1	-0.1739041	-0.9847626	-0.1759596	-0.9843974	0.1	0.83071	0.5567054	0.8311966	0.5559787	0.1	0.982173	-0.1879794	0.9818097	-0.1898677	0.1	16.83998	16.80359	0.1	28.98592	29.05536	0.1	57.82983	57.84159	0.1
83	-25.42144	16.93483	8.817751	8.887418	0.1	-96.31123	-96.27013	0.1	36.01834	35.99575	0.1	-8.173563	-8.208199	0.1	-0.1099291	-0.9939395	-0.1092161	-0.994018	0.1	0.8088287	0.5880443	0.8090605	0.5877253	0.1	0.9898419	-0.1421722	0.9897558	-0.1427706	0.1	17.54286	17.52522	0.1	28.5823	28.61278	0.1	57.95105	57.89535	0.1
84	-25.26755	17.77357	12.54696	12.49038	0.1	-92.36288	-92.26051	0.1	38.36832	38.62714	0.1	-5.280381	-5.224596	0.1	-0.04122845	-0.9991497	-0.03944308	-0.9992218	0.1	0.7840368	0.6207144	0.7812249	0.6242497	0.1	0.9957563	-0.09202963	0.9958454	-0.09106008	0.1	18.39282	18.44243	0.1	28.07017	28.07044	0.1	58.05516	57.97561	0.1
85	-25.09908	18.46397	15.4263	15.50733	0.1	-89.43903	-89.40495	0.1	40.11073	40.03495	0.1	-3.099962	-3.068133	0.1	0.009790697	-0.9999521	0.0103854	-0.9999461	0.1	0.7648007	0.6442669	0.7656521	0.6432549	0.1	0.9985367	-0.05407815	0.9985666	-0.05352343	0.1	19.10333	19.1594	0.1	27.62325	27.83167	0.1	58.11047	58.0316	0.1
86	-24.89642	19.14513	18.30905	18.31121	0.1	-86.61737	-86.49368	0.1	41.86632	41.76132	0.1	-0.9170658	-0.8229514	0.1	0.05900371	-0.9982578	0.06115857	-0.9981281	0.1	0.744704	0.6673949	0.7459258	0.666029	0.1	0.9998719	-0.01600513	0.9998968	-0.01436272	0.1	19.81369	19.92801	0.1	27.1599	27.1561	0.1	58.13908	58.14353	0.1
87	-24.65912	19.815	21.31972	21.28882	0.1	-83.76514	-83.71305	0.1	43.76189	43.76912	0.1	1.39311	1.416471	0.1	0.1086042	-0.9940851	0.1095079	-0.993986	0.1	0.7222204	0.691663	0.7221331	0.6917541	0.1	0.9997044	0.02431196	0.9996944	0.02471957	0.1	20.52216	20.5041	0.1	26.6797	26.68413	0.1	58.13995	58.09829	0.1
88	-24.38702	20.4715	24.25577	24.14259	0.1	-81.07707	-81.00947	0.1	45.59735	45.60331	0.1	3.629197	3.480154	0.1	0.1551056	-0.9878979	0.1562712	-0.9877142	0.1	0.6996963	0.7144404	0.699622	0.7145132	0.1	0.9979946	0.06329909	0.9981559	0.06070281	0.1	21.22706	21.23549	0.1	26.18242	26.41074	0.1	58.11222	58.13561	0.1
89	-24.08269	21.11371	26.95946	26.96426	0.1	-78.69656	-78.57163	0.1	47.21305	47.3861	0.1	5.633916	5.612855	0.1	0.1960049	-0.9806029	0.1981426	-0.9801732	0.1	0.6792741	0.7338846	0.6770546	0.7359328	0.1	0.9951695	0.09817202	0.9952055	0.0978062	0.1	21.92723	21.99708	0.1	25.66986	25.64643	0.1	58.05795	57.99845	0.1
90	-23.74937	21.74138	29.4392	29.24531	0.1	-76.60069	-76.59024	0.1	48.61383	48.61896	0.1	7.416085	7.375839	0.1	0.2317361	-0.9727787	0.2319135	-0.9727364	0.1	0.6611308	0.7502707	0.6610636	0.7503299	0.1	0.991635	0.129074	0.9917254	0.1283774	0.1	22.62207	22.55433	0.1	25.14433	24.96793	0.1	57.98002	57.92625	0.1
91	-23.39019	22.35463	31.6904	31.80504	0.1	-74.78147	-74.64086	0.1	49.79102	49.85677	0.1	8.971195	8.795678	0.1	0.2625012	-0.9649317	0.2648685	-0.9642845	0.1	0.6455774	0.7636949	0.6447005	0.7644352	0.1	0.9877669	0.1559379	0.9882399	0.1529113	0.1	23.31135	23.19453	0.1	24.60798	24.57768	0.1	57.88127	57.80729	0.1
92	-23.00816	22.95392	33.70916	33.73709	0.1	-73.23174	-73.12983	0.1	50.73599	50.7039	0.1	10.2953	10.2307	0.1	0.2885014	-0.9574795	0.290204	-0.9569648	0.1	0.6328946	0.7742379	0.6333281	0.7738833	0.1	0.9838997	0.1787215	0.9841006	0.1776121	0.1	23.99517	23.9848	0.1	24.06289	24.10674	0.1	57.76459	57.80807	0.1
93	-22.60618	23.54002	35.50534	35.41918	0.1	-71.93194	-71.90055	0.1	51.45324	51.45942	0.1	11.39795	11.59266	0.1	0.3101465	-0.9506888	0.3106672	-0.9505187	0.1	0.6231532	0.7820998	0.6230687	0.7821671	0.1	0.9802783	0.1976222	0.979601	0.2009524	0.1	24.6739	24.81332	0.1	23.51108	23.49438	0.1	57.63283	57.6418	0.1
94	-22.18669	24.11372	37.18848	37.03448	0.1	-70.76485	-70.75542	0.1	52.04713	51.95198	0.1	12.3884	12.50957	0.1	0.3294459	-0.9441745	0.3296013	-0.9441202	0.1	0.6150131	0.7885169	0.6163216	0.7874945	0.1	0.9767157	0.2145375	0.9762598	0.2166027	0.1	25.34797	25.34682	0.1	22.95424	22.95787	0.1	57.48845	57.45123	0.1
95	-21.66071	24.78505	39.36975	39.40492	0.1	-69.22651	-69.31935	0.1	52.90645	52.99927	0.1	13.73965	13.77038	0.1	0.3546744	-0.9349899	0.3531589	-0.9355634	0.1	0.6031182	0.7976518	0.6018252	0.7986279	0.1	0.971385	0.2375104	0.9712574	0.2380314	0.1	26.15038	25.93534	0.1	22.27964	22.11014	0.1	57.29858	57.36782	0.1
96	-21.20261	25.32841	41.26056	41.21156	0.1	-67.89324	-68.00815	0.1	53.68607	53.71236	0.1	14.94032	15.01309	0.1	0.3763336	-0.9264842	0.3744747	-0.9272372	0.1	0.592209	0.8057843	0.5918393	0.806056	0.1	0.9661949	0.2578129	0.9658666	0.2590398	0.1	26.81273	26.5964	0.1	21.71115	21.68384	0.1	57.12473	57.11218	0.1
97	-20.72746	25.85694	42.94972	43.08074	0.1	-66.77859	-66.85545	0.1	54.2532	54.09002	0.1	15.94075	15.88591	0.1	0.3942853	-0.9189881	0.3930521	-0.9195162	0.1	0.5842043	0.8116066	0.5865135	0.8099394	0.1	0.9615462	0.2746431	0.9618087	0.2737226	0.1	27.46928	27.36031	0.1	21.13746	21.03987	0.1	56.9373	57.01421	0.1
98	-20.23777	26.37204	44.40472	44.40874	0.1	-65.90849	-65.95414	0.1	54.56799	54.75505	0.1	16.70773	16.64981	0.1	0.4081951	-0.9128947	0.4074677	-0.9132196	0.1	0.5797364	0.8148041	0.5770732	0.8166924	0.1	0.9577837	0.2874898	0.9580739	0.2865213	0.1	28.12091	28.18082	0.1	20.56039	20.64592	0.1	56.73904	56.63953	0.1
99	-19.73599	26.87537	45.62688	45.53302	0.1	-65.27555	-65.2646	0.1	54.62337	54.41549	0.1	17.24184	17.16831	0.1	0.4182547	-0.9083298	0.4184284	-0.9082498	0.1	0.5789486	0.815364	0.5819032	0.8132581	0.1	0.9550622	0.2964056	0.9554418	0.2951796	0.1	28.76865	28.8006	0.1	19.98181	20.03771	0.1	56.53277	56.46386	0.1
100	-19.22436	27.36868	46.62696	46.75179	0.1	-64.86367	-64.97859	0.1	54.42083	54.30801	0.1	17.55295	17.65049	0.1	0.4247735	-0.9052997	0.4229568	-0.9061499	0.1	0.5818272	0.8133124	0.5834277	0.8121651	0.1	0.9534386	0.3015871	0.9529238	0.3032098	0.1	29.41359	29.46882	0.1	19.4036	19.39249	0.1	56.32124	56.20763	0.1
101	-18.70493	27.8538	47.40358	47.40831	0.1	-64.6696	-64.82597	0.1	53.94906	53.93434	0.1	17.63883	17.72229	0.1	0.4278374	-0.9038557	0.4253691	-0.90502	0.1	0.5885043	0.8084941	0.588712	0.8083429	0.1	0.9529855	0.3030158	0.9525431	0.3044036	0.1	30.05682	30.06237	0.1	18.82766	18.82939	0.1	56.10708	56.07642	0.1
102	-18.17975	28.33268	47.94945	47.97993	0.1	-64.69621	-64.54224	0.1	53.18957	53.20204	0.1	17.49129	17.44103	0.1	0.4274177	-0.9040543	0.4298455	-0.9029025	0.1	0.5991694	0.8006223	0.5989951	0.8007527	0.1	0.9537627	0.3005608	0.9540259	0.2997241	0.1	30.69949	30.55634	0.1	18.25604	18.05325	0.1	55.89301	56.00427	0.1
103	-17.6508	28.8074	48.25951	48.3318	0.1	-64.9444	-64.91939	0.1	52.12491	52.24469	0.1	17.10436	17.06234	0.1	0.4234974	-0.9058973	0.4238929	-0.9057123	0.1	0.6139421	0.789351	0.6122905	0.7906329	0.1	0.9557706	0.2941131	0.9559861	0.2934121	0.1	31.34277	31.27194	0.1	17.69104	17.79043	0.1	55.68182	55.63065	0.1
104	-17.11999	29.28004	48.40021	48.22355	0.1	-65.34402	-65.52323	0.1	50.80831	50.81836	0.1	16.54369	16.56461	0.1	0.4171689	-0.908829	0.4143242	-0.9101294	0.1	0.6319169	0.7750362	0.6317809	0.775147	0.1	0.9586029	0.2847463	0.9584988	0.2850964	0.1	31.98774	32.02121	0.1	17.13512	17.04777	0.1	55.47625	55.43464	0.1
105	-16.48114	29.84509	48.7017	48.7333	0.1	-65.66729	-65.56592	0.1	49.24023	49.38071	0.1	15.99756	16.00915	0.1	0.4120346	-0.9111682	0.413646	-0.9104378	0.1	0.652889	0.7574536	0.6510297	0.7590523	0.1	0.9612734	0.2755964	0.9612176	0.2757909	0.1	32.76414	32.80083	0.1	16.48187	16.59132	0.1	55.2379	55.21067	0.1
106	-15.94608	30.3129	49.01174	48.90717	0.1	-65.86204	-65.86652	0.1	47.88759	47.82669	0.1	15.59692	15.62269	0.1	0.4089352	-0.9125634	0.4088637	-0.9125955	0.1	0.6705873	0.7418306	0.6713753	0.7411175	0.1	0.963177	0.268868	0.963056	0.2693012	0.1	33.41235	33.4313	0.1	15.94915	15.84613	0.1	55.04466	55.05941	0.1
107	-15.40911	30.77853	49.10985	49.08667	0.1	-66.25394	-66.07264	0.1	46.21748	46.05356	0.1	14.98021	14.93931	0.1	0.4026837	-0.9153392	0.4055781	-0.9140604	0.1	0.6919229	0.7219714	0.6939856	0.7199888	0.1	0.9660152	0.2584855	0.9661995	0.2577957	0.1	34.06189	34.07833	0.1	15.42877	15.46911	0.1	54.85714	54.75721	0.1
108	-14.87107	31.24442	49.11329	49.03151	0.1	-66.72354	-66.77634	0.1	44.32991	44.35206	0.1	14.26319	14.19629	0.1	0.3951681	-0.9186088	0.3943213	-0.9189727	0.1	0.715328	0.6987889	0.7150578	0.6990653	0.1	0.9691742	0.2463765	0.9694612	0.2452446	0.1	34.71452	34.82127	0.1	14.92305	14.78768	0.1	54.67748	54.75135	0.1
109	-14.32776	31.71483	49.11285	48.95045	0.1	-67.18394	-67.05444	0.1	42.28781	42.36768	0.1	13.53056	13.64692	0.1	0.387774	-0.9217545	0.3898562	-0.9208757	0.1	0.7397742	0.6728551	0.7388356	0.6738858	0.1	0.9722453	0.2339639	0.9717681	0.235938	0.1	35.37584	35.32129	0.1	14.43002	14.41623	0.1	54.50487	54.47395	0.1
110	-13.77374	32.1945	49.11462	48.96618	0.1	-67.6338	-67.44812	0.1	40.06207	39.96344	0.1	12.78108	12.79345	0.1	0.3805248	-0.9247707	0.3835197	-0.9235327	0.1	0.7653476	0.6436172	0.7664544	0.6422987	0.1	0.9752225	0.2212265	0.9751747	0.221437	0.1	36.05242	35.93773	0.1	13.94747	14.24971	0.1	54.33807	54.38397	0.1
111	-13.20858	32.6838	49.12006	48.89814	0.1	-68.07193	-68.21317	0.1	37.6347	37.64767	0.1	12.01549	12.03181	0.1	0.3734423	-0.9276534	0.3711545	-0.9285712	0.1	0.7919199	0.610625	0.7917817	0.6108041	0.1	0.9780914	0.2081761	0.978032	0.2084547	0.1	36.74483	36.7412	0.1	13.47848	13.47937	0.1	54.1776	54.07551	0.1
112	-12.63735	33.17774	49.23385	49.10607	0.1	-68.39021	-68.43378	0.1	35.11912	35.1492	0.1	11.34602	11.33903	0.1	0.3682835	-0.9297135	0.3675764	-0.9299933	0.1	0.8179578	0.5752783	0.8176557	0.5757076	0.1	0.9804569	0.1967338	0.980481	0.1966141	0.1	37.44628	37.35347	0.1	13.03076	12.86586	0.1	54.02505	53.81609	0.1
113	-12.06336	33.67044	49.60197	49.68954	0.1	-68.44278	-68.38206	0.1	32.67886	32.76439	0.1	10.92577	10.86395	0.1	0.3674302	-0.9300511	0.3684157	-0.9296612	0.1	0.84171	0.5399299	0.8409031	0.5411857	0.1	0.9818736	0.189537	0.9820775	0.1884776	0.1	38.14999	38.21267	0.1	12.6094	12.54024	0.1	53.87973	53.93575	0.1
114	-11.48536	34.15842	50.19246	50.25612	0.1	-68.26624	-68.24375	0.1	30.289	30.25629	0.1	10.72495	10.71025	0.1	0.3702941	-0.9289146	0.3706587	-0.9287692	0.1	0.8634924	0.5043619	0.8637801	0.5038689	0.1	0.9825318	0.1860945	0.9825795	0.1858424	0.1	38.85344	38.91043	0.1	12.21499	11.90635	0.1	53.73856	53.73731	0.1
115	-10.90208	34.6401	50.79837	50.79006	0.1	-68.07063	-68.0773	0.1	27.74301	27.63445	0.1	10.537	10.59684	0.1	0.3734634	-0.9276449	0.3733553	-0.9276884	0.1	0.8850445	0.4655065	0.8859248	0.4638289	0.1	0.983137	0.1828705	0.9829455	0.1838971	0.1	39.55587	39.47293	0.1	11.84846	11.67727	0.1	53.5996	53.63231	0.1
116	-10.31435	35.11633	51.26548	51.17168	0.1	-68.00881	-68.12325	0.1	24.88226	24.76465	0.1	10.2076	10.44579	0.1	0.3744639	-0.9272415	0.3726112	-0.9279876	0.1	0.9071743	0.4207549	0.9080361	0.4188919	0.1	0.9841721	0.1772153	0.9834269	0.1813052	0.1	40.25768	40.26181	0.1	11.51359	11.63235	0.1	53.46404	53.43498	0.1
117	-9.722453	35.58736	51.8673	51.86458	0.1	-67.80703	-67.82011	0.1	21.98192	22.03443	0.1	10.01013	9.934713	0.1	0.3777272	-0.925917	0.3775157	-0.9260032	0.1	0.927302	0.374314	0.9269586	0.3751637	0.1	0.984777	0.1738223	0.985005	0.1725259	0.1	40.95899	40.96338	0.1	11.21359	11.11215	0.1	53.33229	53.26572	0.1
118	-9.004272	36.14251	53.00245	52.82519	0.1	-67.1505	-67.06606	0.1	18.70151	18.71546	0.1	10.18335	10.05295	0.1	0.3883119	-0.921528	0.3896696	-0.9209547	0.1	0.9472018	0.3206379	0.9471237	0.3208686	0.1	0.984247	0.1767987	0.9846469	0.1745583	0.1	41.79835	41.77065	0.1	10.89988	10.98326	0.1	53.17532	53.16727	0.1
119	-8.396233	36.5925	54.28054	54.28763	0.1	-66.27654	-66.23951	0.1	16.14246	16.19217	0.1	10.65843	10.49534	0.1	0.4023226	-0.915498	0.4029143	-0.9152377	0.1	0.9605734	0.2780266	0.9603318	0.2788598	0.1	0.9827473	0.1849536	0.9832697	0.1821556	0.1	42.49393	42.46741	0.1	10.6751	10.55769	0.1	53.04038	53.09303	0.1
120	-7.777785	37.02807	55.72117	55.79079	0.1	-65.2487	-65.16256	0.1	13.61994	13.60631	0.1	11.29538	11.32278	0.1	0.4186803	-0.9081337	0.4200452	-0.9075032	0.1	0.9718791	0.2354803	0.9719351	0.2352492	0.1	0.9806305	0.1958671	0.9805366	0.1963361	0.1	43.18455	43.16333	0.1	10.48274	10.68144	0.1	52.89839	52.82228	0.1
121	-7.147944	37.44698	57.41642	57.3015	0.1	-63.97724	-64.06042	0.1	11.24264	11.04196	0.1	12.18673	12.14606	0.1	0.4387281	-0.8986198	0.437423	-0.8992559	0.1	0.9808103	0.1949643	0.9814872	0.1915278	0.1	0.9774648	0.2110985	0.9776144	0.2104046	0.1	43.86904	43.98698	0.1	10.32234	10.40221	0.1	52.74701	52.81652	0.1
122	-6.504876	37.84526	59.55143	59.38088	0.1	-62.28144	-62.29342	0.1	9.21516	9.100272	0.1	13.51861	13.45892	0.1	0.4651287	-0.8852431	0.4649437	-0.8853403	0.1	0.9870939	0.1601424	0.987413	0.1581628	0.1	0.972294	0.2337612	0.972537	0.2327482	0.1	44.54531	44.58597	0.1	10.19125	10.17982	0.1	52.58203	52.74973	0.1
123	-5.846007	38.21677	62.24385	62.16243	0.1	-60.0501	-59.97271	0.1	7.674679	7.664753	0.1	15.41045	15.41082	0.1	0.4992425	-0.8664623	0.5004123	-0.8657872	0.1	0.9910423	0.1335482	0.9910654	0.1333765	0.1	0.964047	0.265732	0.9640452	0.2657381	0.1	45.20992	45.31458	0.1	10.0842	10.19114	0.1	52.39711	52.52442	0.1
124	-5.169099	38.55422	65.50315	65.43958	0.1	-57.28048	-57.18604	0.1	6.646647	6.79448	0.1	17.87416	17.8567	0.1	0.540527	-0.8413267	0.5419129	-0.8404347	0.1	0.9932789	0.1157459	0.9929769	0.1183083	0.1	0.9517329	0.3069274	0.9518265	0.3066373	0.1	45.8585	45.8846	0.1	9.994714	9.95761	0.1	52.18518	52.30536	0.1
125	-4.472961	38.84989	69.32756	69.21172	0.1	-53.9801	-53.79539	0.1	6.14079	6.157356	0.1	20.91141	20.91063	0.1	0.5880662	-0.8088128	0.5906705	-0.8069128	0.1	0.994262	0.1069719	0.994231	0.1072594	0.1	0.9341334	0.3569241	0.9341382	0.3569114	0.1	46.48595	46.49561	0.1	9.916042	9.891505	0.1	51.93938	51.79422	0.1
126	-3.757769	39.09579	73.65978	73.65672	0.1	-50.21088	-50.34848	0.1	6.106921	6.083485	0.1	24.46918	24.48695	0.1	0.6399637	-0.7684051	0.6381166	-0.7699397	0.1	0.9943251	0.1063842	0.9943686	0.1059775	0.1	0.9101842	0.4142037	0.9100557	0.4144859	0.1	47.08647	47.15466	0.1	9.841452	9.968567	0.1	51.65334	51.49032	0.1
127	-3.025571	39.28502	78.33606	78.34938	0.1	-46.13876	-46.31867	0.1	6.384511	6.252768	0.1	28.38868	28.17256	0.1	0.6929142	-0.72102	0.6906467	-0.7231923	0.1	0.993798	0.1112003	0.9940511	0.1089149	0.1	0.8797426	0.4754504	0.8815297	0.4721286	0.1	47.6543	47.49818	0.1	9.765534	9.648168	0.1	51.32252	51.20313	0.1
128	-2.280207	39.4128	83.20022	83.07153	0.1	-41.91925	-41.89556	0.1	6.817509	6.811447	0.1	32.51867	32.53211	0.1	0.7440872	-0.6680825	0.7443633	-0.6677749	0.1	0.9929293	0.1187074	0.9929419	0.1186024	0.1	0.8432163	0.5375744	0.8430902	0.5377722	0.1	48.1846	48.21575	0.1	9.685047	9.571275	0.1	50.94488	50.84661	0.1
129	-1.375411	39.48059	89.32125	89.27076	0.1	-36.62196	-36.5972	0.1	7.575902	7.814807	0.1	37.79558	37.74254	0.1	0.8025888	-0.5965326	0.8028466	-0.5961856	0.1	0.9912711	0.1318395	0.9907128	0.1359716	0.1	0.7902023	0.6128461	0.7907693	0.6121143	0.1	48.76561	48.78996	0.1	9.579845	9.602152	0.1	50.42949	50.49514	0.1
130	-0.6194832	39.46099	94.79133	94.8354	0.1	-31.87805	-31.88255	0.1	8.537573	8.450533	0.1	42.60076	42.7049	0.1	0.849174	-0.5281131	0.8491326	-0.5281798	0.1	0.9889187	0.148458	0.9891431	0.1469555	0.1	0.736088	0.6768858	0.7348565	0.6782226	0.1	49.1974	49.1104	0.1	9.481247	9.446867	0.1	49.9472	49.94778	0.1
131	0.1309554	39.36815	100.4679	100.5498	0.1	-26.96124	-27.13265	0.1	9.667048	9.390555	0.1	47.65588	47.78307	0.1	0.8913134	-0.4533876	0.889953	-0.4560522	0.1	0.9858002	0.1679225	0.9865991	0.1631633	0.1	0.6735819	0.7391126	0.6719395	0.7406061	0.1	49.57545	49.52984	0.1	9.369064	9.448703	0.1	49.41671	49.5792	0.1
132	0.8684829	39.20133	106.1204	106.0594	0.1	-22.09776	-22.1759	0.1	10.72838	10.79174	0.1	52.73736	52.87774	0.1	0.9265434	-0.376188	0.9260294	-0.3774513	0.1	0.9825207	0.1861534	0.9823143	0.1872396	0.1	0.6054696	0.7958685	0.6035178	0.7973495	0.1	49.89597	49.84807	0.1	9.242228	9.174546	0.1	48.84045	48.86246	0.1
133	1.586387	38.96379	111.5419	111.5701	0.1	-17.48843	-17.34148	0.1	11.50574	11.4644	0.1	57.64256	57.64982	0.1	0.9537777	-0.3005131	0.9545453	-0.298066	0.1	0.9799047	0.1994662	0.9800484	0.1987591	0.1	0.5351995	0.8447257	0.5350924	0.8447936	0.1	50.15852	50.01691	0.1	9.103089	9.221946	0.1	48.22355	48.22259	0.1
134	2.279142	38.66059	116.766	116.7763	0.1	-13.09376	-13.18608	0.1	12.02218	12.01583	0.1	62.40768	62.23771	0.1	0.9740006	-0.2265453	0.9736344	-0.2281143	0.1	0.978067	0.2082903	0.9780901	0.2081819	0.1	0.4631772	0.8862657	0.4658044	0.8848878	0.1	50.36452	50.57835	0.1	8.955463	8.865167	0.1	47.57192	47.46415	0.1
135	2.94135	38.29546	122.0695	122.2477	0.1	-8.63231	-8.696351	0.1	12.54635	12.45401	0.1	67.31359	67.28952	0.1	0.9886719	-0.1500929	0.9885035	-0.1511979	0.1	0.9761206	0.2172294	0.9764694	0.215656	0.1	0.3856872	0.9226296	0.3860748	0.9224675	0.1	50.51411	50.61663	0.1	8.801492	8.626058	0.1	46.89044	46.91245	0.1
136	3.566269	37.8697	127.6063	127.7301	0.1	-3.946254	-4.113874	0.1	13.22793	13.12018	0.1	72.52202	72.41127	0.1	0.997629	-0.06882069	0.9974234	-0.07173898	0.1	0.9734675	0.2288255	0.9738961	0.2269944	0.1	0.3003393	0.9538324	0.3021823	0.9532502	0.1	50.60443	50.47371	0.1	8.640051	8.766731	0.1	46.18286	46.16647	0.1
137	4.14664	37.38499	133.2593	133.3146	0.1	0.8513383	0.8034976	0.1	13.94524	13.85068	0.1	77.92483	77.95204	0.1	0.9998896	0.01485811	0.9999017	0.01402322	0.1	0.9705265	0.2409944	0.9709229	0.2393924	0.1	0.2091948	0.977874	0.2087304	0.9779732	0.1	50.63231	50.6651	0.1	8.469517	8.531616	0.1	45.45364	45.47541	0.1
138	4.676918	36.84591	138.7416	138.6818	0.1	5.478652	5.438455	0.1	14.40192	14.30012	0.1	83.24117	83.20737	0.1	0.9954318	0.09547488	0.9954986	0.09477649	0.1	0.9685748	0.2487224	0.9690152	0.2470011	0.1	0.1176904	0.9930503	0.1182761	0.9929808	0.1	50.59753	50.52971	0.1	8.290964	8.198335	0.1	44.70883	44.75702	0.1
139	5.154295	36.25944	143.9766	144.0039	0.1	9.863184	9.719439	0.1	14.50704	14.43838	0.1	88.39632	88.33296	0.1	0.9852196	0.1712961	0.9856462	0.1688238	0.1	0.9681169	0.2504989	0.9684164	0.2493386	0.1	0.02798581	0.9996083	0.02909114	0.9995767	0.1	50.50318	50.47143	0.1	8.108472	7.843168	0.1	43.95516	43.89328	0.1
140	5.655213	35.5029	149.9455	149.7881	0.1	14.82284	14.87453	0.1	14.1634	14.13194	0.1	94.38439	94.58276	0.1	0.9667215	0.2558312	0.9664903	0.2567032	0.1	0.9696019	0.244688	0.969736	0.2441556	0.1	-0.07644749	0.9970736	-0.07989909	0.996803	0.1	50.3165	50.32876	0.1	7.890712	8.016161	0.1	43.04793	43.09286	0.1
141	6.012041	34.83612	154.6476	154.94	0.1	18.6967	18.63978	0.1	13.46101	13.47559	0.1	99.19867	99.29945	0.1	0.9472287	0.3205585	0.9475467	0.3196173	0.1	0.9725286	0.2327835	0.9724693	0.2330311	0.1	-0.1598583	0.98714	-0.1615943	0.9868573	0.1	50.10412	50.12783	0.1	7.715746	7.92103	0.1	42.29631	42.2804	0.1
142	6.314112	34.14281	159.1604	159.0947	0.1	22.39528	22.1835	0.1	12.43007	12.44056	0.1	103.9106	103.8924	0.1	0.9245774	0.3809943	0.9259794	0.3775741	0.1	0.9765595	0.2152478	0.97652	0.2154267	0.1	-0.2404083	0.9706718	-0.2401001	0.9707481	0.1	49.84422	49.87449	0.1	7.551878	7.555034	0.1	41.55421	41.48956	0.1
143	6.561177	33.42802	163.5485	163.5792	0.1	25.98527	26.04915	0.1	11.13425	10.93727	0.1	108.5856	108.5878	0.1	0.8989067	0.4381401	0.8984177	0.439142	0.1	0.9811774	0.1931086	0.9818355	0.1897341	0.1	-0.3187207	0.9478487	-0.3187568	0.9478365	0.1	49.5394	49.64854	0.1	7.402729	7.448818	0.1	40.8266	40.91815	0.1
144	6.754128	32.69675	167.6506	167.7478	0.1	29.30712	29.13625	0.1	9.416155	9.49905	0.1	113.0616	113.0268	0.1	0.8720085	0.4894907	0.8734643	0.4868882	0.1	0.9865261	0.1636041	0.9862883	0.1650313	0.1	-0.3917212	0.920084	-0.3911622	0.9203217	0.1	49.19292	49.26215	0.1	7.272601	7.161976	0.1	40.11793	40.21749	0.1
145	6.896485	31.95394	171.2952	171.2769	0.1	32.18914	32.37544	0.1	7.113919	7.17849	0.1	117.1631	117.1148	0.1	0.8462942	0.5327159	0.8445575	0.5354648	0.1	0.9923019	0.1238426	0.9921617	0.1249608	0.1	-0.4565243	0.8897109	-0.4557743	0.8900954	0.1	48.80989	48.60735	0.1	7.167943	7.147779	0.1	39.43129	39.42509	0.1
146	6.994147	31.20391	174.4142	174.3349	0.1	34.56123	34.70432	0.1	4.180857	4.037998	0.1	120.8146	120.7622	0.1	0.8235204	0.5672866	0.8221011	0.5693415	0.1	0.9973389	0.07290499	0.9975176	0.07041803	0.1	-0.5122615	0.8588295	-0.5114762	0.8592974	0.1	48.39681	48.38886	0.1	7.097007	7.195434	0.1	38.76794	38.67713	0.1
147	7.053109	30.44983	177.1415	177.1403	0.1	36.55448	36.53281	0.1	0.7908052	0.7617896	0.1	124.143	124.1238	0.1	0.8032909	0.5955869	0.8035161	0.595283	0.1	0.9999048	0.01380172	0.9999116	0.01329534	0.1	-0.5612609	0.8276389	-0.5609831	0.8278273	0.1	47.95962	48.05731	0.1	7.067439	6.933279	0.1	38.1281	38.20797	0.1
148	7.077569	29.69383	179.5898	179.6545	0.1	38.27941	38.27987	0.1	-2.887308	-2.886681	0.1	127.2564	127.2208	0.1	0.7849991	0.6194969	0.7849941	0.6195033	0.1	0.9987305	-0.0503717	0.9987311	-0.05036078	0.1	-0.6053824	0.7959347	-0.6048876	0.7963108	0.1	47.50231	47.41864	0.1	7.084189	6.962468	0.1	37.51215	37.49926	0.1
149	7.071671	28.93744	-178.3647	-178.4383	0.1	39.61021	39.50337	0.1	-6.909839	-6.922929	0.1	130.0266	129.9271	0.1	0.7703996	0.6375613	0.7715871	0.6361237	0.1	0.9927367	-0.1203073	0.9927092	-0.1205341	0.1	-0.6431426	0.7657464	-0.641812	0.766862	0.1	47.02855	47.01885	0.1	7.151054	7.248966	0.1	36.91996	37.06576	0.1
150	7.041525	28.1816	-176.8583	-176.8982	0.1	40.40597	40.46376	0.1	-11.33795	-11.64602	0.1	132.3101	132.252	0.1	0.7614707	0.6481993	0.7608166	0.6489669	0.1	0.9804847	-0.1965956	0.9794134	-0.2018646	0.1	-0.6731428	0.7395125	-0.6723931	0.7401942	0.1	46.54329	46.48418	0.1	7.272527	7.328495	0.1	36.34961	36.41843	0.1
151	6.983775	27.27571	-175.8045	-175.6914	0.1	40.60454	40.4212	0.1	-17.11457	-17.13886	0.1	134.3545	134.4223	0.1	0.7592198	0.6508344	0.7612985	0.6484016	0.1	0.9557182	-0.2942834	0.9555934	-0.2946885	0.1	-0.6990953	0.7150285	-0.6999412	0.7142004	0.1	45.95394	45.969	0.1	7.496322	7.584287	0.1	35.68909	35.73392	0.1
152	6.926539	26.52143	-175.5585	-175.6217	0.1	40.12829	40.01181	0.1	-22.22464	-22.21238	0.1	135.4646	135.2997	0.1	0.7646033	0.6445012	0.7659119	0.6429455	0.1	0.925708	-0.378239	0.9257889	-0.3780409	0.1	-0.7128175	0.7013496	-0.7107958	0.7033985	0.1	45.46378	45.53378	0.1	7.750961	7.677577	0.1	35.15353	35.09671	0.1
153	6.869035	25.76716	-175.8757	-175.8134	0.1	39.07337	39.21505	0.1	-27.51793	-27.43537	0.1	136.0384	136.1718	0.1	0.7763395	0.630315	0.7747784	0.6322329	0.1	0.8868663	-0.4620261	0.8875311	-0.4607478	0.1	-0.7198048	0.6941766	-0.7214198	0.692498	0.1	44.9808	44.90637	0.1	8.068492	8.15471	0.1	34.62641	34.58892	0.1
154	6.818676	25.01239	-176.7559	-176.7541	0.1	37.43404	37.58268	0.1	-32.93987	-33.04808	0.1	136.0684	135.8506	0.1	0.7940537	0.6078476	0.792474	0.6099057	0.1	0.8392416	-0.5437586	0.8382132	-0.5453426	0.1	-0.7201683	0.6937994	-0.7175266	0.6965311	0.1	44.51106	44.57309	0.1	8.448111	8.537829	0.1	34.10269	34.19553	0.1
155	6.782866	24.2568	-178.1891	-178.2111	0.1	35.21412	35.17118	0.1	-38.44441	-38.40289	0.1	135.5563	135.5513	0.1	0.8170028	0.5766337	0.8174347	0.5760213	0.1	0.7832118	-0.621755	0.7836622	-0.6211873	0.1	-0.7139392	0.7002077	-0.7138782	0.7002699	0.1	44.061	43.99769	0.1	8.887721	9.008076	0.1	33.57719	33.46468	0.1
156	6.768757	23.50051	179.8417	179.8968	0.1	32.42599	32.66441	0.1	-43.9958	-43.96666	0.1	134.5114	134.4408	0.1	0.8440848	0.5362097	0.8418462	0.5397174	0.1	0.7193906	-0.6946057	0.7197438	-0.6942397	0.1	-0.7010518	0.7131104	-0.7001718	0.7139745	0.1	43.63732	43.64934	0.1	9.383997	9.359024	0.1	33.04489	33.02091	0.1
157	6.783643	22.74426	177.3058	177.1844	0.1	29.03534	29.21048	0.1	-49.62015	-49.63796	0.1	132.8943	132.9078	0.1	0.8743205	0.485349	0.8728328	0.4880193	0.1	0.647852	-0.7617663	0.6476152	-0.7619675	0.1	-0.6806481	0.7326105	-0.6808201	0.7324507	0.1	43.2474	43.24738	0.1	9.932953	10.02434	0.1	32.50078	32.57294	0.1
158	6.834923	21.98963	174.214	174.0968	0.1	25.05026	24.89657	0.1	-55.31322	-55.32463	0.1	130.7052	130.7015	0.1	0.9059367	0.4234132	0.9070692	0.4209816	0.1	0.5690898	-0.8222754	0.5689261	-0.8223886	0.1	-0.6521667	0.7580755	-0.6521188	0.7581168	0.1	42.89936	42.78363	0.1	10.53006	10.49175	0.1	31.94002	31.97728	0.1
159	6.929474	21.23923	170.6493	170.693	0.1	20.55374	20.66281	0.1	-61.00794	-60.97014	0.1	128.0159	128.0392	0.1	0.9363433	0.3510858	0.9356733	0.3528676	0.1	0.4846884	-0.8746869	0.4852653	-0.8743669	0.1	-0.6158805	0.7878396	-0.6162003	0.7875894	0.1	42.60154	42.70205	0.1	11.17	11.31938	0.1	31.35847	31.43436	0.1
160	7.072239	20.4965	166.7818	166.7764	0.1	15.71914	15.8642	0.1	-66.5626	-66.59925	0.1	124.9864	124.972	0.1	0.9626013	0.270922	0.9619123	0.2733583	0.1	0.3977469	-0.9174952	0.3971598	-0.9177495	0.1	-0.5733814	0.8192886	-0.5731768	0.8194317	0.1	42.36104	42.40951	0.1	11.84622	11.94698	0.1	30.75368	30.74765	0.1
161	7.265608	19.76533	162.7873	162.7313	0.1	10.72833	10.60535	0.1	-71.84171	-71.85834	0.1	121.7835	121.922	0.1	0.9825209	0.1861524	0.9829181	0.1840432	0.1	0.3116432	-0.9501992	0.3113675	-0.9502895	0.1	-0.526711	0.8500444	-0.5287639	0.8487689	0.1	42.18287	42.2281	0.1	12.55139	12.64956	0.1	30.12509	30.19578	0.1
162	7.509413	19.04804	158.9366	158.9529	0.1	5.858994	5.755934	0.1	-76.62624	-76.70539	0.1	118.6742	118.7567	0.1	0.9947761	0.1020806	0.9949582	0.1002911	0.1	0.2313024	-0.9728819	0.2299581	-0.9732005	0.1	-0.479828	0.8773626	-0.4810914	0.8766705	0.1	42.0688	42.07885	0.1	13.27918	13.21185	0.1	29.47294	29.47497	0.1
163	7.867372	18.2008	154.588	154.5899	0.1	0.2594432	0.2336394	0.1	-81.71783	-81.65044	0.1	115.1557	115.1383	0.1	0.9999897	0.004528122	0.9999917	0.004077767	0.1	0.1440482	-0.9895707	0.145212	-0.9894006	0.1	-0.4250801	0.9051557	-0.4248049	0.9052849	0.1	42.01437	42.01068	0.1	14.18156	14.04493	0.1	28.65523	28.55205	0.1
164	8.22053	17.50177	151.159	151.0388	0.1	-4.237251	-4.440736	0.1	-85.50668	-85.2266	0.1	112.374	112.3869	0.1	0.9972667	-0.0738866	0.996998	-0.07742789	0.1	0.07834285	-0.9969265	0.08321517	-0.9965316	0.1	-0.3806504	0.924719	-0.3808587	0.9246333	0.1	42.03714	41.89829	0.1	14.95937	14.92299	0.1	27.94024	27.73306	0.1
165	8.620487	16.81333	147.9271	147.8782	0.1	-8.547114	-8.531226	0.1	-88.89919	-88.9352	0.1	109.7448	109.7342	0.1	0.988894	-0.1486226	0.9889352	-0.1483484	0.1	0.01921162	-0.9998155	0.01858326	-0.9998273	0.1	-0.3378309	0.9412068	-0.337658	0.9412689	0.1	42.12161	42.16946	0.1	15.7544	15.63299	0.1	27.19874	27.27402	0.1
166	9.060529	16.1432	144.9349	145.0026	0.1	-12.61044	-12.65707	0.1	-91.8857	-91.85469	0.1	107.3046	107.1594	0.1	0.975877	-0.2183211	0.975699	-0.2191152	0.1	-0.03290576	-0.9994584	-0.03236484	-0.9994761	0.1	-0.2974516	0.9547369	-0.2950309	0.9554877	0.1	42.26497	42.06812	0.1	16.55609	16.487	0.1	26.43983	26.32555	0.1
167	9.534059	15.49571	142.2023	142.2137	0.1	-16.39458	-16.33304	0.1	-94.47971	-94.24281	0.1	105.0713	105.0848	0.1	0.9593407	-0.2822507	0.9596432	-0.2812202	0.1	-0.07810609	-0.996945	-0.07398329	-0.9972595	0.1	-0.2600205	0.9656031	-0.2602484	0.9655417	0.1	42.46244	42.47826	0.1	17.35721	17.35286	0.1	25.67044	25.63272	0.1
168	10.0368	14.87061	139.7282	139.4728	0.1	-19.89565	-19.841	0.1	-96.71162	-96.53564	0.1	103.0457	103.1126	0.1	0.940314	-0.3403081	0.9406382	-0.3394111	0.1	-0.1168721	-0.993147	-0.1138212	-0.9935012	0.1	-0.2257283	0.9741903	-0.2268655	0.9739261	0.1	42.70926	42.88317	0.1	18.15588	18.16949	0.1	24.89306	24.79506	0.1
169	10.56511	14.26695	137.4302	137.4531	0.1	-23.19274	-23.12648	0.1	-98.68749	-98.5961	0.1	101.1483	101.1806	0.1	0.9191853	-0.3938254	0.9196401	-0.3927622	0.1	-0.1510451	-0.9885269	-0.1494681	-0.9887666	0.1	-0.1933484	0.9811302	-0.1939016	0.981021	0.1	43.00086	42.96958	0.1	18.95127	19.03911	0.1	24.10935	24.14434	0.1
170	11.11749	13.68524	135.0119	135.1638	0.1	-26.57893	-26.55648	0.1	-100.7161	-100.6797	0.1	99.07895	98.97968	0.1	0.8943188	-0.4474303	0.8944941	-0.4470797	0.1	-0.1859423	-0.9825606	-0.1853194	-0.9826784	0.1	-0.1577953	0.9874718	-0.1560843	0.9877437	0.1	43.33513	43.20954	0.1	19.74259	19.59114	0.1	23.32027	23.16852	0.1
171	11.69502	13.12851	132.2745	132.3321	0.1	-30.24782	-30.20547	0.1	-102.9965	-103.0644	0.1	96.62608	96.52592	0.1	0.8638547	-0.5037411	0.8642268	-0.5031024	0.1	-0.2248911	-0.9743839	-0.2260457	-0.9741167	0.1	-0.1153893	0.9933203	-0.1136528	0.9935205	0.1	43.71307	43.76003	0.1	20.52853	20.42159	0.1	22.52621	22.40809	0.1
172	12.2999	12.60166	129.1664	129.0035	0.1	-34.24412	-34.31972	0.1	-105.5749	-105.5756	0.1	93.71731	93.79621	0.1	0.8266475	-0.5627201	0.8259043	-0.5638103	0.1	-0.2684971	-0.9632805	-0.2685089	-0.9632772	0.1	-0.06483383	0.9978961	-0.06620798	0.9978058	0.1	44.1371	43.93186	0.1	21.30703	21.37222	0.1	21.72776	21.76511	0.1
173	12.93332	12.10952	125.8393	125.9599	0.1	-38.40936	-38.47989	0.1	-108.2969	-108.3352	0.1	90.48204	90.40817	0.1	0.7835919	-0.6212758	0.7828267	-0.6222398	0.1	-0.3139414	-0.9494424	-0.3145754	-0.9492325	0.1	-0.00841314	0.9999646	-0.00712393	0.9999746	0.1	44.60841	44.67138	0.1	22.07578	22.13665	0.1	20.92635	20.97	0.1
174	13.59437	11.65516	122.5397	122.5693	0.1	-42.49208	-42.54021	0.1	-110.9202	-110.8509	0.1	87.14832	87.33547	0.1	0.7373707	-0.6754883	0.736803	-0.6761075	0.1	-0.3570666	-0.9340789	-0.3559368	-0.9345101	0.1	0.04975072	0.9987617	0.04648793	0.9989188	0.1	45.12551	45.17178	0.1	22.83287	22.77764	0.1	20.1243	20.07245	0.1
175	14.27978	11.23844	119.4923	119.4962	0.1	-46.26648	-46.22322	0.1	-113.2323	-113.1899	0.1	83.93116	83.8935	0.1	0.6913052	-0.7225629	0.6918505	-0.7220407	0.1	-0.39446	-0.9189131	-0.3937797	-0.9192048	0.1	0.1057233	0.9943956	0.1063768	0.9943259	0.1	45.68371	46.02773	0.1	23.57771	23.51604	0.1	19.32428	19.34028	0.1
176	15.12902	10.78531	116.184	116.1491	0.1	-50.37511	-50.47524	0.1	-115.6003	-115.5582	0.1	80.23215	80.07027	0.1	0.6377586	-0.7702363	0.6364116	-0.7713497	0.1	-0.4320904	-0.9018303	-0.431428	-0.9021474	0.1	0.1696566	0.9855033	0.1724403	0.98502	0.1	46.3999	46.50035	0.1	24.45591	24.4893	0.1	18.37033	18.36263	0.1
177	15.85499	10.44405	113.7195	113.8124	0.1	-53.44958	-53.32483	0.1	-117.2471	-117.1267	0.1	77.27895	77.27507	0.1	0.5955299	-0.8033331	0.5972776	-0.8020346	0.1	-0.4578291	-0.8890402	-0.4559592	-0.8900007	0.1	0.2202045	0.9754537	0.2202706	0.9754388	0.1	47.02934	47.04567	0.1	25.1757	25.04037	0.1	17.58293	17.55174	0.1
178	16.59441	10.13296	111.5183	111.5726	0.1	-56.21252	-56.21247	0.1	-118.6106	-118.5831	0.1	74.43357	74.37763	0.1	0.556114	-0.8311061	0.5561148	-0.8311055	0.1	-0.478854	-0.8778946	-0.4784334	-0.8781238	0.1	0.2683554	0.96332	0.2692958	0.9630575	0.1	47.6835	47.71445	0.1	25.88579	25.84447	0.1	16.80436	16.74097	0.1
179	17.34473	9.849129	109.5737	109.4504	0.1	-58.67468	-58.70267	0.1	-119.7063	-119.5753	0.1	71.68138	71.62369	0.1	0.5198967	-0.8542292	0.5194793	-0.854483	0.1	-0.4955543	-0.868577	-0.493567	-0.8697078	0.1	0.314301	0.9493234	0.3152566	0.9490064	0.1	48.35834	48.29182	0.1	26.58754	26.46624	0.1	16.03625	15.90448	0.1
180	18.10395	9.590026	107.7306	107.8333	0.1	-60.99467	-61.0833	0.1	-120.6959	-120.652	0.1	68.85653	68.78892	0.1	0.4848909	-0.8745747	0.4835375	-0.8753237	0.1	-0.5104808	-0.8598891	-0.5098218	-0.86028	0.1	0.3607045	0.9326801	0.3618049	0.9322538	0.1	49.05057	48.8485	0.1	27.28223	27.42642	0.1	15.2802	15.26425	0.1
181	18.87134	9.356253	105.7046	105.3837	0.1	-63.45743	-63.50091	0.1	-121.8636	-121.9363	0.1	65.64969	65.61239	0.1	0.4468625	-0.8946027	0.4461836	-0.8949414	0.1	-0.5278988	-0.8493073	-0.5289758	-0.8486369	0.1	0.4123145	0.9110416	0.4129075	0.910773	0.1	49.75889	49.64578	0.1	27.96948	27.77947	0.1	14.53914	14.64324	0.1
182	19.64697	9.151509	103.3398	103.2339	0.1	-66.21598	-66.07771	0.1	-123.3597	-123.319	0.1	61.86493	61.95487	0.1	0.4032901	-0.9150722	0.4054971	-0.9140963	0.1	-0.5498931	-0.8352351	-0.5492999	-0.8356253	0.1	0.4715517	0.8818384	0.4701668	0.8825776	0.1	50.48338	50.58936	0.1	28.64721	28.59695	0.1	13.81794	13.96431	0.1
183	20.43072	8.980578	100.7146	100.7021	0.1	-69.18815	-69.03001	0.1	-125.0991	-125.2373	0.1	57.53234	57.47368	0.1	0.3553003	-0.9347522	0.3578789	-0.933768	0.1	-0.5749925	-0.8181587	-0.5769637	-0.8167698	0.1	0.5368235	0.8436946	0.5376869	0.8431446	0.1	51.2241	51.20348	0.1	29.31263	29.29936	0.1	13.12333	13.16076	0.1
184	21.22158	8.846302	98.04606	97.98669	0.1	-72.15525	-72.02708	0.1	-126.8622	-126.7464	0.1	52.82538	52.91551	0.1	0.3064388	-0.9518903	0.3085675	-0.9512025	0.1	-0.5998919	-0.800081	-0.5982741	-0.8012915	0.1	0.6042462	0.7967977	0.602992	0.7977473	0.1	51.97987	52.33599	0.1	29.96388	30.02781	0.1	12.46265	12.40818	0.1
185	22.01777	8.748494	95.4184	95.47281	0.1	-75.03478	-75.07285	0.1	-128.567	-128.651	0.1	47.79608	47.72365	0.1	0.2582326	-0.9660828	0.2575907	-0.9662541	0.1	-0.6234301	-0.7818791	-0.6245746	-0.7809651	0.1	0.6717712	0.7407587	0.6727072	0.7399088	0.1	52.74832	52.7147	0.1	30.6008	30.42294	0.1	11.84281	11.91975	0.1
186	22.81767	8.688179	92.59534	92.7986	0.1	-78.06351	-78.01344	0.1	-130.4503	-130.4477	0.1	42.17513	41.98324	0.1	0.2068272	-0.9783775	0.2076822	-0.9781964	0.1	-0.648788	-0.7609692	-0.6487534	-0.7609987	0.1	0.741096	0.671399	0.7433405	0.6689132	0.1	53.52748	53.46093	0.1	31.22243	31.15844	0.1	11.27255	11.20586	0.1
187	23.6196	8.669248	89.39392	89.48863	0.1	-81.42194	-81.28938	0.1	-132.6911	-132.7921	0.1	35.74628	35.87685	0.1	0.1491566	-0.9888136	0.1514439	-0.9884658	0.1	-0.678046	-0.7350195	-0.6793405	-0.7338232	0.1	0.811612	0.5841969	0.8102785	0.586045	0.1	54.3159	54.45861	0.1	31.82588	31.6135	0.1	10.76408	10.72119	0.1
188	24.4212	8.698005	85.65338	85.76128	0.1	-85.26598	-85.18234	0.1	-135.444	-135.3773	0.1	28.32903	28.42319	0.1	0.0825303	-0.9965885	0.08398494	-0.996467	0.1	-0.7125649	-0.7016062	-0.7117481	-0.7024348	0.1	0.880237	0.4745342	0.879456	0.4759802	0.1	55.11191	55.21711	0.1	32.40633	32.34281	0.1	10.33336	10.37297	0.1
189	25.37745	8.806409	80.42741	80.4963	0.1	-90.53678	-90.47224	0.1	-139.439	-139.601	0.1	18.12269	18.171	0.1	-0.009368565	-0.9999561	-0.0082422	-0.999966	0.1	-0.7597145	-0.6502568	-0.7615498	-0.6481063	0.1	0.9503926	0.3110529	0.95013	0.311854	0.1	56.0733	56.0606	0.1	33.06333	32.95506	0.1	9.945891	9.963989	0.1
190	26.16345	8.965919	75.61828	75.38676	0.1	-95.31158	-95.2486	0.1	-143.1792	-143.1015	0.1	8.784517	8.771081	0.1	-0.09257185	-0.995706	-0.09147728	-0.9958072	0.1	-0.8005142	-0.5993138	-0.7997001	-0.6003996	0.1	0.9882697	0.1527188	0.9883054	0.152487	0.1	56.87461	56.78344	0.1	33.57021	33.52674	0.1	9.752272	9.78924	0.1
191	26.9329	9.192091	70.59834	70.51745	0.1	-100.2301	-100.372	0.1	-147.0907	-147.0425	0.1	-0.9497693	-0.7833124	0.1	-0.1776024	-0.9841023	-0.1800388	-0.9836595	0.1	-0.839532	-0.5433102	-0.8390743	-0.5440168	0.1	0.9998626	-0.01657584	0.9999065	-0.01367096	0.1	57.67018	57.57167	0.1	34.03455	34.13358	0.1	9.690286	9.629049	0.1
192	27.67977	9.484945	65.62371	65.77209	0.1	-105.0381	-105.0287	0.1	-150.9205	-150.8044	0.1	-10.63038	-10.55373	0.1	-0.2594607	-0.9657537	-0.259303	-0.9657961	0.1	-0.8739467	-0.4860218	-0.8729594	-0.4877928	0.1	0.9828377	-0.1844725	0.9830835	-0.1831576	0.1	58.45443	58.47019	0.1	34.4534	34.37949	0.1	9.764613	9.713939	0.1
193	28.40293	9.842302	60.87329	60.80515	0.1	-109.5609	-109.419	0.1	-154.4902	-154.4726	0.1	-19.9099	-19.96066	0.1	-0.3348083	-0.9422863	-0.3324746	-0.9431122	0.1	-0.9025118	-0.4306652	-0.9023791	-0.4309432	0.1	0.9402293	-0.340542	0.9399272	-0.3413749	0.1	59.22646	59.17244	0.1	34.829	34.73977	0.1	9.971035	9.966124	0.1
194	29.10228	10.26197	56.32124	56.41174	0.1	-113.8287	-113.8812	0.1	-157.825	-157.7712	0.1	-28.67926	-28.42467	0.1	-0.4040029	-0.9147577	-0.4048423	-0.9143865	0.1	-0.9260356	-0.377436	-0.9256806	-0.378306	0.1	0.8773199	-0.479906	0.8794436	-0.476003	0.1	59.98656	60.15915	0.1	35.16437	35.19233	0.1	10.30116	10.27696	0.1
195	29.76992	10.73688	52.00656	51.841	0.1	-117.8096	-117.9036	0.1	-160.899	-160.8371	0.1	-36.76582	-36.70362	0.1	-0.4665353	-0.8845026	-0.4679862	-0.8837358	0.1	-0.9449432	-0.3272342	-0.9445889	-0.3282557	0.1	0.8010885	-0.5985459	0.8017378	-0.5976759	0.1	60.72663	60.60223	0.1	35.45865	35.6732	0.1	10.73934	10.79205	0.1
196	30.401	11.25959	47.95046	47.84812	0.1	-121.49	-121.6352	0.1	-163.7009	-163.6091	0.1	-44.08922	-44.13935	0.1	-0.5223497	-0.8527314	-0.524509	-0.851405	0.1	-0.9598097	-0.2806517	-0.9593589	-0.282189	0.1	0.7182572	-0.6957777	0.7176482	-0.6964058	0.1	61.44151	61.33784	0.1	35.71308	35.67888	0.1	11.26673	11.17196	0.1
197	30.99413	11.82502	44.02761	44.0865	0.1	-125.0005	-125.1036	0.1	-166.3598	-166.3457	0.1	-50.77797	-50.65961	0.1	-0.5735833	-0.8191472	-0.5750565	-0.8181137	0.1	-0.9717957	-0.2358244	-0.9717377	-0.2360633	0.1	0.6323271	-0.7747015	0.6339262	-0.7733935	0.1	62.12983	62.1638	0.1	35.93002	35.95304	0.1	11.86674	11.8278	0.1
198	31.54808	12.42892	40.34376	40.56548	0.1	-128.2396	-128.3648	0.1	-168.7724	-168.961	0.1	-56.75611	-56.78982	0.1	-0.6189508	-0.7854297	-0.6206667	-0.7840745	0.1	-0.9808614	-0.1947073	-0.9814972	-0.1914762	0.1	0.5482039	-0.8363447	0.5477118	-0.8366671	0.1	62.79048	62.84106	0.1	36.11127	36.16571	0.1	12.52496	12.67618	0.1
199	32.06374	13.06586	37.06611	37.13239	0.1	-131.0454	-131.1457	0.1	-170.7742	-170.7642	0.1	-61.90955	-61.9112	0.1	-0.656657	-0.7541893	-0.6579766	-0.7530384	0.1	-0.9870642	-0.1603253	-0.9870362	-0.160498	0.1	0.4708647	-0.8822054	0.4708394	-0.882219	0.1	63.42416	63.37974	0.1	36.26084	36.11641	0.1	13.22783	13.13586	0.1
200	32.63716	13.86478	33.88486	33.81366	0.1	-133.6339	-133.6234	0.1	-172.4221	-172.4845	0.1	-66.88447	-67.08111	0.1	-0.6900483	-0.7237633	-0.6899148	-0.7238906	0.1	-0.9912665	-0.1318733	-0.9914095	-0.1307948	0.1	0.3925864	-0.9197151	0.3894276	-0.921057	0.1	64.1533	64.10709	0.1	36.40782	36.48807	0.1	14.11336	14.1478	0.1
201	33.08395	14.55186	31.8587	31.85588	0.1	-135.1519	-135.3288	0.1	-173.1709	-172.98	0.1	-70.10687	-69.98689	0.1	-0.7089785	-0.7052301	-0.7111524	-0.7030379	0.1	-0.9929053	-0.1189074	-0.9925035	-0.1222159	0.1	0.3402668	-0.940329	0.3422351	-0.9396144	0.1	64.74057	64.65391	0.1	36.51292	36.72032	0.1	14.87506	15.01566	0.1
202	33.50829	15.25305	30.22308	30.49366	0.1	-136.2718	-136.223	0.1	-173.5312	-173.6072	0.1	-72.72998	-72.79244	0.1	-0.7226266	-0.6912386	-0.7220383	-0.691853	0.1	-0.9936333	-0.1126624	-0.9937819	-0.1113442	0.1	0.2968752	-0.9549163	0.295834	-0.9552394	0.1	65.3143	65.12582	0.1	36.60981	36.50956	0.1	15.65131	15.66331	0.1
203	33.91365	15.96538	28.79549	28.79802	0.1	-137.1793	-137.1908	0.1	-173.6859	-173.7694	0.1	-74.97803	-75.01434	0.1	-0.733484	-0.6797068	-0.7336206	-0.6795594	0.1	-0.993934	-0.1099784	-0.9940931	-0.1085306	0.1	0.2591894	-0.9658265	0.2585774	-0.9659905	0.1	65.87753	66.0376	0.1	36.70295	36.70254	0.1	16.43807	16.46628	0.1
204	34.30169	16.6873	27.48738	27.50734	0.1	-137.9644	-137.7811	0.1	-173.7242	-173.7856	0.1	-76.96777	-77.03134	0.1	-0.7427291	-0.6695921	-0.7405827	-0.6719652	0.1	-0.9940072	-0.1093141	-0.9941238	-0.1082492	0.1	0.2254991	-0.9742433	0.224418	-0.974493	0.1	66.43172	66.69926	0.1	36.79448	36.81013	0.1	17.23284	17.17413	0.1
205	34.67434	17.41729	26.45314	26.55568	0.1	-138.4743	-138.3926	0.1	-173.4919	-173.4493	0.1	-78.56954	-78.60482	0.1	-0.7486579	-0.6629565	-0.7477123	-0.6640229	0.1	-0.9935558	-0.1133444	-0.9934714	-0.1140815	0.1	0.1981784	-0.980166	0.1975748	-0.9802878	0.1	66.9786	66.81635	0.1	36.88678	36.80902	0.1	18.03362	17.92427	0.1
206	35.03593	18.15283	25.87482	25.9813	0.1	-138.5297	-138.5518	0.1	-172.8078	-172.8241	0.1	-79.63017	-79.54441	0.1	-0.749299	-0.6622319	-0.7495541	-0.6619431	0.1	-0.9921317	-0.1251988	-0.9921674	-0.1249155	0.1	0.1800012	-0.9836664	0.1814733	-0.9833959	0.1	67.52183	67.62111	0.1	36.98475	37.05636	0.1	18.83842	18.96517	0.1
207	35.39304	18.89056	25.8866	25.88399	0.1	-138.0006	-138.0088	0.1	-171.5398	-171.6198	0.1	-80.04685	-79.93313	0.1	-0.7431518	-0.6691229	-0.7432472	-0.6690169	0.1	-0.9891184	-0.1471216	-0.9893227	-0.1457414	0.1	0.1728428	-0.9849494	0.1747974	-0.9846044	0.1	68.0669	68.1705	0.1	37.09565	37.18764	0.1	19.64531	19.62761	0.1
208	35.75341	19.6267	26.4802	26.34893	0.1	-136.9	-136.9462	0.1	-169.6991	-169.7462	0.1	-79.85787	-80.00509	0.1	-0.7301622	-0.6832739	-0.7307131	-0.6826847	0.1	-0.9838821	-0.1788182	-0.984029	-0.1780084	0.1	0.1760905	-0.984374	0.1735606	-0.9848232	0.1	68.62009	68.74538	0.1	37.22783	37.14746	0.1	20.4526	20.31041	0.1
209	36.12368	20.3579	27.48978	27.54275	0.1	-135.3979	-135.2234	0.1	-167.4552	-167.5851	0.1	-79.25156	-79.4501	0.1	-0.712	-0.7021795	-0.7098588	-0.704344	0.1	-0.9761264	-0.2172034	-0.9766164	-0.2149891	0.1	0.1864972	-0.9824555	0.1830918	-0.9830958	0.1	69.1866	69.08421	0.1	37.38837	37.2837	0.1	21.25896	21.15653	0.1
210	36.50819	21.08171	28.74282	28.81143	0.1	-133.6697	-133.7432	0.1	-164.9847	-165.0149	0.1	-78.41331	-78.44267	0.1	-0.6904996	-0.7233328	-0.6914271	-0.7224463	0.1	-0.9658566	-0.2590775	-0.9659931	-0.2585679	0.1	0.2008502	-0.9796219	0.2003484	-0.9797247	0.1	69.76946	69.69421	0.1	37.5817	37.58594	0.1	22.06343	22.11513	0.1
211	36.9094	21.79639	30.22305	30.22836	0.1	-131.7334	-131.7448	0.1	-162.308	-162.3185	0.1	-77.36544	-77.26701	0.1	-0.6656659	-0.7462499	-0.6658136	-0.7461181	0.1	-0.952704	-0.3038999	-0.9527599	-0.3037247	0.1	0.2187318	-0.975785	0.2204078	-0.9754078	0.1	70.3701	70.30169	0.1	37.8101	37.71328	0.1	22.86531	22.89852	0.1
212	37.33079	22.49934	32.11685	32.06406	0.1	-129.4055	-129.3092	0.1	-159.244	-159.3257	0.1	-75.92992	-75.8644	0.1	-0.6348049	-0.7726725	-0.6335052	-0.7737384	0.1	-0.9350981	-0.3543891	-0.9356028	-0.3530545	0.1	0.2431086	-0.9699991	0.2442175	-0.9697205	0.1	70.99054	70.97944	0.1	38.07687	38.19938	0.1	23.66349	23.67697	0.1
213	37.87089	23.32119	35.15795	35.04989	0.1	-125.8788	-125.8554	0.1	-154.8437	-154.9305	0.1	-73.49156	-73.39239	0.1	-0.586072	-0.8102589	-0.5857413	-0.8104981	0.1	-0.9051517	-0.4250887	-0.9057941	-0.4237181	0.1	0.2841565	-0.9587779	0.2858156	-0.9582846	0.1	71.76585	71.83428	0.1	38.45531	38.4105	0.1	24.61359	24.66453	0.1
214	38.35698	23.98099	38.3053	38.43864	0.1	-122.3628	-122.2996	0.1	-150.6129	-150.5489	0.1	-70.90729	-70.87579	0.1	-0.5352789	-0.8446754	-0.5343461	-0.8452657	0.1	-0.8713241	-0.4907081	-0.8707756	-0.4916806	0.1	0.3270977	-0.9449905	0.3276171	-0.9448106	0.1	72.44146	72.52382	0.1	38.82636	38.72566	0.1	25.39541	25.34734	0.1
215	38.88037	24.61157	41.83376	41.8401	0.1	-118.504	-118.4208	0.1	-146.0566	-146.1344	0.1	-68.00676	-67.87802	0.1	-0.4772199	-0.8787839	-0.4759443	-0.8794754	0.1	-0.8295897	-0.5583735	-0.830347	-0.5572467	0.1	0.3744972	-0.927228	0.3765796	-0.9263843	0.1	73.1453	73.17487	0.1	39.25199	39.39372	0.1	26.16468	26.01035	0.1
216	39.44252	25.20784	45.55151	45.43348	0.1	-114.4975	-114.6431	0.1	-141.3758	-141.4193	0.1	-64.98377	-64.96939	0.1	-0.4146528	-0.9099797	-0.4169653	-0.9089224	0.1	-0.7812574	-0.624209	-0.7817303	-0.6236167	0.1	0.4228749	-0.9061881	0.4231023	-0.9060819	0.1	73.87624	73.93333	0.1	39.73257	39.83027	0.1	26.91833	26.94188	0.1
217	40.04252	25.76599	49.38046	49.45924	0.1	-110.4229	-110.4131	0.1	-136.6554	-136.7347	0.1	-61.91333	-62.02868	0.1	-0.3489465	-0.9371427	-0.3487859	-0.9372024	0.1	-0.7272393	-0.6863841	-0.7281876	-0.685378	0.1	0.4708067	-0.8822364	0.4690296	-0.8831825	0.1	74.63137	74.66273	0.1	40.26575	40.25344	0.1	27.65391	27.67682	0.1
218	40.67922	26.28186	53.42726	53.48733	0.1	-106.1752	-106.2105	0.1	-131.7952	-131.8296	0.1	-58.68633	-58.67225	0.1	-0.2785761	-0.9604142	-0.2791664	-0.9602427	0.1	-0.6664694	-0.7455324	-0.6669172	-0.7451319	0.1	0.5197231	-0.8543348	0.5199328	-0.8542072	0.1	75.40748	75.34935	0.1	40.84879	40.88745	0.1	28.36868	28.39553	0.1
219	41.3511	26.75098	57.5227	57.43688	0.1	-101.9253	-101.8982	0.1	-126.9699	-127.0174	0.1	-55.47001	-55.47266	0.1	-0.2066358	-0.9784179	-0.2061727	-0.9785156	0.1	-0.6013955	-0.7989514	-0.6020575	-0.7984528	0.1	0.5668374	-0.8238297	0.5667993	-0.8238559	0.1	76.20102	76.1911	0.1	41.47855	41.42625	0.1	29.05963	28.92885	0.1
220	42.05416	27.17197	61.37965	61.15907	0.1	-97.95865	-97.86225	0.1	-122.4675	-122.5283	0.1	-52.54361	-52.64569	0.1	-0.1384584	-0.9903682	-0.136792	-0.9905998	0.1	-0.5368218	-0.8436956	-0.537716	-0.843126	0.1	0.6081574	-0.7938164	0.6067421	-0.7948987	0.1	77.00725	76.83479	0.1	42.14914	42.23856	0.1	29.72572	29.81384	0.1
221	42.78325	27.5461	64.96465	64.95802	0.1	-94.30532	-94.40157	0.1	-118.318	-118.3634	0.1	-49.92983	-49.82704	0.1	-0.07507138	-0.9971781	-0.07674643	-0.9970506	0.1	-0.4743657	-0.8803279	-0.4750621	-0.8799523	0.1	0.6437253	-0.7652567	0.6450971	-0.7641006	0.1	77.82152	77.65193	0.1	42.85357	42.91198	0.1	30.36774	30.43818	0.1
222	43.53371	27.87534	68.27869	68.23994	0.1	-90.96047	-90.99867	0.1	-114.5154	-114.4652	0.1	-47.61828	-47.57943	0.1	-0.01676271	-0.9998595	-0.01742923	-0.9998481	0.1	-0.4149381	-0.9098496	-0.4141402	-0.9102131	0.1	0.6740668	-0.7386704	0.6745675	-0.7382132	0.1	78.63995	78.74138	0.1	43.58553	43.52862	0.1	30.98703	31.17269	0.1
223	44.30144	28.16207	71.33014	71.25717	0.1	-87.91193	-87.89719	0.1	-111.0455	-110.9694	0.1	-45.59251	-45.69789	0.1	0.0364356	-0.999336	0.0366928	-0.9993266	0.1	-0.3591097	-0.9332954	-0.3578694	-0.9337717	0.1	0.6997566	-0.7143813	0.6984416	-0.7156671	0.1	79.45946	79.69822	0.1	44.33955	44.35118	0.1	31.58533	31.57913	0.1
224	45.24056	28.45381	74.66286	74.77448	0.1	-84.62196	-84.59248	0.1	-107.2946	-107.4085	0.1	-43.51173	-43.47022	0.1	0.09372663	-0.995598	0.09423885	-0.9955496	0.1	-0.2972846	-0.9547889	-0.2991823	-0.954196	0.1	0.7252334	-0.6885031	0.725732	-0.6879774	0.1	80.44105	80.36708	0.1	45.26698	45.49337	0.1	32.27839	32.34973	0.1
225	46.03492	28.6554	77.43697	77.26302	0.1	-81.91304	-82.10893	0.1	-104.2361	-104.3976	0.1	-41.79344	-41.66371	0.1	0.1406758	-0.9900557	0.1372901	-0.9905309	0.1	-0.2459176	-0.9692907	-0.2486486	-0.9685938	0.1	0.7455523	-0.6664471	0.7470594	-0.6647573	0.1	81.25542	81.18793	0.1	46.05456	45.83831	0.1	32.83673	32.81089	0.1
226	46.83834	28.81711	80.46528	80.49055	0.1	-78.97689	-79.16196	0.1	-100.9814	-100.9994	0.1	-39.83321	-39.91523	0.1	0.1912049	-0.9815502	0.1880334	-0.9821627	0.1	-0.1904905	-0.981689	-0.1907979	-0.9816293	0.1	0.7679123	-0.640555	0.7669947	-0.6416535	0.1	82.06435	82.21162	0.1	46.85328	46.96204	0.1	33.37597	33.40435	0.1
227	47.64948	28.93385	83.9352	83.96852	0.1	-75.62833	-75.71617	0.1	-97.34657	-97.44588	0.1	-37.44775	-37.49485	0.1	0.2482108	-0.968706	0.2467255	-0.9690854	0.1	-0.1278709	-0.9917908	-0.1295897	-0.9915677	0.1	0.7939081	-0.6080377	0.793408	-0.6086901	0.1	82.86501	82.88693	0.1	47.66141	47.72919	0.1	33.89206	34.00058	0.1
228	48.46643	28.99799	87.99432	88.02965	0.1	-71.72342	-71.67898	0.1	-93.19006	-93.1876	0.1	-34.49538	-34.46088	0.1	0.3136044	-0.9495537	0.3143407	-0.9493102	0.1	-0.05564834	-0.9984505	-0.05560549	-0.9984528	0.1	0.8241719	-0.5663398	0.8245127	-0.5658435	0.1	83.65324	83.65566	0.1	48.47678	48.63132	0.1	34.37866	34.35794	0.1
229	49.28582	29.00069	92.65186	92.46871	0.1	-67.25693	-67.12757	0.1	-88.50969	-88.45803	0.1	-30.97254	-30.8743	0.1	0.3865995	-0.9222477	0.3886806	-0.9213725	0.1	0.02600789	-0.9996617	0.02690916	-0.9996379	0.1	0.8574141	-0.5146272	0.8582952	-0.5131562	0.1	84.42323	84.46766	0.1	49.29595	49.38536	0.1	34.82791	34.88101	0.1
230	50.10246	28.93392	97.78596	97.84834	0.1	-62.35375	-62.46444	0.1	-83.433	-83.5666	0.1	-27.00451	-26.95114	0.1	0.4640112	-0.8858293	0.4622991	-0.8867241	0.1	0.114365	-0.9934388	0.1120481	-0.9937028	0.1	0.8909708	-0.4540606	0.8913933	-0.4532306	0.1	85.16793	85.09147	0.1	50.1138	50.22059	0.1	35.23181	35.15417	0.1
231	50.90949	28.79251	103.2092	103.0133	0.1	-57.20212	-57.13426	0.1	-78.14948	-78.25041	0.1	-22.7784	-22.73632	0.1	0.5416771	-0.8405867	0.5426723	-0.8399445	0.1	0.2053592	-0.9786867	0.2036346	-0.9790469	0.1	0.9220092	-0.387168	0.9222932	-0.3864908	0.1	85.87988	85.89001	0.1	50.92381	50.9236	0.1	35.58392	35.58836	0.1
232	51.69931	28.57465	108.723	108.777	0.1	-51.99953	-51.99313	0.1	-72.85625	-72.80036	0.1	-18.48967	-18.59109	0.1	0.6156679	-0.7880057	0.615756	-0.7879369	0.1	0.29477	-0.9555683	0.295702	-0.9552802	0.1	0.9483808	-0.3171337	0.947818	-0.318812	0.1	86.55222	86.47267	0.1	51.71895	51.55373	0.1	35.87995	35.78929	0.1
233	52.46491	28.28282	114.0272	114.1816	0.1	-47.04246	-46.93115	0.1	-67.84741	-67.84888	0.1	-14.43273	-14.36395	0.1	0.6814561	-0.731859	0.6828767	-0.7305336	0.1	0.3770745	-0.9261829	0.3770507	-0.9261926	0.1	0.9684409	-0.2492431	0.9687394	-0.2480805	0.1	87.18015	87.19016	0.1	52.493	52.56114	0.1	36.11911	36.11202	0.1
234	53.20093	27.92279	119.0723	119.011	0.1	-42.37562	-42.3323	0.1	-63.16367	-63.20066	0.1	-10.65076	-10.72278	0.1	0.7387422	-0.6739881	0.7392516	-0.6734294	0.1	0.4514434	-0.8922998	0.4508672	-0.8925911	0.1	0.982772	-0.1848221	0.9825389	-0.1860573	0.1	87.76147	87.64146	0.1	53.24147	53.23673	0.1	36.30379	36.32602	0.1
235	54.03908	27.40893	124.9047	124.9139	0.1	-37.03184	-36.99795	0.1	-57.84044	-57.71643	0.1	-6.347767	-6.298663	0.1	0.7983009	-0.6022587	0.798657	-0.6017865	0.1	0.5322789	-0.8465691	0.53411	-0.8454151	0.1	0.9938691	-0.1105629	0.9939635	-0.1097111	0.1	88.39579	88.38708	0.1	54.10116	54.05335	0.1	36.45719	36.46806	0.1
236	54.69529	26.91822	129.5574	129.7252	0.1	-32.81114	-32.91276	0.1	-53.66755	-53.63637	0.1	-2.976509	-3.050973	0.1	0.8404613	-0.5418716	0.8394989	-0.5433614	0.1	0.5924695	-0.8055929	0.5929078	-0.8052703	0.1	0.9986509	-0.05192652	0.9985826	-0.05322437	0.1	88.87003	88.81467	0.1	54.78204	54.81793	0.1	36.53009	36.45345	0.1
237	55.31088	26.37737	133.8239	133.7298	0.1	-28.99493	-28.91067	0.1	-49.92336	-49.99881	0.1	0	-0.1383778	0.1	0.8746626	-0.4847322	0.8753745	-0.4834455	0.1	0.6438118	-0.7651839	0.6428034	-0.7660311	0.1	1	0	0.9999971	-0.002415146	0.1	89.29565	89.22428	0.1	55.42939	55.36238	0.1	36.55689	36.52829	0.1
238	55.88673	25.79432	137.5323	137.2747	0.1	-25.75109	-25.74453	0.1	-46.77125	-46.98211	0.1	2.42995	2.368005	0.1	0.90069	-0.4344625	0.9007397	-0.4343593	0.1	0.6849127	-0.7286251	0.6822266	-0.7311408	0.1	0.9991008	0.04239791	0.999146	0.04131772	0.1	89.67651	89.79818	0.1	56.04475	55.96206	0.1	36.54408	36.6485	0.1
239	56.4263	25.1775	140.631	140.594	0.1	-23.12721	-23.03098	0.1	-44.25392	-44.34022	0.1	4.244732	4.305431	0.1	0.9196351	-0.392774	0.9202934	-0.3912289	0.1	0.7162542	-0.6978395	0.7152023	-0.6989175	0.1	0.997257	0.07401681	0.997178	0.07507325	0.1	90.01895	90.16073	0.1	56.63201	56.50718	0.1	36.50008	36.49335	0.1
240	56.93448	24.53452	143.1464	143.1639	0.1	-21.09352	-20.98992	0.1	-42.33693	-42.44474	0.1	5.47672	5.573182	0.1	0.9329942	-0.3598913	0.9336435	-0.3582036	0.1	0.7391971	-0.6734892	0.7379286	-0.6748788	0.1	0.9954351	0.09544131	0.995273	0.09711705	0.1	90.33021	90.21848	0.1	57.19621	57.21887	0.1	36.43362	36.46578	0.1
241	57.4161	23.8714	145.2384	145.1581	0.1	-19.48778	-19.22217	0.1	-40.85428	-40.86399	0.1	6.284752	6.301896	0.1	0.9427127	-0.3336058	0.944249	-0.3292321	0.1	0.7563757	-0.6541375	0.7562648	-0.6542656	0.1	0.9939901	0.1094698	0.9939573	0.1097672	0.1	90.61687	90.71001	0.1	57.74226	57.68675	0.1	36.35225	36.46006	0.1
242	57.87454	23.19202	147.0821	147.2628	0.1	-18.13344	-18.25137	0.1	-39.627	-39.63112	0.1	6.842979	6.962123	0.1	0.9503343	-0.3112311	0.9496917	-0.3131865	0.1	0.7702128	-0.6377869	0.7701669	-0.6378424	0.1	0.9928764	0.1191488	0.9926265	0.1212132	0.1	90.88347	90.85346	0.1	58.27359	58.34098	0.1	36.261	36.16335	0.1
243	58.31149	22.49863	148.8027	148.7641	0.1	-16.90438	-16.90219	0.1	-38.5277	-38.64742	0.1	7.276319	7.400474	0.1	0.9567913	-0.2907754	0.9568024	-0.2907389	0.1	0.7823071	-0.6228929	0.7810039	-0.6245261	0.1	0.9919469	0.1266546	0.9916701	0.1288038	0.1	91.13235	91.14363	0.1	58.79201	58.8428	0.1	36.16253	36.07153	0.1
244	58.72799	21.79275	150.4123	150.291	0.1	-15.78826	-15.79043	0.1	-37.54327	-37.65016	0.1	7.595899	7.633053	0.1	0.9622738	-0.2720831	0.9622635	-0.2721195	0.1	0.7928934	-0.6093604	0.7917552	-0.6108385	0.1	0.991225	0.1321854	0.9911391	0.1328282	0.1	91.3651	91.44196	0.1	59.2987	59.46083	0.1	36.05859	36.00278	0.1
245	59.12545	21.07598	151.7991	151.7872	0.1	-14.89626	-14.92674	0.1	-36.78397	-36.90578	0.1	7.689599	7.606828	0.1	0.9663929	-0.2570696	0.966256	-0.2575837	0.1	0.8008989	-0.5987996	0.7996241	-0.6005009	0.1	0.9910075	0.1338063	0.9911998	0.1323745	0.1	91.58352	91.63531	0.1	59.79512	60.01451	0.1	35.95119	35.78501	0.1
246	59.50728	20.35075	152.7836	152.8491	0.1	-14.40714	-14.49259	0.1	-36.42687	-36.26747	0.1	7.37709	7.505098	0.1	0.9685522	-0.2488106	0.96818	-0.2502548	0.1	0.8046154	-0.5937963	0.8062643	-0.5915555	0.1	0.9917226	0.1283991	0.9914333	0.1306144	0.1	91.79164	91.80182	0.1	60.28453	60.28801	0.1	35.84457	35.84679	0.1
247	59.87939	19.62048	153.2026	153.108	0.1	-14.48302	-14.56188	0.1	-36.63135	-36.52039	0.1	6.493742	6.537114	0.1	0.9682218	-0.2500931	0.9678767	-0.2514254	0.1	0.8024911	-0.5966641	0.8036451	-0.5951089	0.1	0.9935842	0.1130947	0.9934983	0.1138468	0.1	91.99603	92.07517	0.1	60.77233	60.61452	0.1	35.7455	35.7632	0.1
248	60.24923	18.88905	153.0182	153.155	0.1	-15.16051	-15.06259	0.1	-37.4307	-37.4032	0.1	5.000808	4.742213	0.1	0.965197	-0.261524	0.9656425	-0.2598741	0.1	0.794089	-0.6078014	0.7943807	-0.6074202	0.1	0.9961935	0.0871698	0.9965767	0.08267276	0.1	92.20477	92.26096	0.1	61.26518	61.15806	0.1	35.66247	35.68108	0.1
249	60.7009	18.01537	152.0135	151.9619	0.1	-16.7524	-16.75518	0.1	-39.15519	-39.02572	0.1	2.417918	2.413819	0.1	0.9575593	-0.2882364	0.9575453	-0.2882829	0.1	0.7754385	-0.6314231	0.7768634	-0.6296692	0.1	0.9991097	0.04218811	0.9991127	0.04211663	0.1	92.47273	92.27263	0.1	61.8727	61.92385	0.1	35.59633	35.66307	0.1
250	61.0918	17.29499	150.699	150.5359	0.1	-18.55059	-18.44316	0.1	-41.04911	-40.93613	0.1	-0.2158	-0.1076169	0.1	0.9480431	-0.3181419	0.948638	-0.3163638	0.1	0.7541469	-0.6567057	0.7554405	-0.6552173	0.1	0.9999929	-0.003766411	0.9999982	-0.001878268	0.1	92.71911	92.57378	0.1	62.39893	62.31456	0.1	35.57832	35.45003	0.1
251	61.50046	16.58455	149.1514	149.3066	0.1	-20.57524	-20.5894	0.1	-43.15414	-43.18468	0.1	-3.082483	-3.078062	0.1	0.9362115	-0.3514372	0.9361246	-0.3516684	0.1	0.7295163	-0.6839635	0.7291515	-0.6843523	0.1	0.9985532	-0.05377353	0.9985573	-0.05369648	0.1	92.99129	92.93657	0.1	62.94666	63.08388	0.1	35.59953	35.58078	0.1
252	61.92897	15.8859	147.413	147.5181	0.1	-22.78277	-22.70411	0.1	-45.42588	-45.42582	0.1	-6.13485	-6.177222	0.1	0.9219797	-0.3872383	0.9225104	-0.3859722	0.1	0.7018313	-0.7123432	0.7018321	-0.7123424	0.1	0.9942731	-0.1068689	0.9941938	-0.1076041	0.1	93.29147	93.23846	0.1	63.51696	63.62064	0.1	35.66259	35.63008	0.1
253	62.38004	15.20162	145.3146	145.4817	0.1	-25.34083	-25.42502	0.1	-48.03094	-48.07154	0.1	-9.536526	-9.507723	0.1	0.9037778	-0.428002	0.9031479	-0.4293296	0.1	0.6687291	-0.7435061	0.6682021	-0.7439798	0.1	0.9861802	-0.1656763	0.9862633	-0.1651805	0.1	93.62244	93.60446	0.1	64.11132	64.11258	0.1	35.77089	35.82812	0.1
254	62.85767	14.53563	142.8533	142.6852	0.1	-28.25001	-28.22974	0.1	-50.96822	-50.90166	0.1	-13.28298	-13.23716	0.1	0.8808907	-0.4733198	0.8810581	-0.4730081	0.1	0.6297513	-0.7767968	0.6306534	-0.7760646	0.1	0.9732472	-0.2297606	0.9734306	-0.2289823	0.1	93.98846	93.95328	0.1	64.73201	64.67104	0.1	35.92925	35.78883	0.1
255	63.36446	13.89157	140.2096	140.0919	0.1	-31.32757	-31.30144	0.1	-54.05396	-54.18955	0.1	-17.18563	-17.22068	0.1	0.8542088	-0.5199302	0.8544458	-0.5195405	0.1	0.5870231	-0.8095702	0.5851055	-0.8109571	0.1	0.9553525	-0.2954685	0.9551716	-0.2960528	0.1	94.39226	94.35328	0.1	65.37994	65.37237	0.1	36.14088	35.90556	0.1
256	63.90023	13.27139	137.6819	137.6935	0.1	-34.27354	-34.29506	0.1	-56.98854	-57.02075	0.1	-20.93863	-20.97099	0.1	0.8263584	-0.5631445	0.8261469	-0.5634547	0.1	0.5448068	-0.8385616	0.5443352	-0.8388678	0.1	0.9339637	-0.3573678	0.9337618	-0.3578951	0.1	94.83345	94.8949	0.1	66.05366	66.06044	0.1	36.40543	36.4783	0.1
257	64.46172	12.67439	135.4138	135.2439	0.1	-36.94419	-36.9775	0.1	-59.63026	-59.55075	0.1	-24.3936	-24.32736	0.1	0.7992213	-0.6010368	0.7988718	-0.6015014	0.1	0.5055781	-0.8627808	0.5067749	-0.8620784	0.1	0.9107298	-0.4130027	0.9112067	-0.4119495	0.1	95.30822	95.21684	0.1	66.74946	66.75237	0.1	36.71853	36.62315	0.1
258	65.0454	12.09904	133.4015	133.5284	0.1	-39.34394	-39.32042	0.1	-61.98581	-62.17152	0.1	-27.55186	-27.41438	0.1	0.7733542	-0.6339741	0.7736143	-0.6336567	0.1	0.4696901	-0.8828313	0.4668262	-0.884349	0.1	0.8865926	-0.4625512	0.8876998	-0.4604226	0.1	95.81239	95.87857	0.1	67.46368	67.36462	0.1	37.07515	37.11174	0.1
259	65.64796	11.54349	131.6385	131.603	0.1	-41.47995	-41.46849	0.1	-64.06452	-64.08107	0.1	-30.4186	-30.41417	0.1	0.7491876	-0.6623579	0.74932	-0.6622081	0.1	0.4373587	-0.8992872	0.4370989	-0.8994135	0.1	0.8623493	-0.5063138	0.8623885	-0.5062471	0.1	96.34202	96.41151	0.1	68.19309	68.03278	0.1	37.47038	37.4958	0.1
260	66.39166	10.89992	129.8647	129.9961	0.1	-43.68378	-43.75482	0.1	-66.18523	-66.04137	0.1	-33.4615	-33.35667	0.1	0.7231627	-0.6906778	0.7223058	-0.6915738	0.1	0.403781	-0.9148557	0.406077	-0.9138389	0.1	0.8342565	-0.5513766	0.835264	-0.5498492	0.1	97.00598	97.12602	0.1	69.08448	69.1552	0.1	37.98896	37.83569	0.1
261	67.02538	10.38017	128.6436	128.7145	0.1	-45.24989	-45.25831	0.1	-67.67234	-67.7172	0.1	-35.69542	-35.66569	0.1	0.704016	-0.7101841	0.7039117	-0.7102875	0.1	0.3799028	-0.9250264	0.3791784	-0.9253236	0.1	0.8121302	-0.5834762	0.8124328	-0.5830548	0.1	97.57906	97.5983	0.1	69.83795	69.82724	0.1	38.45292	38.54914	0.1
262	67.66922	9.872994	127.6502	127.7066	0.1	-46.57759	-46.59979	0.1	-68.91396	-68.90116	0.1	-37.66308	-37.81773	0.1	0.6873717	-0.7263058	0.6870902	-0.7265722	0.1	0.3597695	-0.9330412	0.3599778	-0.9329609	0.1	0.7916174	-0.611017	0.7899653	-0.6131516	0.1	98.16696	98.14642	0.1	70.59901	70.73011	0.1	38.94157	38.92585	0.1
263	68.32095	9.376	126.8924	126.8688	0.1	-47.66031	-47.6643	0.1	-69.90509	-69.8461	0.1	-39.35916	-39.40502	0.1	0.6735246	-0.7391648	0.6734732	-0.7392116	0.1	0.3435762	-0.9391248	0.344543	-0.9387705	0.1	0.7731858	-0.6341795	0.772678	-0.6347982	0.1	98.767	98.80978	0.1	71.36597	71.55188	0.1	39.4513	39.502	0.1
264	68.97841	8.88659	126.3667	126.4048	0.1	-48.50291	-48.56106	0.1	-70.65202	-70.68703	0.1	-40.79014	-40.70635	0.1	0.662582	-0.7489893	0.6618215	-0.7496615	0.1	0.3313046	-0.9435239	0.3307281	-0.9437261	0.1	0.7571075	-0.6532903	0.758062	-0.6521825	0.1	99.37654	99.40615	0.1	72.13735	72.16557	0.1	39.97859	39.90077	0.1
265	69.63956	8.402175	126.0711	126.3547	0.1	-49.10877	-48.91848	0.1	-71.15948	-71.24243	0.1	-41.96133	-41.98883	0.1	0.6546251	-0.7559537	0.6571321	-0.7537754	0.1	0.3229351	-0.9464211	0.3215646	-0.9468877	0.1	0.7435962	-0.668629	0.7432753	-0.6689857	0.1	99.99319	99.90856	0.1	72.91183	72.96101	0.1	40.52026	40.42967	0.1
266	70.30244	7.920113	125.9998	126.0195	0.1	-49.48531	-49.40555	0.1	-71.43609	-71.4491	0.1	-42.88223	-42.82408	0.1	0.6496429	-0.7602394	0.6507007	-0.7593343	0.1	0.3183623	-0.9479691	0.318147	-0.9480414	0.1	0.732754	-0.6804937	0.7334443	-0.6797495	0.1	100.6146	100.6245	0.1	73.68822	73.6769	0.1	41.07328	40.97176	0.1
267	70.96551	7.438356	125.9998	125.9412	0.1	-49.78666	-49.85339	0.1	-71.63686	-71.72778	0.1	-43.70873	-43.646	0.1	0.6456355	-0.7636457	0.6447456	-0.7643971	0.1	0.3150384	-0.9490789	0.3135321	-0.9495776	0.1	0.7228619	-0.6909925	0.723618	-0.6902007	0.1	101.2391	101.3626	0.1	74.46564	74.45346	0.1	41.63535	41.42855	0.1
268	71.62858	6.956595	125.9998	126.0494	0.1	-50.0843	-50.09232	0.1	-71.83349	-71.73979	0.1	-44.51306	-44.26451	0.1	0.6416599	-0.7669894	0.6415525	-0.7670791	0.1	0.3117796	-0.9501544	0.313333	-0.9496433	0.1	0.7130906	-0.7010719	0.7161252	-0.6979718	0.1	101.8664	101.8475	0.1	75.24395	75.31394	0.1	42.20584	42.04505	0.1
269	72.29165	6.474823	126.0019	125.9082	0.1	-50.3763	-50.49958	0.1	-72.0241	-71.94271	0.1	-45.2938	-45.26496	0.1	0.6377426	-0.7702495	0.6360838	-0.77162	0.1	0.3086168	-0.9511864	0.3099678	-0.9507471	0.1	0.7034717	-0.7107233	0.7038293	-0.7103692	0.1	102.4964	102.5162	0.1	76.02313	76.06342	0.1	42.78442	42.85098	0.1
270	73.08733	5.89668	126.0014	125.7342	0.1	-50.72485	-50.67006	0.1	-72.25057	-72.40123	0.1	-46.20589	-45.95491	0.1	0.6330452	-0.7741148	0.6337852	-0.7735091	0.1	0.3048548	-0.9523988	0.3023494	-0.9531972	0.1	0.6920689	-0.7218314	0.6952242	-0.7187929	0.1	103.2558	103.2635	0.1	76.95927	76.77159	0.1	43.48895	43.47889	0.1
271	73.7504	5.414896	126.0033	126.0043	0.1	-51.00901	-51.0324	0.1	-72.43275	-72.4356	0.1	-46.94116	-46.87645	0.1	0.6291981	-0.777245	0.6288808	-0.7775018	0.1	0.301825	-0.9533634	0.3017775	-0.9533784	0.1	0.6827491	-0.7306529	0.6835738	-0.7298815	0.1	103.8916	103.9088	0.1	77.74027	77.71689	0.1	44.08422	44.2233	0.1
272	74.41348	4.933097	126.0038	126.1347	0.1	-51.29119	-51.31006	0.1	-72.61276	-72.5842	0.1	-47.65818	-47.64473	0.1	0.6253626	-0.7803342	0.6251056	-0.7805402	0.1	0.2988282	-0.954307	0.2993039	-0.9541578	0.1	0.6735522	-0.7391396	0.6737257	-0.7389815	0.1	104.5299	104.7489	0.1	78.52206	78.57097	0.1	44.6866	44.65164	0.1
