-1	-30	0	0.2	30	30	0	0	-14.9
0	0	-14.86	0	-0.09684771	0.1	153.6505	153.5478	0.1	89.74577	89.65353	0.1	26.35195	26.5148	0.1	-0.896103	0.4438462	-0.8953062	0.4454512	0.1	0.00443715	0.9999902	0.00604693	0.9999817	0.1	0.8960843	0.4438839	0.8948191	0.4464289	0.1	33.47864	33.24714	0.1	44.86045	44.76647	0.1	33.47864	33.3446	0.1
1	4.911099E-07	-14.75967	0	0.07458173	0.1	153.7987	153.6845	0.1	89.73933	89.76772	0.1	26.19202	26.15542	0.1	-0.897248	0.4415268	-0.8963664	0.4433141	0.1	0.004549563	0.9999896	0.004054134	0.9999918	0.1	0.8973199	0.4413809	0.8976016	0.4408076	0.1	33.43423	33.39136	0.1	44.76012	44.74953	0.1	33.43423	33.38694	0.1
2	-2.719114E-05	-14.65451	-0.03956468	0.01211307	0.1	153.9268	153.7303	0.1	89.70487	89.71278	0.1	25.99624	25.97692	0.1	-0.898233	0.4395196	-0.8967205	0.4425972	0.1	0.005150848	0.9999867	0.005012805	0.9999874	0.1	0.8988228	0.4383122	0.8989705	0.4380091	0.1	33.38792	33.28426	0.1	44.65495	44.57841	0.1	33.38796	33.42331	0.1
3	-0.0001718483	-14.53697	-0.132704	-0.1781704	0.1	154.0139	153.9538	0.1	89.60973	89.8356	0.1	25.72035	25.74337	0.1	-0.8989003	0.4381532	-0.8984406	0.4390951	0.1	0.006811522	0.9999768	0.002869201	0.9999959	0.1	0.900923	0.4339791	0.9007485	0.434341	0.1	33.33636	33.34208	0.1	44.53742	44.37268	0.1	33.33667	33.37985	0.1
4	-0.0006655244	-14.39965	-0.3368816	-0.4715035	0.1	154.0221	153.9743	0.1	89.4041	89.35071	0.1	25.30301	25.45963	0.1	-0.8989629	0.4380248	-0.8985974	0.4387741	0.1	0.01040018	0.9999459	0.01133199	0.9999358	0.1	0.9040601	0.4274054	0.9028884	0.429875	0.1	33.27627	33.23816	0.1	44.4001	44.37177	0.1	33.27747	33.21173	0.1
5	-0.002430907	-14.20234	-0.7937689	-0.8926284	0.1	153.8709	153.8569	0.1	88.9437	89.13563	0.1	24.53771	24.46464	0.1	-0.897804	0.4403952	-0.8976964	0.4406144	0.1	0.01843475	0.9998301	0.01508556	0.9998862	0.1	0.9096882	0.415292	0.910217	0.4141315	0.1	33.18977	33.24789	0.1	44.2028	44.17757	0.1	33.19416	33.18839	0.1
6	-0.00585212	-14.01035	-1.387762	-1.536162	0.1	153.5748	153.6282	0.1	88.34422	88.53985	0.1	23.64106	23.59626	0.1	-0.8955162	0.445029	-0.8959302	0.4441948	0.1	0.02889465	0.9995825	0.02548164	0.9996753	0.1	0.9160756	0.4010057	0.9163889	0.4002891	0.1	33.10497	33.13336	0.1	44.01083	43.91933	0.1	33.11557	33.15992	0.1
7	-0.01230345	-13.79363	-2.214081	-2.228049	0.1	153.0846	153.0142	0.1	87.50813	87.51184	0.1	22.46935	22.34628	0.1	-0.8916757	0.4526747	-0.8911192	0.4537692	0.1	0.04347749	0.9990544	0.04341282	0.9990572	0.1	0.9240841	0.3821892	0.9249029	0.3802034	0.1	33.00797	33.10197	0.1	43.79414	43.7704	0.1	33.03033	33.14762	0.1
8	-0.02344229	-13.55208	-3.315879	-3.337911	0.1	152.3569	152.2577	0.1	86.39014	86.45985	0.1	20.9777	20.80323	0.1	-0.8858547	0.4639629	-0.8850499	0.4654962	0.1	0.0629623	0.9980159	0.06174802	0.9980918	0.1	0.9337198	0.3580046	0.9348056	0.3551597	0.1	32.89761	33.01564	0.1	43.55265	43.70619	0.1	32.94034	32.99823	0.1
9	-0.04144001	-13.28576	-4.731682	-4.62011	0.1	151.3524	151.3994	0.1	84.94871	85.04346	0.1	19.12561	19.16096	0.1	-0.8775846	0.4794217	-0.8779783	0.4787005	0.1	0.0880475	0.9961163	0.08640002	0.9962605	0.1	0.9448026	0.3276402	0.9446002	0.328223	0.1	32.77235	32.87153	0.1	43.28644	43.2791	0.1	32.84813	33.03129	0.1
10	-0.06901894	-12.99514	-6.499446	-6.444441	0.1	150.0315	150.0666	0.1	83.14206	83.19245	0.1	16.87342	17.02136	0.1	-0.8663003	0.4995236	-0.8666059	0.4989931	0.1	0.119408	0.9928453	0.1185347	0.9929499	0.1	0.9569483	0.2902583	0.9561957	0.2927282	0.1	32.63031	32.62872	0.1	42.99598	42.99682	0.1	32.75698	32.83869	0.1
11	-0.1095139	-12.6809	-8.658323	-8.731036	0.1	148.3528	148.3036	0.1	80.92617	81.03315	0.1	14.18051	14.22349	0.1	-0.8512949	0.5246875	-0.8508441	0.5254182	0.1	0.157707	0.9874859	0.1558629	0.9877787	0.1	0.9695287	0.2449776	0.9693447	0.2457049	0.1	32.46916	32.40996	0.1	42.68203	42.43362	0.1	32.67091	32.70178	0.1
12	-0.1669709	-12.34383	-11.24843	-11.26434	0.1	146.2736	146.1014	0.1	78.25503	78.32401	0.1	11.00514	11.01146	0.1	-0.8316982	0.5552279	-0.8300263	0.5577243	0.1	0.2035558	0.9790633	0.202377	0.9793077	0.1	0.9816101	0.1908971	0.981589	0.1910054	0.1	32.2859	32.44197	0.1	42.34542	42.60942	0.1	32.59473	32.59514	0.1
13	-0.2460553	-11.98554	-14.29901	-14.11471	0.1	143.7603	143.6449	0.1	75.0923	75.01114	0.1	7.317833	7.291039	0.1	-0.8065512	0.5911642	-0.8053585	0.5927881	0.1	0.2572626	0.9663415	0.2586313	0.9659761	0.1	0.9918548	0.1273733	0.9919143	0.1269095	0.1	32.07726	32.16025	0.1	41.98791	41.97397	0.1	32.53424	32.58415	0.1
14	-0.3768206	-11.53084	-18.54177	-18.5863	0.1	140.1897	140.0253	0.1	70.6625	70.66251	0.1	2.244546	2.228314	0.1	-0.7681686	0.6402476	-0.7663277	0.6424499	0.1	0.331132	0.9435844	0.3311319	0.9435844	0.1	0.9992328	0.03916469	0.9992438	0.03888161	0.1	31.78826	31.82985	0.1	41.53485	41.56787	0.1	32.49171	32.67205	0.1
15	-0.5218523	-11.13478	-22.48533	-22.54587	0.1	136.8216	136.7202	0.1	66.50932	66.50728	0.1	-2.442563	-2.606226	0.1	-0.7292269	0.6842719	-0.7280149	0.6855612	0.1	0.3986	0.9171249	0.3986326	0.9171107	0.1	0.9990914	-0.04261786	0.9989656	-0.04547155	0.1	31.51102	31.51733	0.1	41.14111	40.97374	0.1	32.48949	32.56081	0.1
16	-0.704809	-10.7272	-26.69872	-26.60698	0.1	133.1898	133.2863	0.1	62.02859	62.00098	0.1	-7.441099	-7.403466	0.1	-0.6844169	0.7290909	-0.6856444	0.7279366	0.1	0.4690309	0.8831818	0.4694563	0.8829557	0.1	0.9915785	-0.1295069	0.9916634	-0.1288556	0.1	31.19745	31.34041	0.1	40.73725	40.80093	0.1	32.52473	32.791	0.1
17	-0.929533	-10.31232	-31.0288	-31.10335	0.1	129.4398	129.4544	0.1	57.36621	57.52632	0.1	-12.58973	-12.67774	0.1	-0.6352672	0.7722924	-0.6354638	0.7721307	0.1	0.5392676	0.8421345	0.5369121	0.8436382	0.1	0.9759558	-0.2179683	0.9756199	-0.2194672	0.1	30.84536	30.72951	0.1	40.32814	40.42143	0.1	32.60337	32.52102	0.1
18	-1.198694	-9.894691	-35.42782	-35.53008	0.1	125.612	125.8185	0.1	52.56423	52.62423	0.1	-17.83135	-17.77409	0.1	-0.5822935	0.8129787	-0.58522	0.8108746	0.1	0.6078717	0.7940353	0.6070397	0.7946715	0.1	0.951962	-0.3062162	0.9522675	-0.3052647	0.1	30.45357	30.49404	0.1	39.9192	39.62925	0.1	32.73016	32.72711	0.1
19	-1.514532	-9.479227	-39.95125	-40.04879	0.1	121.6426	121.6639	0.1	47.56203	47.58085	0.1	-23.21053	-23.21847	0.1	-0.5246196	0.8513368	-0.5249354	0.8511421	0.1	0.6747916	0.7380083	0.6745491	0.73823	0.1	0.9190629	-0.3941109	0.9190083	-0.3942381	0.1	30.02129	29.81801	0.1	39.51644	39.58037	0.1	32.90929	32.8836	0.1
20	-1.878991	-9.071744	-44.55972	-44.57591	0.1	117.5608	117.5685	0.1	42.39447	42.46651	0.1	-28.67505	-28.6808	0.1	-0.4626889	0.8865207	-0.4628087	0.8864582	0.1	0.7385204	0.6742312	0.7376721	0.6751592	0.1	0.8773552	-0.4798414	0.8773071	-0.4799296	0.1	29.54806	29.64307	0.1	39.12701	39.2117	0.1	33.14463	33.23684	0.1
21	-2.293122	-8.677461	-49.11182	-48.99057	0.1	113.4983	113.5252	0.1	37.20004	37.4055	0.1	-34.0712	-34.17944	0.1	-0.3987212	0.9170722	-0.3991532	0.9168842	0.1	0.7965295	0.6045997	0.7943563	0.6074521	0.1	0.828342	-0.5602227	0.8272822	-0.5617867	0.1	29.03394	29.10194	0.1	38.75773	38.76427	0.1	33.43866	33.29016	0.1
22	-2.756173	-8.300987	-53.4637	-53.48256	0.1	109.5907	109.6484	0.1	32.12282	32.08001	0.1	-39.24331	-39.27227	0.1	-0.3352992	0.9421117	-0.3362479	0.9417735	0.1	0.8469102	0.531736	0.8473073	0.531103	0.1	0.7744665	-0.6326149	0.7741466	-0.6330063	0.1	28.48039	28.3463	0.1	38.4149	38.45399	0.1	33.79161	33.75627	0.1
23	-3.266268	-7.945529	-57.53665	-57.50252	0.1	105.9109	105.9847	0.1	27.24396	27.25021	0.1	-44.10342	-44.09112	0.1	-0.2741421	0.9616892	-0.2753812	0.9613351	0.1	0.8890654	0.4577801	0.8890155	0.4578772	0.1	0.7180848	-0.6959557	0.7182342	-0.6958015	0.1	27.88949	28.03343	0.1	38.10352	38.13817	0.1	34.20199	34.10415	0.1
24	-3.821008	-7.613204	-61.28619	-61.45772	0.1	102.4987	102.3775	0.1	22.61183	22.59984	0.1	-48.6002	-48.56432	0.1	-0.216417	0.976301	-0.2143521	0.9767565	0.1	0.9231309	0.3844859	0.9232113	0.3842928	0.1	0.6613093	-0.7501134	0.6617788	-0.7496991	0.1	27.26354	27.32067	0.1	37.82753	37.78163	0.1	34.6673	34.74489	0.1
25	-4.417743	-7.304996	-64.67902	-64.52427	0.1	99.38432	99.25471	0.1	18.26459	18.16602	0.1	-52.6961	-52.84723	0.1	-0.1630561	0.9866168	-0.1608238	0.9869831	0.1	0.9496194	0.3134057	0.9501572	0.3117714	0.1	0.6060425	-0.7954323	0.6039424	-0.797028	0.1	26.60479	26.58496	0.1	37.58971	37.53111	0.1	35.18443	35.31029	0.1
26	-5.053836	-7.020726	-67.67683	-67.62096	0.1	96.60471	96.50794	0.1	14.24593	14.12245	0.1	-56.35125	-56.41895	0.1	-0.1150188	0.9933633	-0.113341	0.9935561	0.1	0.9692484	0.2460844	0.9697765	0.2439951	0.1	0.5541001	-0.83245	0.553116	-0.8331043	0.1	25.91528	26.03514	0.1	37.39167	37.39804	0.1	35.74999	35.55814	0.1
27	-5.865265	-6.709213	-70.69627	-70.67953	0.1	93.76833	93.70147	0.1	9.921805	9.965806	0.1	-60.10058	-60.23883	0.1	-0.06572231	0.997838	-0.06455797	0.997914	0.1	0.9850438	0.172304	0.9849112	0.1730604	0.1	0.4984789	-0.8669018	0.4963857	-0.8681021	0.1	25.04993	24.99645	0.1	37.20691	37.118	0.1	36.4874	36.35524	0.1
28	-6.578398	-6.471171	-72.69362	-72.687	0.1	91.8614	91.79662	0.1	6.77775	6.691345	0.1	-62.6611	-62.71061	0.1	-0.03248184	0.9994723	-0.03135172	0.9995084	0.1	0.9930114	0.1180183	0.9931883	0.1165207	0.1	0.4592528	-0.8883056	0.458485	-0.8887022	0.1	24.29913	24.38156	0.1	37.09573	37.23937	0.1	37.1464	37.21127	0.1
29	-7.322639	-6.248351	-74.17396	-74.37814	0.1	90.42143	90.55536	0.1	4.101789	4.04085	0.1	-64.66994	-64.84232	0.1	-0.00735531	0.9999729	-0.00969268	0.999953	0.1	0.9974385	0.07152859	0.9975141	0.07046768	0.1	0.427832	-0.9038582	0.4251108	-0.9051414	0.1	23.52243	23.69764	0.1	37.02071	36.9429	0.1	37.84206	37.91616	0.1
30	-8.095656	-6.035366	-75.10721	-75.10513	0.1	89.48816	89.46706	0.1	1.928641	1.913149	0.1	-66.10485	-66.17795	0.1	0.008933143	0.9999601	0.009301365	0.9999567	0.1	0.9994335	0.03365478	0.9994426	0.03338454	0.1	0.4050642	-0.9142883	0.4038974	-0.9148043	0.1	22.7206	22.7556	0.1	36.97791	37.30304	0.1	38.57077	38.44464	0.1
31	-8.895466	-5.825491	-75.45594	-75.39865	0.1	89.11295	89.08295	0.1	0.2993615	0.2900037	0.1	-66.9379	-67.05783	0.1	0.01548141	0.9998801	0.01600491	0.9998719	0.1	0.9999864	0.00522482	0.9999872	0.005061498	0.1	0.3917286	-0.9200808	0.3898018	-0.9208988	0.1	21.89378	21.77273	0.1	36.96206	36.92476	0.1	39.3293	39.32635	0.1
32	-9.719867	-5.610687	-75.17896	-75.27394	0.1	89.35645	89.38157	0.1	-0.7449358	-0.7911045	0.1	-67.13876	-67.33648	0.1	0.01123186	0.9999369	0.01079343	0.9999418	0.1	0.9999155	-0.01300122	0.9999047	-0.01380694	0.1	0.3885007	-0.9214484	0.3853186	-0.9227836	0.1	21.04195	21.06563	0.1	36.96654	37.0331	0.1	40.11418	40.06488	0.1
33	-10.5663	-5.381586	-74.23298	-74.22591	0.1	90.28854	90.2656	0.1	-1.157413	-1.40967	0.1	-66.67616	-66.60579	0.1	-0.0050359	0.9999873	-0.004635599	0.9999893	0.1	0.999796	-0.0201993	0.9996973	-0.0246009	0.1	0.3959277	-0.9182817	0.3970551	-0.9177948	0.1	20.16507	20.07783	0.1	36.98337	36.96225	0.1	40.92171	40.70765	0.1
34	-11.43155	-5.127375	-72.59969	-72.58307	0.1	91.96369	92.17713	0.1	-0.9204736	-0.8960084	0.1	-65.5449	-65.53979	0.1	-0.03426624	0.9994127	-0.03798898	0.9992782	0.1	0.999871	-0.0160646	0.9998778	-0.01563766	0.1	0.41398	-0.9102859	0.4140611	-0.9102491	0.1	19.26336	19.27093	0.1	37.00304	36.97439	0.1	41.74762	41.68793	0.1
35	-12.31175	-4.837266	-70.41222	-70.54462	0.1	94.29287	94.3406	0.1	-0.166689	-0.01200751	0.1	-63.89023	-63.59429	0.1	-0.07485467	0.9971945	-0.07568534	0.9971318	0.1	0.9999958	-0.002909268	1	-0.0002095706	0.1	0.4400923	-0.8979526	0.4447245	-0.8956674	0.1	18.33776	18.344	0.1	37.01593	37.06084	0.1	42.58736	42.67207	0.1
36	-13.20267	-4.502483	-67.85443	-67.86668	0.1	97.1403	96.95996	0.1	0.916639	0.8633265	0.1	-61.90468	-61.7529	0.1	-0.1242996	0.9922447	-0.1211758	0.9926311	0.1	0.999872	0.01599769	0.9998865	0.01506732	0.1	0.4709398	-0.8821654	0.4732751	-0.8809147	0.1	17.3903	17.34745	0.1	37.01423	37.04251	0.1	43.43666	43.49188	0.1
37	-14.28036	-4.033878	-64.66424	-64.73071	0.1	100.9434	100.92	0.1	2.287644	2.262274	0.1	-59.45905	-59.45065	0.1	-0.1898394	0.9818152	-0.1894377	0.9818928	0.1	0.999203	0.03991632	0.9992206	0.03947387	0.1	0.5081542	-0.8612661	0.5082803	-0.8611917	0.1	16.22896	16.31828	0.1	36.98629	36.96894	0.1	44.46373	44.35602	0.1
38	-15.17615	-3.5909	-62.28796	-62.38025	0.1	104.0951	104.1704	0.1	3.116213	3.21173	0.1	-57.74327	-57.80059	0.1	-0.2435326	0.9698927	-0.2448061	0.9695721	0.1	0.9985213	0.05436137	0.9984293	0.05602592	0.1	0.5337139	-0.8456651	0.5328676	-0.8461986	0.1	15.25258	15.10064	0.1	36.94285	36.87108	0.1	45.31864	45.33633	0.1
39	-16.05446	-3.112931	-60.24796	-60.38065	0.1	107.1687	107.0157	0.1	3.60652	3.556791	0.1	-56.38109	-56.34094	0.1	-0.2951868	0.9554396	-0.2926345	0.9562244	0.1	0.9980196	0.0629041	0.9980738	0.06203785	0.1	0.5536664	-0.8327386	0.5542498	-0.8323504	0.1	14.28875	14.4669	0.1	36.88731	37.08312	0.1	46.15955	46.00575	0.1
40	-16.9164	-2.605994	-58.54097	-58.62635	0.1	110.1943	109.9662	0.1	3.761975	3.885234	0.1	-55.36171	-55.28245	0.1	-0.3452043	0.9385275	-0.3414652	0.9398944	0.1	0.9978452	0.06561168	0.9977018	0.06775818	0.1	0.5683936	-0.8227567	0.5695314	-0.8219696	0.1	13.34061	13.36664	0.1	36.82557	36.75378	0.1	46.98872	46.94775	0.1
41	-17.76398	-2.07537	-57.07036	-56.92149	0.1	113.3032	113.3287	0.1	3.678392	3.832891	0.1	-54.58239	-54.67811	0.1	-0.3955974	0.9184241	-0.396006	0.9182479	0.1	0.9979399	0.06415596	0.9977633	0.0668467	0.1	0.5795316	-0.8149498	0.5781694	-0.8159168	0.1	12.41078	12.38666	0.1	36.76321	36.78853	0.1	47.80904	47.74984	0.1
42	-18.59729	-1.522626	-55.44616	-55.35508	0.1	116.948	116.8472	0.1	3.745752	3.76532	0.1	-53.65158	-53.93392	0.1	-0.4531819	0.891418	-0.4516125	0.8922142	0.1	0.9978638	0.06532915	0.9978414	0.06566995	0.1	0.592694	-0.8054277	0.5887179	-0.8083386	0.1	11.50392	11.67037	0.1	36.70169	36.59442	0.1	48.62114	48.63876	0.1
43	-19.41319	-0.944508	-53.42776	-53.31273	0.1	121.4741	121.5537	0.1	4.204958	4.202247	0.1	-52.33271	-52.2923	0.1	-0.5221126	0.8528765	-0.523298	0.8521498	0.1	0.9973081	0.07332451	0.9973116	0.07327731	0.1	0.6110752	-0.7915726	0.6116334	-0.7911413	0.1	10.62886	10.64844	0.1	36.63659	36.53631	0.1	49.42221	49.31675	0.1
44	-20.20575	-0.3348492	-50.79496	-50.58832	0.1	127.247	127.3902	0.1	5.276966	5.215221	0.1	-50.41283	-50.48049	0.1	-0.6052517	0.7960342	-0.60724	0.7945185	0.1	0.9957618	0.09197028	0.9958603	0.09089715	0.1	0.6372514	-0.770656	0.6363409	-0.771408	0.1	9.799973	9.737284	0.1	36.55951	36.403	0.1	50.20687	50.20116	0.1
45	-20.96614	0.3144059	-47.43075	-47.31952	0.1	134.5625	134.4139	0.1	7.079975	7.146967	0.1	-47.7842	-47.86688	0.1	-0.701687	0.7124853	-0.6998367	0.7143029	0.1	0.9923751	0.1232546	0.9922303	0.1244149	0.1	0.6719248	-0.7406194	0.6708553	-0.7415882	0.1	9.039325	9.175747	0.1	36.45875	36.31517	0.1	50.96711	50.93586	0.1
46	-21.6835	1.010833	-43.32255	-43.411	0.1	143.6075	143.6116	0.1	9.628841	9.571068	0.1	-44.443	-44.2841	0.1	-0.8049715	0.5933135	-0.8050135	0.5932565	0.1	0.985912	0.1672651	0.9860801	0.1662708	0.1	0.7139474	-0.7001994	0.7158865	-0.6982167	0.1	8.377709	8.450027	0.1	36.32161	36.41132	0.1	51.69338	51.6216	0.1
47	-22.34511	1.760306	-38.45955	-38.5001	0.1	154.491	154.4894	0.1	12.93843	13.06123	0.1	-40.38561	-40.26303	0.1	-0.9025173	0.4306536	-0.9025057	0.4306779	0.1	0.9746112	0.2239039	0.9741291	0.2259921	0.1	0.761701	-0.6479287	0.7630855	-0.6462976	0.1	7.854683	7.955371	0.1	36.13533	36.29756	0.1	52.3747	52.38069	0.1
48	-22.93681	2.566007	-32.92875	-32.96925	0.1	167.037	166.993	0.1	16.92821	16.9284	0.1	-35.70387	-35.57813	0.1	-0.974515	0.2243222	-0.9743425	0.2250705	0.1	0.9566703	0.2911732	0.9566693	0.2911765	0.1	0.8120441	-0.5835961	0.8133229	-0.5818126	0.1	7.514855	7.380785	0.1	35.88783	35.79048	0.1	52.99896	53.03147	0.1
49	-23.44497	3.426762	-26.92634	-26.84727	0.1	-179.3271	-179.1447	0.1	21.41085	21.45015	0.1	-30.59498	-30.61806	0.1	-0.999931	-0.01174366	-0.9998886	-0.01492746	0.1	0.9309867	0.3650531	0.9307361	0.3656917	0.1	0.8607866	-0.508966	0.8605815	-0.5093127	0.1	7.396692	7.414035	0.1	35.56996	35.51031	0.1	53.55472	53.80176	0.1
50	-23.92919	4.523822	-19.43354	-19.48748	0.1	-162.7409	-162.705	0.1	27.12189	27.14236	0.1	-24.22855	-24.19374	0.1	-0.954973	-0.2966929	-0.9547867	-0.2972916	0.1	0.8900387	0.4558851	0.8898757	0.456203	0.1	0.9119158	-0.4103774	0.9121649	-0.4098234	0.1	7.570974	7.686121	0.1	35.08922	35.0701	0.1	54.1186	54.20018	0.1
51	-24.22105	5.479808	-13.35854	-13.41346	0.1	-149.8805	-149.7679	0.1	31.75751	31.72604	0.1	-19.1295	-19.1665	0.1	-0.8649808	-0.501805	-0.8639932	-0.5035036	0.1	0.8502833	0.5263253	0.8505722	0.5258583	0.1	0.9447803	-0.3277045	0.9445685	-0.3283145	0.1	7.963953	8.031187	0.1	34.60676	34.54784	0.1	54.49726	54.44643	0.1
52	-24.41224	6.460942	-7.542153	-7.593841	0.1	-138.3971	-138.4174	0.1	36.18107	36.18466	0.1	-14.31378	-14.17559	0.1	-0.7477645	-0.663964	-0.7479994	-0.6636994	0.1	0.8071554	0.5903391	0.8071184	0.5903895	0.1	0.9689563	-0.2472321	0.9695498	-0.2448944	0.1	8.542059	8.502748	0.1	34.05657	33.9539	0.1	54.79449	54.80919	0.1
53	-24.50259	7.456425	-1.599733	-1.66515	0.1	-128	-128.0715	0.1	40.78382	40.62948	0.1	-9.389921	-9.371056	0.1	-0.6156622	-0.7880102	-0.6166451	-0.7872413	0.1	0.7571796	0.6532068	0.7589364	0.6511648	0.1	0.9866009	-0.1631524	0.9866545	-0.1628276	0.1	9.263896	9.170171	0.1	33.44295	33.48815	0.1	55.01028	54.92101	0.1
54	-24.48715	8.455829	4.708649	4.715173	0.1	-118.3941	-118.5484	0.1	45.81944	45.78206	0.1	-4.112708	-4.083713	0.1	-0.4755328	-0.879698	-0.4779007	-0.8784139	0.1	0.6969218	0.7171472	0.6973895	0.7166923	0.1	0.9974249	-0.07171868	0.9974611	-0.07121391	0.1	10.09418	10.11422	0.1	32.76594	32.70581	0.1	55.13937	55.15919	0.1
55	-24.35822	9.446909	11.60748	11.72592	0.1	-109.2386	-109.3233	0.1	51.53389	51.60924	0.1	1.748428	1.654613	0.1	-0.3295024	-0.9441547	-0.3308977	-0.9436666	0.1	0.6220517	0.7829762	0.6210213	0.7837937	0.1	0.9995344	0.0305111	0.9995831	0.02887444	0.1	11.00336	10.9351	0.1	32.02398	31.76142	0.1	55.173	55.10728	0.1
56	-24.10631	10.41394	19.23951	19.30059	0.1	-100.2679	-100.4173	0.1	58.10144	58.18982	0.1	8.344873	8.316213	0.1	-0.1782503	-0.9839852	-0.1808154	-0.9835171	0.1	0.528417	0.848985	0.5271068	0.8497991	0.1	0.9894124	0.1451311	0.9894849	0.1446362	0.1	11.96603	12.08096	0.1	31.21555	31.3475	0.1	55.09939	54.96343	0.1
57	-23.72359	11.33691	27.56874	27.6038	0.1	-91.40132	-91.32342	0.1	65.52697	65.50222	0.1	15.65284	15.64564	0.1	-0.0244553	-0.9997009	-0.02309598	-0.9997333	0.1	0.4142649	0.9101564	0.4146579	0.9099774	0.1	0.9629142	0.2698079	0.962948	0.269687	0.1	12.95834	12.96524	0.1	30.34221	30.39835	0.1	54.90674	55.02719	0.1
58	-23.20797	12.19262	36.40315	36.28703	0.1	-82.71729	-82.80802	0.1	73.66486	73.70611	0.1	23.49664	23.52476	0.1	0.1267652	-0.9919327	0.1251943	-0.9921322	0.1	0.2812553	0.959633	0.2805644	0.9598352	0.1	0.9170834	0.3986953	0.9168876	0.3991454	0.1	13.95678	13.98871	0.1	29.4115	29.38355	0.1	54.58707	54.42279	0.1
59	-22.56538	12.95751	45.51416	45.3508	0.1	-74.33173	-74.54369	0.1	82.33321	82.34446	0.1	31.66666	31.5533	0.1	0.2700673	-0.9628415	0.2665034	-0.963834	0.1	0.1334116	0.9910607	0.1332172	0.9910869	0.1	0.8511167	0.5249765	0.8521538	0.5232915	0.1	14.9389	14.85684	0.1	28.43781	28.50252	0.1	54.13886	53.9437	0.1
60	-21.8095	13.61068	54.59456	54.69306	0.1	-66.4437	-66.38705	0.1	91.26768	91.14925	0.1	39.87521	39.86495	0.1	0.39965	-0.9166678	0.4005562	-0.9162722	0.1	-0.02212348	0.9997553	-0.02005685	0.9997988	0.1	0.7674426	0.6411176	0.7675574	0.6409802	0.1	15.88505	15.96574	0.1	27.44136	27.52894	0.1	53.56748	53.57639	0.1
61	-20.96111	14.13826	63.35218	63.43062	0.1	-59.23948	-59.44498	0.1	100.2063	100.3674	0.1	47.84645	47.84853	0.1	0.5114509	-0.8593125	0.5083655	-0.8611414	0.1	-0.1771934	0.984176	-0.1799592	0.983674	0.1	0.6711198	0.7413489	0.6710929	0.7413733	0.1	16.7807	16.69414	0.1	26.44593	26.43527	0.1	52.88596	53.04808	0.1
62	-19.85301	14.59479	73.5402	73.53433	0.1	-51.26867	-51.12578	0.1	111.0725	111.107	0.1	57.22247	57.20531	0.1	0.6256693	-0.7800884	0.6276128	-0.7785256	0.1	-0.3595498	0.9331259	-0.3601107	0.9329096	0.1	0.5413786	0.8407789	0.5416302	0.8406169	0.1	17.77553	17.83727	0.1	25.28722	25.28559	0.1	51.94545	52.03069	0.1
63	-18.87995	14.82168	81.81121	81.9116	0.1	-45.06807	-45.11095	0.1	120.3139	120.2527	0.1	64.94253	64.91051	0.1	0.7062662	-0.7079463	0.7057362	-0.7084747	0.1	-0.5047363	0.8632736	-0.5038154	0.8638114	0.1	0.4235271	0.9058834	0.4240333	0.9056466	0.1	18.52938	18.56411	0.1	24.38085	24.16547	0.1	51.07771	51.1412	0.1
64	-17.88453	14.90902	89.63937	89.63571	0.1	-39.45887	-39.41909	0.1	129.4833	129.388	0.1	72.34521	72.25996	0.1	0.772081	-0.6355241	0.7725221	-0.6349879	0.1	-0.6358534	0.7718098	-0.6345687	0.7728665	0.1	0.3032813	0.9529011	0.3046986	0.9524488	0.1	19.21102	19.27298	0.1	23.55394	23.59526	0.1	50.15184	50.11567	0.1
65	-16.88618	14.86415	96.82799	96.72895	0.1	-34.59219	-34.54396	0.1	138.3642	138.4324	0.1	79.238	78.94694	0.1	0.8232138	-0.5677315	0.8236914	-0.5670384	0.1	-0.7473832	0.6643932	-0.7481739	0.6635027	0.1	0.1867298	0.9824113	0.191718	0.9814501	0.1	19.82209	19.59295	0.1	22.82611	22.72938	0.1	49.18595	49.07972	0.1
66	-15.90033	14.6997	103.2858	103.305	0.1	-30.52068	-30.52525	0.1	146.8263	146.7674	0.1	85.52795	85.56286	0.1	0.8614459	-0.5078493	0.8614054	-0.5079179	0.1	-0.8370154	0.5471793	-0.836453	0.5480388	0.1	0.07797266	0.9969555	0.07736534	0.9970028	0.1	20.36865	20.65938	0.1	22.2108	22.04268	0.1	48.19669	48.13641	0.1
67	-14.93772	14.43033	109.0086	108.9171	0.1	-27.21891	-27.33661	0.1	154.8145	154.8876	0.1	91.20583	91.21665	0.1	0.8892655	-0.4573914	0.888324	-0.4592173	0.1	-0.904935	0.4255498	-0.9054767	0.4243959	0.1	-0.02104429	0.9997786	-0.02123308	0.9997746	0.1	20.85921	21.05282	0.1	21.71555	21.56905	0.1	47.1978	47.10558	0.1
68	-14.00479	14.07112	113.9844	113.9834	0.1	-24.67722	-24.60107	0.1	162.259	162.1912	0.1	96.25203	96.14633	0.1	0.9086742	-0.4175059	0.9092283	-0.4162977	0.1	-0.9524435	0.3047152	-0.9520826	0.3058408	0.1	-0.1089021	0.9940525	-0.1070681	0.9942517	0.1	21.3036	21.34062	0.1	21.34257	21.28627	0.1	46.19976	46.1701	0.1
69	-13.10417	13.63703	118.2066	118.204	0.1	-22.88556	-22.94696	0.1	169.0933	169.0445	0.1	100.6506	100.8668	0.1	0.9212835	-0.3888917	0.9208662	-0.3898788	0.1	-0.9819365	0.1892107	-0.9817752	0.1900462	0.1	-0.1848195	0.9827725	-0.1885264	0.9820681	0.1	21.71261	21.6199	0.1	21.08905	20.98671	0.1	45.20993	45.25914	0.1
70	-12.2353	13.1423	121.6854	121.6457	0.1	-21.82063	-21.95847	0.1	175.2706	175.2956	0.1	104.4009	104.4111	0.1	0.9283521	-0.3717021	0.9274551	-0.3739345	0.1	-0.9965951	0.08245053	-0.9966311	0.08201452	0.1	-0.2487049	0.9685793	-0.2488778	0.9685349	0.1	22.09761	22.1011	0.1	20.948	21.06591	0.1	44.2328	44.1776	0.1
71	-11.39517	12.6001	124.413	124.2689	0.1	-21.47922	-21.42816	0.1	-179.2662	-179.3913	0.1	107.4835	107.5345	0.1	0.9305505	-0.3661637	0.9308764	-0.3653343	0.1	-0.999918	-0.01280693	-0.9999436	-0.01062412	0.1	-0.3004311	0.9538035	-0.30128	0.9535357	0.1	22.47003	22.39689	0.1	20.90943	20.99712	0.1	43.27034	43.30101	0.1
72	-10.57871	12.02278	126.3918	126.4233	0.1	-21.84858	-21.90929	0.1	-174.5541	-174.2859	0.1	109.8881	109.8243	0.1	0.9281706	-0.372155	0.9277758	-0.3731382	0.1	-0.9954863	-0.09490553	-0.9950311	-0.09956516	0.1	-0.3401845	0.9403587	-0.3391378	0.9407367	0.1	22.8415	22.89154	0.1	20.96094	21.05734	0.1	42.32232	42.32522	0.1
73	-9.77954	11.42171	127.6338	127.5913	0.1	-22.90589	-22.90938	0.1	-170.6092	-170.5156	0.1	111.6137	111.7212	0.1	0.9211454	-0.3892187	0.9211217	-0.3892747	0.1	-0.9865985	-0.163167	-0.9863306	-0.1647785	0.1	-0.3683462	0.9296887	-0.3700912	0.9289954	0.1	23.22332	23.1718	0.1	21.08895	21.06192	0.1	41.3868	41.52203	0.1
74	-8.990415	10.80749	128.1425	128.3499	0.1	-24.63584	-24.59855	0.1	-167.4451	-167.4734	0.1	112.6501	112.8062	0.1	0.9089755	-0.4168495	0.9092466	-0.4162579	0.1	-0.9760882	-0.2173749	-0.9761953	-0.2168931	0.1	-0.3851018	0.9228741	-0.3876148	0.9218214	0.1	23.62635	23.653	0.1	21.27948	21.13877	0.1	40.46053	40.27864	0.1
75	-8.045776	10.06745	127.7736	127.821	0.1	-27.59189	-27.70101	0.1	-164.7006	-164.8529	0.1	112.952	112.7963	0.1	0.8862692	-0.4631706	0.8853854	-0.4648577	0.1	-0.96456	-0.2638634	-0.9652582	-0.2612979	0.1	-0.3899595	0.920832	-0.3874564	0.9218881	0.1	24.15246	24.30762	0.1	21.5708	21.51665	0.1	39.35524	39.39923	0.1
76	-7.251221	9.460284	126.6575	126.7487	0.1	-30.76206	-30.87121	0.1	-163.2818	-163.3253	0.1	112.408	112.3451	0.1	0.8592988	-0.511474	0.8583229	-0.51311	0.1	-0.9577312	-0.2876644	-0.9579496	-0.2869366	0.1	-0.3811992	0.924493	-0.380184	0.9249108	0.1	24.63745	24.78125	0.1	21.8495	21.75293	0.1	38.43372	38.37632	0.1
77	-6.441943	8.872924	124.7921	124.8414	0.1	-34.56948	-34.61628	0.1	-162.66	-162.8055	0.1	111.1079	111.1194	0.1	0.8234388	-0.5674052	0.822975	-0.5680776	0.1	-0.9545531	-0.2980409	-0.955307	-0.2956155	0.1	-0.3601262	0.9329036	-0.3603129	0.9328315	0.1	25.17361	25.27433	0.1	22.14653	22.05272	0.1	37.50659	37.46699	0.1
78	-5.611089	8.316573	122.182	122.0035	0.1	-38.98867	-39.03074	0.1	-162.8205	-162.7127	0.1	109.0369	109.0254	0.1	0.7772704	-0.6291667	0.7768083	-0.6297372	0.1	-0.955384	-0.2953666	-0.9548268	-0.297163	0.1	-0.3261764	0.9453089	-0.325987	0.9453743	0.1	25.76789	25.94779	0.1	22.4486	22.39189	0.1	36.56932	36.69673	0.1
79	-4.753113	7.803141	118.8196	118.8546	0.1	-44.00538	-44.00948	0.1	-163.7595	-163.6056	0.1	106.1648	106.1641	0.1	0.7192746	-0.6947259	0.7192248	-0.6947774	0.1	-0.9600964	-0.2796692	-0.9593414	-0.2822482	0.1	-0.278402	0.9604647	-0.2783896	0.9604682	0.1	26.42526	26.26677	0.1	22.74278	22.76596	0.1	35.61836	35.58282	0.1
80	-3.864159	7.345577	114.712	114.7157	0.1	-49.58974	-49.63475	0.1	-165.4585	-165.3227	0.1	102.4734	102.4901	0.1	0.6482562	-0.7614223	0.6476578	-0.7619313	0.1	-0.9679662	-0.2510806	-0.9673684	-0.2533741	0.1	-0.215987	0.9763963	-0.2162704	0.9763335	0.1	27.14848	27.10108	0.1	23.01609	23.01818	0.1	34.65168	34.74688	0.1
81	-2.942779	6.95763	109.8653	109.8952	0.1	-55.71383	-55.60622	0.1	-167.9014	-167.9267	0.1	97.93947	97.93135	0.1	0.5633265	-0.8262343	0.5648773	-0.8251749	0.1	-0.9777885	-0.2095939	-0.9778808	-0.2091628	0.1	-0.1381268	0.9904146	-0.1379866	0.9904341	0.1	27.93746	27.89773	0.1	23.25571	23.25877	0.1	33.6695	33.55844	0.1
82	-1.990435	6.653817	104.2865	104.2436	0.1	-62.3503	-62.3681	0.1	-171.0735	-171.1159	0.1	92.53683	92.54823	0.1	0.4640645	-0.8858014	0.4637894	-0.8859455	0.1	-0.9878883	-0.1551665	-0.9880028	-0.1544361	0.1	-0.0442617	0.99902	-0.04446034	0.9990112	0.1	28.78904	28.89575	0.1	23.44872	23.38202	0.1	32.67509	32.71222	0.1
83	-1.012091	6.449144	97.96307	97.97272	0.1	-69.49421	-69.32853	0.1	-174.9832	-175.0806	0.1	86.21552	86.19904	0.1	0.350302	-0.9366368	0.353009	-0.93562	0.1	-0.9961691	-0.0874473	-0.9963163	-0.08575471	0.1	0.06600366	0.9978194	0.06629056	0.9978004	0.1	29.69664	29.66899	0.1	23.58203	23.60251	0.1	31.67556	31.68396	0.1
84	-0.01679282	6.358637	90.89927	91.04332	0.1	-77.12723	-77.10522	0.1	-179.6268	-179.5011	0.1	78.93877	78.96451	0.1	0.2227869	-0.9748672	0.2231613	-0.9747815	0.1	-0.9999788	-0.006514177	-0.9999621	-0.008707564	0.1	0.1918578	0.9814227	0.1914171	0.9815088	0.1	30.65004	30.67305	0.1	23.64236	23.5362	0.1	30.6829	30.61777	0.1
85	0.9817848	6.396121	83.1623	83.0955	0.1	-85.17299	-85.10767	0.1	175.0593	175.0891	0.1	70.73206	70.7717	0.1	0.08414757	-0.9964533	0.08528347	-0.9963567	0.1	-0.9962844	0.08612455	-0.9963291	0.08560601	0.1	0.3299861	0.9439858	0.329333	0.9442138	0.1	31.63513	31.71279	0.1	23.61682	23.59473	0.1	29.71476	29.72994	0.1
86	1.965514	6.571192	74.95615	74.79745	0.1	-93.42731	-93.35686	0.1	169.2656	169.2246	0.1	61.76437	61.75539	0.1	-0.05978217	-0.9982114	-0.0585548	-0.9982842	0.1	-0.9825012	0.1862561	-0.9823678	0.1869588	0.1	0.4730987	0.8810094	0.4732367	0.8809353	0.1	32.63395	32.76168	0.1	23.49524	23.31983	0.1	28.79432	28.73585	0.1
87	3.096904	6.966543	64.80302	64.73312	0.1	-103.3104	-103.2152	0.1	161.9714	161.8964	0.1	50.28519	50.31415	0.1	-0.2302257	-0.9731373	-0.2286088	-0.9735184	0.1	-0.9509023	0.3094911	-0.950496	0.3107367	0.1	0.6389666	0.7692345	0.6385777	0.7695574	0.1	33.82215	33.94136	0.1	23.21491	23.14201	0.1	27.79045	27.7207	0.1
88	3.974633	7.443933	56.50803	56.42374	0.1	-111.1336	-111.0264	0.1	156.0081	155.8593	0.1	40.54612	40.31144	0.1	-0.3605438	-0.9327423	-0.3587976	-0.9334154	0.1	-0.9136031	0.4066072	-0.9125438	0.408979	0.1	0.7598829	0.6500599	0.7625391	0.6469421	0.1	34.78057	34.63983	0.1	22.86972	22.89137	0.1	27.06902	27.16684	0.1
89	4.775725	8.041169	48.54001	48.42722	0.1	-118.4403	-118.3439	0.1	150.3107	150.1951	0.1	30.85841	30.73605	0.1	-0.4762435	-0.8793135	-0.4747623	-0.8801141	0.1	-0.8687243	0.495296	-0.8677234	0.4970474	0.1	0.8584374	0.5129183	0.8595309	0.5110838	0.1	35.6933	35.78909	0.1	22.43051	22.51205	0.1	26.47498	26.38225	0.1
90	5.48794	8.742106	40.90018	40.92943	0.1	-125.2611	-125.2581	0.1	144.8691	144.7022	0.1	21.27165	21.17357	0.1	-0.5773035	-0.8165296	-0.5772607	-0.8165599	0.1	-0.8178396	0.5754463	-0.8161601	0.5778258	0.1	0.9318709	0.3627901	0.9324905	0.3611945	0.1	36.54885	36.65038	0.1	21.90571	21.974	0.1	26.02433	26.18425	0.1
91	6.102541	9.530113	33.59701	33.56188	0.1	-131.6157	-131.5468	0.1	139.6821	139.5706	0.1	11.85531	11.68573	0.1	-0.6641316	-0.7476157	-0.663231	-0.7484148	0.1	-0.7624657	0.6470286	-0.7612063	0.6485099	0.1	0.9786695	0.2054409	0.9792733	0.2025435	0.1	37.33921	37.26375	0.1	21.3039	21.39564	0.1	25.72764	25.67309	0.1
92	6.614002	10.38872	26.62322	26.51682	0.1	-137.5362	-137.6397	0.1	134.7339	134.7934	0.1	2.671151	2.629114	0.1	-0.737704	-0.6751242	-0.7389228	-0.6737902	0.1	-0.7038154	0.7103829	-0.7045527	0.7096517	0.1	0.9989135	0.0466035	0.9989474	0.0458706	0.1	38.05931	38.07643	0.1	20.6335	20.59195	0.1	25.58965	25.67376	0.1
93	7.019473	11.30223	19.92843	19.76526	0.1	-143.0939	-143.1204	0.1	129.9664	129.9064	0.1	-6.260372	-6.145873	0.1	-0.7996204	-0.6005058	-0.7998987	-0.6001351	0.1	-0.6423388	0.7664208	-0.6415353	0.7670935	0.1	0.9940366	-0.1090468	0.9942526	-0.1070601	0.1	38.70636	38.80074	0.1	19.90255	19.93257	0.1	25.60947	25.69762	0.1
94	7.316548	12.25654	13.38543	13.28773	0.1	-148.4319	-148.3852	0.1	125.2402	125.2691	0.1	-14.99822	-15.08381	0.1	-0.8520187	-0.5235113	-0.8515913	-0.5242062	0.1	-0.5770052	0.8167405	-0.577418	0.8164487	0.1	0.9659339	-0.2587891	0.9655462	-0.2602317	0.1	39.27782	39.26077	0.1	19.11742	19.07074	0.1	25.78297	25.78119	0.1
95	7.505122	13.23811	7.203641	7.115692	0.1	-153.3549	-153.3129	0.1	120.7521	120.6574	0.1	-23.27292	-23.37657	0.1	-0.8938019	-0.4484621	-0.8934727	-0.4491175	0.1	-0.511324	0.859388	-0.5099036	0.8602315	0.1	0.9186332	-0.3951114	0.917917	-0.3967726	0.1	39.77288	39.82994	0.1	18.28457	18.27733	0.1	26.1011	26.02612	0.1
96	7.590616	14.23406	1.595446	1.496889	0.1	-157.6649	-157.6377	0.1	116.7113	116.827	0.1	-30.82755	-30.79116	0.1	-0.9249769	-0.3800233	-0.9247963	-0.3804625	0.1	-0.4494951	0.8932828	-0.4512989	0.8923728	0.1	0.8587136	-0.5124559	0.8590389	-0.5119103	0.1	40.1953	40.36095	0.1	17.41224	17.40211	0.1	26.54786	26.63962	0.1
97	7.583364	15.23373	-3.283722	-3.194912	0.1	-161.2195	-161.2645	0.1	113.282	113.2941	0.1	-37.4827	-37.30496	0.1	-0.9467588	-0.3219438	-0.9470114	-0.3211999	0.1	-0.3952573	0.9185705	-0.3954502	0.9184874	0.1	0.7935371	-0.6085219	0.795421	-0.6060573	0.1	40.55337	40.5512	0.1	16.50929	16.53874	0.1	27.10299	27.16998	0.1
98	7.496342	16.22972	-7.406952	-7.096619	0.1	-164.0023	-163.8408	0.1	110.5105	110.4987	0.1	-43.20623	-43.25492	0.1	-0.9612728	-0.2755986	-0.9604923	-0.2783067	0.1	-0.3503782	0.9366083	-0.350187	0.9366798	0.1	0.7288942	-0.6846264	0.7283121	-0.6852455	0.1	40.85804	40.75642	0.1	15.58387	15.42626	0.1	27.7456	27.76637	0.1
99	7.305695	17.41424	-11.36815	-11.50766	0.1	-166.345	-166.2949	0.1	108.0801	108.0262	0.1	-48.8686	-48.86492	0.1	-0.971735	-0.2360744	-0.9715279	-0.2369251	0.1	-0.310347	0.9506233	-0.3094527	0.9509149	0.1	0.6577881	-0.753203	0.6578365	-0.7531608	0.1	41.17002	41.23117	0.1	14.45311	14.51043	0.1	28.60572	28.5995	0.1
100	7.09058	18.39074	-13.85755	-13.90066	0.1	-167.4838	-167.5961	0.1	106.8334	106.7484	0.1	-52.61362	-52.5617	0.1	-0.9762349	-0.2167151	-0.9766578	-0.2148012	0.1	-0.289589	0.9571511	-0.2881693	0.9575795	0.1	0.607187	-0.794559	0.6079068	-0.7940084	0.1	41.39964	41.28732	0.1	13.50018	13.37351	0.1	29.3779	29.4646	0.1
101	6.838271	19.35835	-15.60175	-15.52258	0.1	-167.88	-168.0177	0.1	106.3542	106.4419	0.1	-55.4903	-55.52268	0.1	-0.9777101	-0.2099594	-0.9782118	-0.2076094	0.1	-0.2815748	0.9595393	-0.2830429	0.9591072	0.1	0.5665457	-0.8240303	0.5660799	-0.8243504	0.1	41.61495	41.64862	0.1	12.54238	12.47668	0.1	30.18628	30.06112	0.1
102	6.561679	20.31932	-16.58934	-16.70302	0.1	-167.526	-167.5261	0.1	106.7217	106.7622	0.1	-57.51226	-57.67748	0.1	-0.9763942	-0.215996	-0.9763947	-0.2159942	0.1	-0.2877226	0.9577138	-0.2883995	0.9575102	0.1	0.537119	-0.8435065	0.5346846	-0.8450517	0.1	41.82859	41.93298	0.1	11.58389	11.59834	0.1	31.01983	31.00422	0.1
103	6.273514	21.2769	-16.83595	-16.79556	0.1	-166.4414	-166.3769	0.1	108.0119	107.914	0.1	-58.72035	-58.64162	0.1	-0.9721307	-0.2344398	-0.971866	-0.2355343	0.1	-0.3092141	0.9509925	-0.3075891	0.9515193	0.1	0.5192156	-0.8546433	0.5203894	-0.853929	0.1	42.05323	41.89393	0.1	10.62921	10.80924	0.1	31.86931	32.0519	0.1
104	5.986263	22.23475	-16.33255	-16.38642	0.1	-164.622	-164.5806	0.1	110.359	110.4288	0.1	-59.12971	-59.37825	0.1	-0.9641972	-0.2651864	-0.9640053	-0.2658831	0.1	-0.3479019	0.9375309	-0.3490432	0.9371066	0.1	0.5130963	-0.858331	0.5093681	-0.8605487	0.1	42.30125	42.34302	0.1	9.684003	9.704738	0.1	32.72681	32.81905	0.1
105	5.712416	23.19651	-15.08335	-14.96319	0.1	-162.0782	-161.9342	0.1	113.9322	114.0798	0.1	-58.76706	-58.875	0.1	-0.9514773	-0.3077191	-0.9507012	-0.3101084	0.1	-0.4056553	0.9140261	-0.4080094	0.9129778	0.1	0.5185186	-0.8550664	0.5169069	-0.8560416	0.1	42.58468	42.58324	0.1	8.756382	8.80249	0.1	33.58519	33.74981	0.1
106	5.464407	24.16522	-13.16096	-13.30993	0.1	-158.8907	-158.8028	0.1	118.8973	118.9689	0.1	-57.72523	-57.80664	0.1	-0.932895	-0.3601484	-0.9323418	-0.3615783	0.1	-0.4832409	0.8754874	-0.4843353	0.8748825	0.1	0.53398	-0.8454971	0.5327781	-0.8462549	0.1	42.91483	43.00473	0.1	7.858665	7.882224	0.1	34.43767	34.5793	0.1
107	5.252474	25.14244	-10.77956	-10.77298	0.1	-155.2827	-155.3064	0.1	125.3472	125.4554	0.1	-56.23309	-56.20744	0.1	-0.9083819	-0.4181414	-0.9085549	-0.4177656	0.1	-0.5785299	0.8156612	-0.5800685	0.8145677	0.1	0.5558156	-0.8313056	0.5561876	-0.8310567	0.1	43.29987	43.20235	0.1	7.00881	7.077505	0.1	35.27864	35.13477	0.1
108	5.083282	26.12794	-8.159353	-8.236806	0.1	-151.4828	-151.4978	0.1	133.429	133.4909	0.1	-54.51866	-54.57291	0.1	-0.878674	-0.4774223	-0.8787993	-0.4771916	0.1	-0.6874549	0.7262271	-0.6882397	0.7254834	0.1	0.5804378	-0.8143046	0.5796665	-0.8148538	0.1	43.74364	43.74436	0.1	6.23212	6.31898	0.1	36.10418	36.15888	0.1
109	4.959192	27.12013	-5.648959	-5.717057	0.1	-147.8459	-147.7631	0.1	143.1722	143.3118	0.1	-52.93177	-53.00709	0.1	-0.8466198	-0.5321981	-0.8458496	-0.5334214	0.1	-0.8004403	0.5994124	-0.801899	0.5974597	0.1	0.6027657	-0.7979183	0.6017162	-0.79871	0.1	44.2453	44.38694	0.1	5.562694	5.688986	0.1	36.91265	36.93159	0.1
110	4.864279	28.31627	-3.053963	-3.022216	0.1	-143.971	-143.848	0.1	157.0972	157.0036	0.1	-51.4592	-51.44573	0.1	-0.808719	-0.5881952	-0.8074549	-0.5899293	0.1	-0.9211666	0.3891684	-0.9205297	0.3906726	0.1	0.6230717	-0.7821647	0.6232557	-0.7820182	0.1	44.91468	45.04623	0.1	4.958877	5.009166	0.1	37.86311	37.83693	0.1
111	4.825694	29.31546	-0.9082754	-0.8955678	0.1	-140.8185	-140.8377	0.1	170.6738	170.7628	0.1	-50.25441	-50.18193	0.1	-0.7751482	-0.6317794	-0.7753601	-0.6315193	0.1	-0.9867818	0.1620547	-0.9870322	0.1605223	0.1	0.6393797	-0.7688911	0.6403519	-0.7680817	0.1	45.5217	45.40887	0.1	4.67607	4.423628	0.1	38.6412	38.69379	0.1
112	4.826375	30.31539	1.542562	1.426962	0.1	-137.4187	-137.3761	0.1	-174.5574	-174.6185	0.1	-48.75142	-48.63567	0.1	-0.7363177	-0.676636	-0.7358143	-0.6771833	0.1	-0.9954917	-0.09484857	-0.9955923	-0.09378711	0.1	0.6593272	-0.7518561	0.6608447	-0.7505226	0.1	46.1725	46.22833	0.1	4.637113	4.534459	0.1	39.40475	39.51087	0.1
113	4.873225	31.31419	4.529435	4.705942	0.1	-133.5485	-133.5547	0.1	-159.7637	-159.7589	0.1	-46.7267	-46.68109	0.1	-0.6889685	-0.7247912	-0.6890465	-0.7247171	0.1	-0.9382741	-0.3458928	-0.9382453	-0.3459708	0.1	0.6854792	-0.7280923	0.6860585	-0.7275464	0.1	46.86918	46.74219	0.1	4.854496	4.732974	0.1	40.14889	40.16531	0.1
114	4.976852	32.30865	8.223041	8.156415	0.1	-129.0478	-129.0784	0.1	-145.9825	-146.0108	0.1	-44.01906	-43.79038	0.1	-0.6299691	-0.7766201	-0.6303827	-0.7762845	0.1	-0.8288672	-0.5594454	-0.8291429	-0.5590367	0.1	0.7191087	-0.6948977	0.7218764	-0.692022	0.1	47.61543	47.61197	0.1	5.305485	5.280943	0.1	40.86572	41.00626	0.1
115	5.149042	33.29348	12.57005	12.42855	0.1	-123.9829	-123.9678	0.1	-133.787	-133.8765	0.1	-40.69151	-40.77652	0.1	-0.5589457	-0.8292043	-0.5587268	-0.8293517	0.1	-0.6919797	-0.7219169	-0.6931066	-0.7208351	0.1	0.7582309	-0.6519861	0.7572628	-0.6531103	0.1	48.41396	48.36616	0.1	5.94475	5.811941	0.1	41.54547	41.41189	0.1
116	5.398682	34.26154	17.36102	17.38819	0.1	-118.5742	-118.5094	0.1	-123.2963	-123.2873	0.1	-36.95894	-36.82153	0.1	-0.4782965	-0.8781984	-0.4773033	-0.8787386	0.1	-0.5489696	-0.8358424	-0.5488382	-0.8359286	0.1	0.7990666	-0.6012425	0.8005062	-0.5993245	0.1	49.26377	49.25833	0.1	6.722126	6.81098	0.1	42.17912	42.11477	0.1
117	5.729997	35.20473	22.36624	22.2067	0.1	-113.058	-112.9752	0.1	-114.3693	-114.3393	0.1	-33.05154	-33.14469	0.1	-0.3916633	-0.9201086	-0.3903328	-0.9206738	0.1	-0.4126164	-0.9109049	-0.4121391	-0.911121	0.1	0.8381803	-0.5453932	0.8372925	-0.5467553	0.1	50.15981	50.02544	0.1	7.594085	7.608599	0.1	42.75987	42.90157	0.1
118	6.141935	36.11563	27.22029	27.18415	0.1	-107.8006	-107.8431	0.1	-106.9544	-106.9171	0.1	-29.33087	-29.45299	0.1	-0.3057049	-0.9521263	-0.306411	-0.9518993	0.1	-0.2916108	-0.9565371	-0.2909871	-0.956727	0.1	0.8718055	-0.4898522	0.8707594	-0.4917094	0.1	51.09382	51.01554	0.1	8.526869	8.488867	0.1	43.28447	43.121	0.1
119	6.62751	36.98953	31.75089	31.91732	0.1	-102.9674	-103.2064	0.1	-100.8505	-100.8969	0.1	-25.96164	-26.0339	0.1	-0.2243959	-0.9744981	-0.2284603	-0.9735532	0.1	-0.1882466	-0.9821218	-0.1890431	-0.9819688	0.1	0.8990874	-0.4377692	0.8985345	-0.4389028	0.1	52.05574	52.07233	0.1	9.495602	9.529202	0.1	43.75499	43.68967	0.1
120	7.178704	37.82365	35.95091	35.85795	0.1	-98.55641	-98.66763	0.1	-95.78209	-95.76627	0.1	-22.94397	-22.87764	0.1	-0.1487831	-0.9888698	-0.1507023	-0.9885792	0.1	-0.1007453	-0.9949123	-0.1004705	-0.99494	0.1	0.9208865	-0.3898308	0.9213372	-0.3887644	0.1	53.03663	53.04282	0.1	10.48388	10.56617	0.1	44.17511	44.07428	0.1
121	7.787687	38.6166	39.81795	39.68171	0.1	-94.56047	-94.68581	0.1	-91.54886	-91.57384	0.1	-20.27449	-20.3062	0.1	-0.07951123	-0.996834	-0.08169185	-0.9966576	0.1	-0.02702948	-0.9996346	-0.02746539	-0.9996228	0.1	0.9380433	-0.3465181	0.9378514	-0.3470372	0.1	54.02917	54.19038	0.1	11.48124	11.55947	0.1	44.54917	44.48554	0.1
122	8.447124	39.36815	43.41076	43.3033	0.1	-90.91112	-91.06004	0.1	-87.94788	-88.07629	0.1	-17.88986	-17.83236	0.1	-0.01590142	-0.9998736	-0.01850015	-0.9998289	0.1	0.03580849	-0.9993587	0.03356883	-0.9994364	0.1	0.9516488	-0.3071882	0.9519566	-0.306233	0.1	55.02756	55.1218	0.1	12.48108	12.37233	0.1	44.88182	44.80321	0.1
123	9.151733	40.07754	46.85113	46.78069	0.1	-87.4794	-87.37323	0.1	-84.76311	-84.70222	0.1	-15.66549	-15.60903	0.1	0.04397852	-0.9990325	0.04582965	-0.9989493	0.1	0.09127373	-0.9958258	0.09233187	-0.9957283	0.1	0.9628546	-0.2700205	0.9631202	-0.2690716	0.1	56.02738	56.00188	0.1	13.47925	13.3814	0.1	45.17587	45.25859	0.1
124	10.04922	40.8738	50.47992	50.67617	0.1	-83.93627	-83.78461	0.1	-81.6896	-81.61604	0.1	-13.50277	-13.45478	0.1	0.1056345	-0.994405	0.1082663	-0.9941219	0.1	0.1445358	-0.9894996	0.1458059	-0.9893132	0.1	0.9723586	-0.2334923	0.9725538	-0.2326778	0.1	57.22419	57.21255	0.1	14.67129	14.57383	0.1	45.48298	45.39137	0.1
125	10.83212	41.49582	53.05095	53.14723	0.1	-81.48716	-81.47147	0.1	-79.71381	-79.57418	0.1	-12.15575	-12.22514	0.1	0.148031	-0.9889827	0.1483018	-0.9889421	0.1	0.178565	-0.9839281	0.1809623	-0.98349	0.1	0.9775788	-0.2105698	0.9773231	-0.2117537	0.1	58.21653	58.23035	0.1	15.65873	15.66031	0.1	45.70898	45.66459	0.1
126	11.64119	42.0834	55.43351	55.30815	0.1	-79.26389	-79.19352	0.1	-78.00275	-77.98219	0.1	-10.99736	-11.12886	0.1	0.1862859	-0.9824956	0.1874924	-0.9822661	0.1	0.2078648	-0.9781576	0.2082156	-0.978083	0.1	0.981636	-0.1907637	0.9811956	-0.1930163	0.1	59.20305	59.19246	0.1	16.6406	16.65166	0.1	45.9136	45.81873	0.1
127	12.4733	42.63791	57.58516	57.62165	0.1	-77.30404	-77.33152	0.1	-76.57632	-76.62585	0.1	-10.06929	-10.07119	0.1	0.2197774	-0.9755501	0.2193094	-0.9756554	0.1	0.2321499	-0.97268	0.231309	-0.9728804	0.1	0.984597	-0.174839	0.9845912	-0.1748716	0.1	60.18283	60.21605	0.1	17.61677	17.66819	0.1	46.09963	46.02561	0.1
128	13.32445	43.16276	59.40619	59.30236	0.1	-75.70093	-75.65553	0.1	-75.51031	-75.41057	0.1	-9.470191	-9.518476	0.1	0.2469832	-0.9690198	0.247751	-0.9688237	0.1	0.2502058	-0.9681927	0.2518909	-0.9677557	0.1	0.9863713	-0.1645345	0.9862323	-0.1653656	0.1	61.1558	61.11608	0.1	18.58788	18.46338	0.1	46.272	46.23502	0.1
129	14.19072	43.66227	60.93137	61.03868	0.1	-74.41326	-74.47989	0.1	-74.74912	-74.80267	0.1	-9.164268	-9.144831	0.1	0.2686968	-0.9632248	0.2675765	-0.9635366	0.1	0.2630459	-0.9647833	0.2621441	-0.9650287	0.1	0.9872358	-0.1592655	0.9872897	-0.1589306	0.1	62.12257	62.01393	0.1	19.555	19.44318	0.1	46.43627	46.43061	0.1
130	15.06952	44.1394	62.312	62.30196	0.1	-73.28536	-73.2476	0.1	-74.12976	-74.15335	0.1	-8.999556	-9.158991	0.1	0.2876052	-0.9577491	0.2882363	-0.9575593	0.1	0.2734596	-0.9618835	0.2730635	-0.961996	0.1	0.9876896	-0.1564268	0.9872504	-0.1591746	0.1	63.08367	62.98208	0.1	20.5189	20.62668	0.1	46.5962	46.41356	0.1
131	15.95866	44.597	63.35901	63.3806	0.1	-72.50246	-72.44913	0.1	-73.83254	-73.7047	0.1	-9.164417	-9.055289	0.1	0.3006648	-0.9537299	0.3015524	-0.9534496	0.1	0.2784457	-0.960452	0.2805879	-0.9598284	0.1	0.9872354	-0.1592681	0.9875369	-0.1573875	0.1	64.03976	64.03966	0.1	21.48041	21.55363	0.1	46.75523	46.59516	0.1
132	16.85446	45.04146	63.85945	63.76571	0.1	-72.27078	-72.30147	0.1	-74.05381	-74.19177	0.1	-9.870459	-9.883145	0.1	0.3045188	-0.9525063	0.3040086	-0.9526693	0.1	0.2747344	-0.9615201	0.2724183	-0.9621789	0.1	0.9851978	-0.1714212	0.9851599	-0.1716393	0.1	64.99287	65.01965	0.1	22.4414	22.54508	0.1	46.92055	46.82849	0.1
133	17.75196	45.48247	63.64224	63.67155	0.1	-72.75217	-72.72346	0.1	-74.94245	-74.97759	0.1	-11.28603	-11.239	0.1	0.2965054	-0.9550312	0.2969837	-0.9548825	0.1	0.259789	-0.9656654	0.2591967	-0.9658245	0.1	0.9806624	-0.1957071	0.9808227	-0.1949021	0.1	65.94622	65.8384	0.1	23.40466	23.39123	0.1	47.10275	47.1524	0.1
134	18.64547	45.93148	62.68826	62.62819	0.1	-73.95547	-73.93154	0.1	-76.49435	-76.62404	0.1	-13.42626	-13.46579	0.1	0.2763843	-0.9610472	0.2767856	-0.9609317	0.1	0.2335412	-0.9723469	0.2313397	-0.972873	0.1	0.9726695	-0.2321938	0.9725091	-0.2328647	0.1	66.90353	67.00919	0.1	24.37309	24.20981	0.1	47.31412	47.27663	0.1
135	19.70389	46.49681	60.57271	60.50182	0.1	-76.33668	-76.20914	0.1	-79.20203	-79.07877	0.1	-16.94138	-16.90333	0.1	0.2362161	-0.9717005	0.2383784	-0.9711723	0.1	0.1873466	-0.9822939	0.1894593	-0.9818886	0.1	0.9566034	-0.2913931	0.9567967	-0.2907577	0.1	68.06196	67.9734	0.1	25.54499	25.53569	0.1	47.62314	47.63141	0.1
136	20.56636	47.00278	57.99813	57.98473	0.1	-79.09358	-79.03907	0.1	-82.14517	-82.10588	0.1	-20.65314	-20.50375	0.1	0.1892054	-0.9819375	0.1901395	-0.9817571	0.1	0.1366635	-0.9906175	0.1373429	-0.9905236	0.1	0.9357328	-0.3527097	0.9366493	-0.3502687	0.1	69.0378	69.0518	0.1	26.5308	26.4175	0.1	47.94012	48.02446	0.1
137	21.40236	47.55127	54.68494	54.6398	0.1	-82.54377	-82.46284	0.1	-85.69716	-85.83595	0.1	-25.06625	-25.10773	0.1	0.1297687	-0.9915443	0.1311692	-0.99136	0.1	0.07502814	-0.9971814	0.07261241	-0.9973602	0.1	0.9058185	-0.4236659	0.9055115	-0.4243217	0.1	70.02375	70.05656	0.1	27.5243	27.53374	0.1	48.32228	48.21303	0.1
138	22.20245	48.15084	50.75316	50.78304	0.1	-86.55881	-86.62875	0.1	-89.72603	-89.76025	0.1	-30.04821	-30.07052	0.1	0.060024	-0.998197	0.05880533	-0.9982695	0.1	0.004781661	-0.9999886	0.004184429	-0.9999912	0.1	0.8656044	-0.5007285	0.8654093	-0.5010656	0.1	71.0183	71.17855	0.1	28.52299	28.66136	0.1	48.77813	48.72504	0.1
139	22.9575	48.80616	46.42662	46.34899	0.1	-90.90942	-90.88096	0.1	-94.00402	-93.94292	0.1	-35.36255	-35.21699	0.1	-0.01587174	-0.9998741	-0.01537505	-0.9998818	0.1	-0.06982652	-0.9975591	-0.06876276	-0.997633	0.1	0.8155062	-0.5787483	0.8169739	-0.5766746	0.1	72.01762	71.81451	0.1	29.52246	29.48152	0.1	49.31164	49.29617	0.1
140	23.65987	49.51763	41.93618	41.82767	0.1	-95.36283	-95.25292	0.1	-98.30479	-98.30621	0.1	-40.76749	-40.91995	0.1	-0.09346252	-0.9956228	-0.09155243	-0.9958003	0.1	-0.1444389	-0.9895137	-0.1444636	-0.9895101	0.1	0.7573656	-0.6529911	0.7556254	-0.655004	0.1	73.01628	72.8884	0.1	30.51726	30.57663	0.1	49.92187	50.05103	0.1
141	24.30522	50.28122	37.66898	37.6801	0.1	-99.53441	-99.6104	0.1	-102.255	-102.2562	0.1	-45.86932	-45.68174	0.1	-0.16564	-0.9861863	-0.1669478	-0.9859657	0.1	-0.2122634	-0.9772125	-0.2122842	-0.977208	0.1	0.6962972	-0.7177536	0.6986434	-0.7154701	0.1	74.0085	73.93327	0.1	31.50221	31.20785	0.1	50.60269	50.56715	0.1
142	24.89387	51.08937	33.73598	33.70049	0.1	-103.3199	-103.1662	0.1	-105.7656	-105.8996	0.1	-50.55653	-50.43695	0.1	-0.2303875	-0.9730989	-0.227777	-0.9737133	0.1	-0.2717024	-0.9623813	-0.273952	-0.9617434	0.1	0.6353166	-0.7722518	0.636927	-0.7709242	0.1	74.98974	74.95824	0.1	32.47382	32.50877	0.1	51.34391	51.46007	0.1
143	25.42768	51.93478	30.13604	30.1917	0.1	-106.7273	-106.6202	0.1	-108.8579	-109.0073	0.1	-54.83263	-54.9205	0.1	-0.2878178	-0.9576852	-0.2860256	-0.958222	0.1	-0.323222	-0.9463232	-0.3256892	-0.9454769	0.1	0.5759668	-0.8174731	0.5747125	-0.8183554	0.1	75.95689	75.97116	0.1	33.43008	33.30708	0.1	52.13567	52.07066	0.1
144	25.90938	52.81097	26.86307	26.7812	0.1	-109.7694	-109.7077	0.1	-111.5555	-111.5948	0.1	-58.70777	-58.76996	0.1	-0.3382347	-0.9410618	-0.3372225	-0.941425	0.1	-0.3674023	-0.9300621	-0.3680399	-0.92981	0.1	0.5194032	-0.8545293	0.5184753	-0.8550926	0.1	76.9081	76.88918	0.1	34.37022	34.29292	0.1	52.96915	53.0658	0.1
145	26.34238	53.71224	23.92666	24.01683	0.1	-112.4424	-112.5255	0.1	-113.864	-113.9778	0.1	-62.1777	-62.22729	0.1	-0.3817539	-0.924264	-0.3830951	-0.9237089	0.1	-0.4045671	-0.9145083	-0.4063825	-0.913703	0.1	0.4667308	-0.8843994	0.4659651	-0.8848031	0.1	77.84259	77.82176	0.1	35.2944	35.28761	0.1	53.83663	53.92162	0.1
146	26.80355	54.81993	20.84452	20.82567	0.1	-115.1736	-115.1764	0.1	-116.142	-116.0624	0.1	-65.81844	-65.90564	0.1	-0.4253617	-0.9050235	-0.425407	-0.9050021	0.1	-0.4405971	-0.897705	-0.4393495	-0.8983162	0.1	0.4096294	-0.912252	0.4082406	-0.9128744	0.1	78.94218	79.07371	0.1	36.38376	36.40276	0.1	54.91304	54.90246	0.1
147	27.14453	55.75994	18.6437	18.51261	0.1	-117.0589	-117.0398	0.1	-117.6439	-117.6941	0.1	-68.42474	-68.42469	0.1	-0.4549062	-0.8905394	-0.4546089	-0.8906912	0.1	-0.4639743	-0.8858486	-0.4647505	-0.8854417	0.1	0.367723	-0.9299353	0.3677238	-0.929935	0.1	79.84151	79.84498	0.1	37.2771	37.5378	0.1	55.83301	55.86235	0.1
148	27.45138	56.71165	16.77408	16.92999	0.1	-118.5972	-118.6273	0.1	-118.7989	-118.7253	0.1	-70.65277	-70.45476	0.1	-0.4786482	-0.8780068	-0.4791107	-0.8777544	0.1	-0.4817375	-0.8763156	-0.4806116	-0.8769336	0.1	0.3312922	-0.9435282	0.334551	-0.9423776	0.1	80.72715	80.68866	0.1	38.15953	38.24062	0.1	56.76889	56.90334	0.1
149	27.72911	57.67228	15.21349	15.33119	0.1	-119.8147	-119.8879	0.1	-119.6379	-119.6	0.1	-72.5316	-72.46563	0.1	-0.4971968	-0.8676378	-0.4983041	-0.8670023	0.1	-0.4945168	-0.869168	-0.4939415	-0.8694952	0.1	0.3001797	-0.9538827	0.3012778	-0.9535364	0.1	81.60112	81.49062	0.1	39.03341	39.10322	0.1	57.71698	57.73425	0.1
150	27.98257	58.63961	13.94149	13.99153	0.1	-120.7357	-120.8061	0.1	-120.1883	-120.1465	0.1	-74.08808	-74.06532	0.1	-0.5110787	-0.8595339	-0.512134	-0.8589056	0.1	-0.502843	-0.8643777	-0.5022125	-0.8647442	0.1	0.2741592	-0.9616843	0.2745414	-0.9615753	0.1	82.46564	82.51884	0.1	39.9011	39.93136	0.1	58.6743	58.55109	0.1
151	28.21638	59.61187	12.94188	12.97282	0.1	-121.3796	-121.6737	0.1	-120.4722	-120.4688	0.1	-75.3443	-75.43307	0.1	-0.5207054	-0.8537365	-0.5250804	-0.8510526	0.1	-0.5071205	-0.8618752	-0.5070689	-0.8619055	0.1	0.25301	-0.9674637	0.2515107	-0.9678545	0.1	83.323	83.23412	0.1	40.76494	40.77923	0.1	59.63855	59.53926	0.1
152	28.43392	60.58791	11.96692	11.89997	0.1	-121.9963	-122.1453	0.1	-120.7414	-120.7361	0.1	-76.55244	-76.55518	0.1	-0.5298644	-0.8480824	-0.5320683	-0.8467014	0.1	-0.511164	-0.8594832	-0.5110849	-0.8595303	0.1	0.2325553	-0.9725832	0.2325088	-0.9725943	0.1	84.17493	84.15711	0.1	41.62661	41.64941	0.1	60.60815	60.61394	0.1
153	28.63326	61.56782	10.71893	10.5895	0.1	-122.8825	-123.0144	0.1	-121.2906	-121.2108	0.1	-78.00938	-78.04303	0.1	-0.5429187	-0.8397853	-0.5448502	-0.8385334	0.1	-0.5193784	-0.8545443	-0.5181889	-0.8552662	0.1	0.2077516	-0.9781816	0.207177	-0.9783035	0.1	85.02032	85.13026	0.1	42.48503	42.6004	0.1	61.58299	61.52687	0.1
154	28.8081	62.55238	8.984961	9.145832	0.1	-124.2479	-124.1097	0.1	-122.3251	-122.277	0.1	-79.92342	-79.90755	0.1	-0.5627745	-0.8266105	-0.5607788	-0.8279657	0.1	-0.5347225	-0.8450277	-0.5340133	-0.845476	0.1	0.1749642	-0.9845748	0.175237	-0.9845263	0.1	85.85565	85.75694	0.1	43.33683	43.37021	0.1	62.56374	62.69476	0.1
155	28.94962	63.54226	6.792521	6.544648	0.1	-126.0603	-126.0978	0.1	-123.8079	-123.8553	0.1	-82.26044	-82.30175	0.1	-0.5886359	-0.8083983	-0.589165	-0.8080127	0.1	-0.5564102	-0.8309078	-0.5570973	-0.8304473	0.1	0.1346703	-0.9908904	0.1339559	-0.9909873	0.1	86.6757	86.66999	0.1	44.17719	44.12412	0.1	63.55095	63.80935	0.1
156	29.05122	64.53701	4.364979	4.408957	0.1	-128.0935	-128.0036	0.1	-125.5094	-125.6959	0.1	-84.79277	-84.81993	0.1	-0.6169461	-0.7870054	-0.6157115	-0.7879717	0.1	-0.5808371	-0.8140199	-0.5834826	-0.8121257	0.1	0.09075815	-0.995873	0.09028612	-0.9959159	0.1	87.47613	87.43686	0.1	45.0022	45.09765	0.1	64.54398	64.51863	0.1
157	29.1107	65.53516	2.044113	1.910863	0.1	-130.0053	-129.8171	0.1	-127.0869	-127.1137	0.1	-87.17837	-87.09217	0.1	-0.6428587	-0.7659848	-0.6403396	-0.768092	0.1	-0.6030262	-0.7977214	-0.6033983	-0.7974399	0.1	0.04922684	-0.9987876	0.05072938	-0.9987124	0.1	88.25493	88.02326	0.1	45.81022	46.04306	0.1	65.5412	65.5858	0.1
158	29.13207	66.5349	0.05934703	0.05339176	0.1	-131.5675	-131.578	0.1	-128.3146	-128.2823	0.1	-89.19142	-89.09264	0.1	-0.6635018	-0.7481747	-0.6636389	-0.748053	0.1	-0.6199788	-0.7846186	-0.619536	-0.7849682	0.1	0.01411184	-0.9999004	0.01583577	-0.9998746	0.1	89.01401	88.99845	0.1	46.60325	46.3703	0.1	66.54056	66.35341	0.1
159	29.12115	67.53481	-1.589301	-1.421718	0.1	-132.7889	-132.7811	0.1	-129.2042	-128.9881	0.1	-90.84383	-90.76299	0.1	-0.6792987	-0.7338619	-0.6791986	-0.7339545	0.1	-0.6320862	-0.7748981	-0.6291583	-0.7772772	0.1	-0.0147271	-0.9998916	-0.01331628	-0.9999113	0.1	89.75668	89.81728	0.1	47.38454	47.27026	0.1	67.54052	67.56964	0.1
160	29.07348	68.73382	-3.207599	-3.190785	0.1	-133.8851	-133.9215	0.1	-129.9097	-129.8162	0.1	-92.4353	-92.37347	0.1	-0.6932145	-0.7207313	-0.6936718	-0.7202912	0.1	-0.6415789	-0.7670571	-0.6403273	-0.7681022	0.1	-0.0424912	-0.9990969	-0.04141295	-0.9991421	0.1	90.6312	90.50923	0.1	48.31135	48.39573	0.1	68.74006	68.64174	0.1
161	29.0077	69.73163	-4.67219	-4.897001	0.1	-134.9105	-135.0789	0.1	-130.6164	-130.6225	0.1	-93.85691	-93.67484	0.1	-0.7060012	-0.7082106	-0.7080797	-0.7061325	0.1	-0.650992	-0.7590846	-0.6510724	-0.7590156	0.1	-0.06726503	-0.9977351	-0.06409401	-0.9979439	0.1	91.34774	91.32355	0.1	49.07633	49.04717	0.1	69.73869	69.70271	0.1
162	28.91421	70.7272	-6.470963	-6.470464	0.1	-136.2645	-136.275	0.1	-131.6563	-131.7588	0.1	-95.59146	-95.53725	0.1	-0.7225394	-0.6913297	-0.7226655	-0.6911979	0.1	-0.6646601	-0.7471459	-0.6659957	-0.7459555	0.1	-0.09743459	-0.9952419	-0.09649301	-0.9953337	0.1	92.0501	92.0659	0.1	49.83183	49.82648	0.1	70.73553	70.62538	0.1
163	28.78769	71.71912	-8.486375	-8.577381	0.1	-137.8276	-137.8117	0.1	-132.907	-132.836	0.1	-97.51797	-97.43977	0.1	-0.7411286	-0.6713631	-0.7409419	-0.6715691	0.1	-0.6808098	-0.7324603	-0.6799024	-0.7333026	0.1	-0.1308373	-0.9914039	-0.1294838	-0.9915816	0.1	92.73416	92.87595	0.1	50.57411	50.55899	0.1	71.72936	71.72015	0.1
164	28.62678	72.70605	-10.35359	-10.4384	0.1	-139.2347	-139.3622	0.1	-134.0029	-134.1104	0.1	-99.27155	-99.22702	0.1	-0.7573906	-0.6529621	-0.7588416	-0.6512752	0.1	-0.6946943	-0.7193051	-0.6960425	-0.7180005	0.1	-0.1611138	-0.9869359	-0.1603467	-0.9870607	0.1	93.39844	93.41232	0.1	51.30193	51.34517	0.1	72.71902	72.54491	0.1
165	28.4361	73.68767	-11.88418	-11.95051	0.1	-140.2995	-140.4601	0.1	-134.7595	-134.7589	0.1	-100.6684	-100.658	0.1	-0.7693936	-0.6387751	-0.771181	-0.6366159	0.1	-0.7041323	-0.7100689	-0.7041248	-0.7100763	0.1	-0.1851241	-0.9827151	-0.1849464	-0.9827486	0.1	94.046	93.87885	0.1	52.01817	51.96608	0.1	73.70426	73.6228	0.1
166	28.22157	74.66437	-13.07699	-12.98424	0.1	-141.0233	-141.1406	0.1	-135.1804	-135.1738	0.1	-101.7125	-101.8076	0.1	-0.7774015	-0.6290047	-0.7786883	-0.6274111	0.1	-0.7093291	-0.7048774	-0.7092479	-0.7049591	0.1	-0.2030014	-0.9791784	-0.2046254	-0.9788404	0.1	94.68114	94.68111	0.1	52.72679	52.66653	0.1	74.68555	74.62581	0.1
167	27.98906	75.63696	-13.92958	-13.92396	0.1	-141.4061	-141.4273	0.1	-135.2675	-135.3532	0.1	-102.4066	-102.3677	0.1	-0.7815871	-0.6237962	-0.7818176	-0.6235073	0.1	-0.7104002	-0.703798	-0.7114518	-0.7027349	0.1	-0.2148486	-0.9766474	-0.2141848	-0.9767932	0.1	95.30834	95.38046	0.1	53.43186	53.31405	0.1	75.66368	75.8653	0.1
168	27.74435	76.60654	-14.45158	-14.49461	0.1	-141.4598	-141.4558	0.1	-135.0346	-135.1676	0.1	-102.765	-102.607	0.1	-0.7821712	-0.6230636	-0.7821279	-0.623118	0.1	-0.7075334	-0.7066799	-0.709172	-0.7050355	0.1	-0.2209533	-0.9752844	-0.2182624	-0.9758901	0.1	95.93212	96.01684	0.1	54.13743	54.1277	0.1	76.63975	76.66431	0.1
169	27.49304	77.57446	-14.6454	-14.83646	0.1	-141.1888	-141.1534	0.1	-134.4879	-134.3907	0.1	-102.7944	-102.9041	0.1	-0.7792152	-0.6267564	-0.7788279	-0.6272376	0.1	-0.7007586	-0.7133985	-0.6995471	-0.7145865	0.1	-0.2214537	-0.9751709	-0.2233197	-0.9747453	0.1	96.55695	96.43671	0.1	54.84741	54.74266	0.1	77.61495	77.53503	0.1
170	27.24023	78.54198	-14.64179	-14.55906	0.1	-140.7258	-140.8284	0.1	-133.7617	-133.8551	0.1	-102.6294	-102.5632	0.1	-0.7741254	-0.6330323	-0.7752577	-0.631645	0.1	-0.6916609	-0.7222224	-0.6928376	-0.7210937	0.1	-0.2186439	-0.9758047	-0.2175159	-0.9760568	0.1	97.18686	97.07004	0.1	55.56525	55.59299	0.1	78.59045	78.73932	0.1
171	26.98746	79.5095	-14.64179	-14.65987	0.1	-140.2724	-140.2957	0.1	-133.0577	-132.8613	0.1	-102.4719	-102.3376	0.1	-0.7690916	-0.6391385	-0.769352	-0.6388251	0.1	-0.6827347	-0.7306663	-0.6802263	-0.7330021	0.1	-0.2159616	-0.9764019	-0.2136717	-0.9769055	0.1	97.82296	97.81535	0.1	56.29173	56.23259	0.1	79.56655	79.39285	0.1
172	26.68417	80.67052	-14.63879	-14.4544	0.1	-139.7331	-139.8464	0.1	-132.2337	-132.3542	0.1	-102.2851	-102.3542	0.1	-0.7630416	-0.6463494	-0.7643182	-0.6448393	0.1	-0.6721561	-0.7404095	-0.6737116	-0.7389944	0.1	-0.2127759	-0.977101	-0.2139547	-0.9768436	0.1	98.59426	98.66734	0.1	57.17441	57.19122	0.1	80.73864	80.74033	0.1
173	26.43145	81.63806	-14.63519	-14.56484	0.1	-139.289	-139.3494	0.1	-131.5652	-131.4343	0.1	-102.1323	-102.1308	0.1	-0.7580088	-0.6522443	-0.7586966	-0.6514442	0.1	-0.6634716	-0.7482014	-0.6617608	-0.749715	0.1	-0.2101697	-0.9776649	-0.2101439	-0.9776704	0.1	99.24355	99.18285	0.1	57.91872	57.93961	0.1	81.71602	81.72696	0.1
